set2_id,DataVizRoles_Freelance,DataVizRoles_Employee,DataVizRoles_Hobbyist,DataVizRoles_Student,DataVizRoles_Academic,DataVizRoles_PassiveIncome,DataVizRoles_PreferNot,WorkSituRecent,WorkSituPreferred,RoleAsFreelance,RoleAsEmployee,OrgSector_,OrgSector_Public,OrgSector_Private,OrgSector_Nonprofit,OrgSector_Academia,OrgSector_Other__,OrgIndustry_,OrgIndustry_Finance,OrgIndustry_HealthMed,OrgIndustry_IT,OrgIndustry_Journalism,OrgIndustry_Marketing,OrgIndustry_ConsultantMulti,OrgIndustry_Other__,AcadArea,AcadDataVizUse_,AcadDataVizUse_ShareFindings,AcadDataVizUse_TeachDataViz,AcadDataVizUse_ResearchTopic,AcadDataVizUse_OtherTeaching,AcadDataVizUse_Other__,StudentTime,StudentDegreeLevel,StudentDataVizTaught,StudentDegreeArea__,HobbyTime,Hobby,HobbyEnjoyment,HobbyPortfolio,HobbyVolunteer,HobbyShareMessages,HobbyBuildSkills,EducLevel,EducUndergradArea_,EducUndergradArea_ArtsHumanities,EducUndergradArea_Business,EducUndergradArea_Education,EducUndergradArea_HealthMed,EducUndergradArea_PublicSocialServices,EducUndergradArea_ScienceMathTech,EducUndergradArea_SocialSciences,EducUndergradArea_TradesPersonalServices,EducUndergradArea_MultiInterdisc,EducUndergradArea_Other__,EducGradArea_,EducGradArea_ArtsHumanities,EducGradArea_Business,EducGradArea_Education,EducGradArea_HealthMed,EducGradArea_PublicSocialServices,EducGradArea_ScienceMathTech,EducGradArea_SocialSciences,EducGradArea_TradesPersonalServices,EducGradArea_MultiInterdisc,EducGradArea_Other__,DVSMembership
fnOJ,[^not chosen],x,x,[^not chosen],[^not chosen],[^not chosen],[^not chosen],Remote (fully or mostly),Remote (fully or mostly),[\unasked],Scientist,2,[^not chosen],x,x,[^not chosen],[^not chosen],1,[^not chosen],[^not chosen],[^not chosen],[^not chosen],[^not chosen],x,[^not chosen],[\unasked],0,[\unasked],[\unasked],[\unasked],[\unasked],[\unasked],[\unasked],[\unasked],[\unasked],[\unasked],5 hours or less,5,Rarely,Sometimes,Often,Sometimes,Sometimes,"Doctoral degree (e.g., PhD, EdD, PsyD)",1,[^not chosen],[^not chosen],[^not chosen],[^not chosen],[^not chosen],[^not chosen],x,[^not chosen],[^not chosen],[^not chosen],1,[^not chosen],[^not chosen],[^not chosen],[^not chosen],[^not chosen],[^not chosen],x,[^not chosen],[^not chosen],[^not chosen],Yes
NHXk,[^not chosen],x,[^not chosen],[^not chosen],[^not chosen],[^not chosen],[^not chosen],Remote (fully or mostly),Remote (fully or mostly),[\unasked],"Leadership (Manager, Director, VP, etc.)",1,[^not chosen],[^not chosen],x,[^not chosen],[^not chosen],1,[^not chosen],[^not chosen],[^not chosen],[^not chosen],[^not chosen],x,[^not chosen],[\unasked],0,[\unasked],[\unasked],[\unasked],[\unasked],[\unasked],[\unasked],[\unasked],[\unasked],[\unasked],[\unasked],0,[\unasked],[\unasked],[\unasked],[\unasked],[\unasked],Master’s (or similar graduate degree),1,x,[^not chosen],[^not chosen],[^not chosen],[^not chosen],[^not chosen],[^not chosen],[^not chosen],[^not chosen],[^not chosen],1,[^not chosen],[^not chosen],[^not chosen],[^not chosen],x,[^not chosen],[^not chosen],[^not chosen],[^not chosen],[^not chosen],No
sMVZ,[^not chosen],x,[^not chosen],[^not chosen],[^not chosen],[^not chosen],[^not chosen],Hybrid,Remote (fully or mostly),[\unasked],"Leadership (Manager, Director, VP, etc.)",1,[^not chosen],x,[^not chosen],[^not chosen],[^not chosen],1,x,[^not chosen],[^not chosen],[^not chosen],[^not chosen],[^not chosen],[^not chosen],[\unasked],0,[\unasked],[\unasked],[\unasked],[\unasked],[\unasked],[\unasked],[\unasked],[\unasked],[\unasked],[\unasked],0,[\unasked],[\unasked],[\unasked],[\unasked],[\unasked],Bachelor’s degree,1,[^not chosen],[^not chosen],[^not chosen],[^not chosen],[^not chosen],x,[^not chosen],[^not chosen],[^not chosen],[^not chosen],0,[^not chosen],[^not chosen],[^not chosen],[^not chosen],[^not chosen],[^not chosen],[^not chosen],[^not chosen],[^not chosen],[^not chosen],Yes
rIQE,[^not chosen],x,[^not chosen],[^not chosen],[^not chosen],[^not chosen],[^not chosen],Remote (fully or mostly),Remote (fully or mostly),[\unasked],Designer,1,[^not chosen],x,[^not chosen],[^not chosen],[^not chosen],1,[^not chosen],[^not chosen],[^not chosen],[^not chosen],[^not chosen],[^not chosen],Aerospace,[\unasked],0,[\unasked],[\unasked],[\unasked],[\unasked],[\unasked],[\unasked],[\unasked],[\unasked],[\unasked],[\unasked],0,[\unasked],[\unasked],[\unasked],[\unasked],[\unasked],Bachelor’s degree,1,x,[^not chosen],[^not chosen],[^not chosen],[^not chosen],[^not chosen],[^not chosen],[^not chosen],[^not chosen],[^not chosen],0,[^not chosen],[^not chosen],[^not chosen],[^not chosen],[^not chosen],[^not chosen],[^not chosen],[^not chosen],[^not chosen],[^not chosen],Yes
bYAh,x,x,[^not chosen],[^not chosen],[^not chosen],[^not chosen],[^not chosen],Remote (fully or mostly),Remote (fully or mostly),Designer,Developer,1,[^not chosen],x,[^not chosen],[^not chosen],[^not chosen],1,[^not chosen],[^not chosen],[^not chosen],[^not chosen],[^not chosen],x,[^not chosen],[\unasked],0,[\unasked],[\unasked],[\unasked],[\unasked],[\unasked],[\unasked],[\unasked],[\unasked],[\unasked],[\unasked],0,[\unasked],[\unasked],[\unasked],[\unasked],[\unasked],Bachelor’s degree,1,[^not chosen],[^not chosen],[^not chosen],[^not chosen],[^not chosen],x,[^not chosen],[^not chosen],[^not chosen],[^not chosen],0,[^not chosen],[^not chosen],[^not chosen],[^not chosen],[^not chosen],[^not chosen],[^not chosen],[^not chosen],[^not chosen],[^not chosen],No
cbNU,x,[^not chosen],[^not chosen],[^not chosen],[^not chosen],[^not chosen],[^not chosen],Remote (fully or mostly),Remote (fully or mostly),"Leadership (Manager, Director, VP, etc.)",[\unasked],0,[\unasked],[\unasked],[\unasked],[\unasked],[\unasked],0,[\unasked],[\unasked],[\unasked],[\unasked],[\unasked],[\unasked],[\unasked],[\unasked],0,[\unasked],[\unasked],[\unasked],[\unasked],[\unasked],[\unasked],[\unasked],[\unasked],[\unasked],[\unasked],0,[\unasked],[\unasked],[\unasked],[\unasked],[\unasked],Master’s (or similar graduate degree),1,[^not chosen],[^not chosen],[^not chosen],[^not chosen],[^not chosen],[^not chosen],x,[^not chosen],[^not chosen],[^not chosen],2,[^not chosen],[^not chosen],[^not chosen],[^not chosen],[^not chosen],[^not chosen],x,[^not chosen],[^not chosen],Political Science,No
nFFV,x,[^not chosen],[^not chosen],x,[^not chosen],[^not chosen],[^not chosen],Remote (fully or mostly),Remote (fully or mostly),"Leadership (Manager, Director, VP, etc.)",[\unasked],0,[\unasked],[\unasked],[\unasked],[\unasked],[\unasked],0,[\unasked],[\unasked],[\unasked],[\unasked],[\unasked],[\unasked],[\unasked],[\unasked],0,[\unasked],[\unasked],[\unasked],[\unasked],[\unasked],Full time,PhD/Doctorate,No,Evaluation,[\unasked],0,[\unasked],[\unasked],[\unasked],[\unasked],[\unasked],Master’s (or similar graduate degree),2,[^not chosen],[^not chosen],[^not chosen],[^not chosen],x,[^not chosen],x,[^not chosen],[^not chosen],[^not chosen],2,[^not chosen],[^not chosen],[^not chosen],[^not chosen],x,[^not chosen],[^not chosen],[^not chosen],x,[^not chosen],No
epBq,x,[^not chosen],[^not chosen],[^not chosen],[^not chosen],[^not chosen],[^not chosen],Remote (fully or mostly),Remote (fully or mostly),Teacher,[\unasked],0,[\unasked],[\unasked],[\unasked],[\unasked],[\unasked],0,[\unasked],[\unasked],[\unasked],[\unasked],[\unasked],[\unasked],[\unasked],[\unasked],0,[\unasked],[\unasked],[\unasked],[\unasked],[\unasked],[\unasked],[\unasked],[\unasked],[\unasked],[\unasked],0,[\unasked],[\unasked],[\unasked],[\unasked],[\unasked],Master’s (or similar graduate degree),1,x,[^not chosen],[^not chosen],[^not chosen],[^not chosen],[^not chosen],[^not chosen],[^not chosen],[^not chosen],[^not chosen],1,x,[^not chosen],[^not chosen],[^not chosen],[^not chosen],[^not chosen],[^not chosen],[^not chosen],[^not chosen],[^not chosen],Yes
dFMw,[^not chosen],x,[^not chosen],[^not chosen],[^not chosen],[^not chosen],[^not chosen],Hybrid,Remote (fully or mostly),[\unasked],"Leadership (Manager, Director, VP, etc.)",1,[^not chosen],[^not chosen],x,[^not chosen],[^not chosen],1,[^not chosen],[^not chosen],[^not chosen],[^not chosen],[^not chosen],[^not chosen],Regulatory organization,[\unasked],0,[\unasked],[\unasked],[\unasked],[\unasked],[\unasked],[\unasked],[\unasked],[\unasked],[\unasked],[\unasked],0,[\unasked],[\unasked],[\unasked],[\unasked],[\unasked],Master’s (or similar graduate degree),1,[^not chosen],[^not chosen],[^not chosen],[^not chosen],[^not chosen],x,[^not chosen],[^not chosen],[^not chosen],[^not chosen],1,[^not chosen],[^not chosen],[^not chosen],x,[^not chosen],[^not chosen],[^not chosen],[^not chosen],[^not chosen],[^not chosen],No
QtBW,[^not chosen],x,[^not chosen],[^not chosen],[^not chosen],[^not chosen],[^not chosen],Remote (fully or mostly),Remote (fully or mostly),[\unasked],Analyst,1,[^not chosen],[^not chosen],x,[^not chosen],[^not chosen],2,[^not chosen],x,[^not chosen],[^not chosen],[^not chosen],[^not chosen],Public health,[\unasked],0,[\unasked],[\unasked],[\unasked],[\unasked],[\unasked],[\unasked],[\unasked],[\unasked],[\unasked],[\unasked],0,[\unasked],[\unasked],[\unasked],[\unasked],[\unasked],Master’s (or similar graduate degree),2,x,[^not chosen],[^not chosen],[^not chosen],[^not chosen],[^not chosen],x,[^not chosen],[^not chosen],[^not chosen],1,[^not chosen],[^not chosen],[^not chosen],[^not chosen],x,[^not chosen],[^not chosen],[^not chosen],[^not chosen],[^not chosen],Yes
BBjn,x,[^not chosen],[^not chosen],[^not chosen],x,[^not chosen],[^not chosen],Remote (fully or mostly),Remote (fully or mostly),Designer,[\unasked],0,[\unasked],[\unasked],[\unasked],[\unasked],[\unasked],0,[\unasked],[\unasked],[\unasked],[\unasked],[\unasked],[\unasked],[\unasked],Social Sciences,2,x,x,[^not chosen],[^not chosen],[^not chosen],[\unasked],[\unasked],[\unasked],[\unasked],[\unasked],0,[\unasked],[\unasked],[\unasked],[\unasked],[\unasked],Master’s (or similar graduate degree),1,[^not chosen],[^not chosen],[^not chosen],[^not chosen],[^not chosen],[^not chosen],x,[^not chosen],[^not chosen],[^not chosen],1,[^not chosen],[^not chosen],[^not chosen],[^not chosen],[^not chosen],[^not chosen],x,[^not chosen],[^not chosen],[^not chosen],Yes
sOWP,[^not chosen],x,[^not chosen],[^not chosen],[^not chosen],[^not chosen],[^not chosen],Remote (fully or mostly),Remote (fully or mostly),[\unasked],None of these describes my role,2,[^not chosen],x,x,[^not chosen],[^not chosen],1,[^not chosen],x,[^not chosen],[^not chosen],[^not chosen],[^not chosen],[^not chosen],[\unasked],0,[\unasked],[\unasked],[\unasked],[\unasked],[\unasked],[\unasked],[\unasked],[\unasked],[\unasked],[\unasked],0,[\unasked],[\unasked],[\unasked],[\unasked],[\unasked],Bachelor’s degree,1,[^not chosen],x,[^not chosen],[^not chosen],[^not chosen],[^not chosen],[^not chosen],[^not chosen],[^not chosen],[^not chosen],0,[^not chosen],[^not chosen],[^not chosen],[^not chosen],[^not chosen],[^not chosen],[^not chosen],[^not chosen],[^not chosen],[^not chosen],No
qQBW,x,x,[^not chosen],[^not chosen],x,[^not chosen],[^not chosen],Remote (fully or mostly),Remote (fully or mostly),Teacher,Analyst,1,[^not chosen],x,[^not chosen],[^not chosen],[^not chosen],1,[^not chosen],[^not chosen],[^not chosen],[^not chosen],[^not chosen],[^not chosen],Mobile Gaming,"Science, Math, and Technology",2,[^not chosen],x,[^not chosen],x,[^not chosen],[\unasked],[\unasked],[\unasked],[\unasked],[\unasked],0,[\unasked],[\unasked],[\unasked],[\unasked],[\unasked],Bachelor’s degree,1,[^not chosen],x,[^not chosen],[^not chosen],[^not chosen],[^not chosen],[^not chosen],[^not chosen],[^not chosen],[^not chosen],0,[^not chosen],[^not chosen],[^not chosen],[^not chosen],[^not chosen],[^not chosen],[^not chosen],[^not chosen],[^not chosen],[^not chosen],Yes
nXdQ,[^not chosen],x,[^not chosen],[^not chosen],[^not chosen],[^not chosen],[^not chosen],Remote (fully or mostly),Remote (fully or mostly),[\unasked],Journalist,1,[^not chosen],x,[^not chosen],[^not chosen],[^not chosen],4,[^not chosen],[^not chosen],x,x,x,x,[^not chosen],[\unasked],0,[\unasked],[\unasked],[\unasked],[\unasked],[\unasked],[\unasked],[\unasked],[\unasked],[\unasked],[\unasked],0,[\unasked],[\unasked],[\unasked],[\unasked],[\unasked],Some college,1,[^not chosen],[^not chosen],[^not chosen],[^not chosen],[^not chosen],[^not chosen],[^not chosen],[^not chosen],[^not chosen],Journalism,0,[^not chosen],[^not chosen],[^not chosen],[^not chosen],[^not chosen],[^not chosen],[^not chosen],[^not chosen],[^not chosen],[^not chosen],Yes
yqPx,[^not chosen],x,[^not chosen],[^not chosen],[^not chosen],[^not chosen],[^not chosen],Hybrid,Remote (fully or mostly),[\unasked],Analyst,1,x,[^not chosen],[^not chosen],[^not chosen],[^not chosen],1,[^not chosen],[^not chosen],[^not chosen],[^not chosen],[^not chosen],[^not chosen],Local government,[\unasked],0,[\unasked],[\unasked],[\unasked],[\unasked],[\unasked],[\unasked],[\unasked],[\unasked],[\unasked],[\unasked],0,[\unasked],[\unasked],[\unasked],[\unasked],[\unasked],Master’s (or similar graduate degree),1,[^not chosen],[^not chosen],[^not chosen],[^not chosen],[^not chosen],x,[^not chosen],[^not chosen],[^not chosen],[^not chosen],1,[^not chosen],[^not chosen],[^not chosen],[^not chosen],[^not chosen],x,[^not chosen],[^not chosen],[^not chosen],[^not chosen],Yes
JxlM,[^not chosen],x,[^not chosen],[^not chosen],[^not chosen],[^not chosen],[^not chosen],Hybrid,Remote (fully or mostly),[\unasked],Analyst,1,[^not chosen],x,[^not chosen],[^not chosen],[^not chosen],1,[^not chosen],[^not chosen],[^not chosen],[^not chosen],[^not chosen],[^not chosen],Media,[\unasked],0,[\unasked],[\unasked],[\unasked],[\unasked],[\unasked],[\unasked],[\unasked],[\unasked],[\unasked],[\unasked],0,[\unasked],[\unasked],[\unasked],[\unasked],[\unasked],Bachelor’s degree,1,x,[^not chosen],[^not chosen],[^not chosen],[^not chosen],[^not chosen],[^not chosen],[^not chosen],[^not chosen],[^not chosen],0,[^not chosen],[^not chosen],[^not chosen],[^not chosen],[^not chosen],[^not chosen],[^not chosen],[^not chosen],[^not chosen],[^not chosen],I don’t know
EovZ,[^not chosen],x,[^not chosen],[^not chosen],[^not chosen],[^not chosen],[^not chosen],Hybrid,Remote (fully or mostly),[\unasked],Analyst,1,[^not chosen],[^not chosen],[^not chosen],x,[^not chosen],1,[^not chosen],[^not chosen],[^not chosen],[^not chosen],[^not chosen],x,[^not chosen],[\unasked],0,[\unasked],[\unasked],[\unasked],[\unasked],[\unasked],[\unasked],[\unasked],[\unasked],[\unasked],[\unasked],0,[\unasked],[\unasked],[\unasked],[\unasked],[\unasked],Master’s (or similar graduate degree),1,[^not chosen],[^not chosen],[^not chosen],[^not chosen],x,[^not chosen],[^not chosen],[^not chosen],[^not chosen],[^not chosen],1,[^not chosen],[^not chosen],[^not chosen],[^not chosen],x,[^not chosen],[^not chosen],[^not chosen],[^not chosen],[^not chosen],No
bEcc,[^not chosen],x,[^not chosen],x,[^not chosen],[^not chosen],[^not chosen],Hybrid,Remote (fully or mostly),[\unasked],Analyst,1,[^not chosen],[^not chosen],[^not chosen],x,[^not chosen],1,[^not chosen],[^not chosen],[^not chosen],[^not chosen],[^not chosen],[^not chosen],Non-profit program evaluation,[\unasked],0,[\unasked],[\unasked],[\unasked],[\unasked],[\unasked],Part time,Graduate/Master’s,"Yes, in a required course",Biostatistics,[\unasked],0,[\unasked],[\unasked],[\unasked],[\unasked],[\unasked],Bachelor’s degree,1,[^not chosen],[^not chosen],[^not chosen],[^not chosen],[^not chosen],[^not chosen],x,[^not chosen],[^not chosen],[^not chosen],0,[^not chosen],[^not chosen],[^not chosen],[^not chosen],[^not chosen],[^not chosen],[^not chosen],[^not chosen],[^not chosen],[^not chosen],No
qQyr,[^not chosen],x,[^not chosen],[^not chosen],[^not chosen],x,[^not chosen],Remote (fully or mostly),Remote (fully or mostly),[\unasked],"Leadership (Manager, Director, VP, etc.)",1,[^not chosen],x,[^not chosen],[^not chosen],[^not chosen],1,[^not chosen],[^not chosen],x,[^not chosen],[^not chosen],[^not chosen],[^not chosen],[\unasked],0,[\unasked],[\unasked],[\unasked],[\unasked],[\unasked],[\unasked],[\unasked],[\unasked],[\unasked],[\unasked],0,[\unasked],[\unasked],[\unasked],[\unasked],[\unasked],Master’s (or similar graduate degree),1,[^not chosen],x,[^not chosen],[^not chosen],[^not chosen],[^not chosen],[^not chosen],[^not chosen],[^not chosen],[^not chosen],1,[^not chosen],x,[^not chosen],[^not chosen],[^not chosen],[^not chosen],[^not chosen],[^not chosen],[^not chosen],[^not chosen],No
BvnE,[^not chosen],x,[^not chosen],[^not chosen],[^not chosen],[^not chosen],[^not chosen],Remote (fully or mostly),Remote (fully or mostly),[\unasked],Scientist,1,[^not chosen],x,[^not chosen],[^not chosen],[^not chosen],1,[^not chosen],[^not chosen],[^not chosen],[^not chosen],[^not chosen],[^not chosen],Gaming,[\unasked],0,[\unasked],[\unasked],[\unasked],[\unasked],[\unasked],[\unasked],[\unasked],[\unasked],[\unasked],[\unasked],0,[\unasked],[\unasked],[\unasked],[\unasked],[\unasked],Master’s (or similar graduate degree),1,[^not chosen],[^not chosen],[^not chosen],[^not chosen],[^not chosen],x,[^not chosen],[^not chosen],[^not chosen],[^not chosen],1,[^not chosen],[^not chosen],[^not chosen],[^not chosen],[^not chosen],x,[^not chosen],[^not chosen],[^not chosen],[^not chosen],No
gCth,x,[^not chosen],[^not chosen],x,x,[^not chosen],[^not chosen],Hybrid,Remote (fully or mostly),Analyst,[\unasked],0,[\unasked],[\unasked],[\unasked],[\unasked],[\unasked],0,[\unasked],[\unasked],[\unasked],[\unasked],[\unasked],[\unasked],[\unasked],Multi-/Interdisciplinary Studies,1,x,[^not chosen],[^not chosen],[^not chosen],[^not chosen],Full time,Graduate/Master’s,"Yes, in a required course",Business Analytics,[\unasked],0,[\unasked],[\unasked],[\unasked],[\unasked],[\unasked],Bachelor’s degree,1,x,[^not chosen],[^not chosen],[^not chosen],[^not chosen],[^not chosen],[^not chosen],[^not chosen],[^not chosen],[^not chosen],0,[^not chosen],[^not chosen],[^not chosen],[^not chosen],[^not chosen],[^not chosen],[^not chosen],[^not chosen],[^not chosen],[^not chosen],No
kwSp,x,[^not chosen],[^not chosen],[^not chosen],[^not chosen],[^not chosen],[^not chosen],Remote (fully or mostly),Remote (fully or mostly),Journalist,[\unasked],0,[\unasked],[\unasked],[\unasked],[\unasked],[\unasked],0,[\unasked],[\unasked],[\unasked],[\unasked],[\unasked],[\unasked],[\unasked],[\unasked],0,[\unasked],[\unasked],[\unasked],[\unasked],[\unasked],[\unasked],[\unasked],[\unasked],[\unasked],[\unasked],0,[\unasked],[\unasked],[\unasked],[\unasked],[\unasked],Master’s (or similar graduate degree),2,x,[^not chosen],[^not chosen],[^not chosen],[^not chosen],[^not chosen],x,[^not chosen],[^not chosen],[^not chosen],1,[^not chosen],x,[^not chosen],[^not chosen],[^not chosen],[^not chosen],[^not chosen],[^not chosen],[^not chosen],[^not chosen],No
kbPO,x,x,[^not chosen],[^not chosen],[^not chosen],[^not chosen],[^not chosen],Remote (fully or mostly),Remote (fully or mostly),Developer,"Leadership (Manager, Director, VP, etc.)",1,[^not chosen],x,[^not chosen],[^not chosen],[^not chosen],1,[^not chosen],[^not chosen],[^not chosen],[^not chosen],[^not chosen],[^not chosen],Energy Industry,[\unasked],0,[\unasked],[\unasked],[\unasked],[\unasked],[\unasked],[\unasked],[\unasked],[\unasked],[\unasked],[\unasked],0,[\unasked],[\unasked],[\unasked],[\unasked],[\unasked],Master’s (or similar graduate degree),2,[^not chosen],x,[^not chosen],[^not chosen],[^not chosen],x,[^not chosen],[^not chosen],[^not chosen],[^not chosen],2,[^not chosen],x,[^not chosen],[^not chosen],[^not chosen],x,[^not chosen],[^not chosen],[^not chosen],[^not chosen],No
EzAi,[^not chosen],x,[^not chosen],[^not chosen],[^not chosen],[^not chosen],[^not chosen],Remote (fully or mostly),Remote (fully or mostly),[\unasked],Analyst,1,[^not chosen],x,[^not chosen],[^not chosen],[^not chosen],2,[^not chosen],[^not chosen],x,[^not chosen],[^not chosen],[^not chosen],AdTech,[\unasked],0,[\unasked],[\unasked],[\unasked],[\unasked],[\unasked],[\unasked],[\unasked],[\unasked],[\unasked],[\unasked],0,[\unasked],[\unasked],[\unasked],[\unasked],[\unasked],Some college,0,[^not chosen],[^not chosen],[^not chosen],[^not chosen],[^not chosen],[^not chosen],[^not chosen],[^not chosen],[^not chosen],[^not chosen],0,[^not chosen],[^not chosen],[^not chosen],[^not chosen],[^not chosen],[^not chosen],[^not chosen],[^not chosen],[^not chosen],[^not chosen],No
OUXL,[^not chosen],x,[^not chosen],[^not chosen],[^not chosen],[^not chosen],[^not chosen],Remote (fully or mostly),Remote (fully or mostly),[\unasked],"Leadership (Manager, Director, VP, etc.)",4,x,x,x,x,[^not chosen],4,x,x,[^not chosen],x,x,[^not chosen],[^not chosen],[\unasked],0,[\unasked],[\unasked],[\unasked],[\unasked],[\unasked],[\unasked],[\unasked],[\unasked],[\unasked],[\unasked],0,[\unasked],[\unasked],[\unasked],[\unasked],[\unasked],Master’s (or similar graduate degree),2,[^not chosen],[^not chosen],[^not chosen],[^not chosen],[^not chosen],x,[^not chosen],[^not chosen],[^not chosen],Architecture,2,[^not chosen],[^not chosen],[^not chosen],[^not chosen],[^not chosen],x,[^not chosen],[^not chosen],[^not chosen],Data Visualization,Yes
CNnY,[^not chosen],[^not chosen],[^not chosen],[^not chosen],x,[^not chosen],[^not chosen],Hybrid,Remote (fully or mostly),[\unasked],[\unasked],0,[\unasked],[\unasked],[\unasked],[\unasked],[\unasked],0,[\unasked],[\unasked],[\unasked],[\unasked],[\unasked],[\unasked],[\unasked],Business,1,[^not chosen],x,[^not chosen],[^not chosen],[^not chosen],[\unasked],[\unasked],[\unasked],[\unasked],[\unasked],0,[\unasked],[\unasked],[\unasked],[\unasked],[\unasked],Bachelor’s degree,1,[^not chosen],[^not chosen],[^not chosen],[^not chosen],[^not chosen],x,[^not chosen],[^not chosen],[^not chosen],[^not chosen],0,[^not chosen],[^not chosen],[^not chosen],[^not chosen],[^not chosen],[^not chosen],[^not chosen],[^not chosen],[^not chosen],[^not chosen],I don’t know
wvbi,x,x,x,[^not chosen],x,[^not chosen],[^not chosen],Remote (fully or mostly),Remote (fully or mostly),None of these describes my role,None of these describes my role,1,x,[^not chosen],[^not chosen],[^not chosen],[^not chosen],1,x,[^not chosen],[^not chosen],[^not chosen],[^not chosen],[^not chosen],[^not chosen],Business,3,x,[^not chosen],x,x,[^not chosen],[\unasked],[\unasked],[\unasked],[\unasked],5 hours or less,5,Often,Often,Sometimes,Sometimes,Often,"Doctoral degree (e.g., PhD, EdD, PsyD)",2,[^not chosen],[^not chosen],[^not chosen],[^not chosen],[^not chosen],x,x,[^not chosen],[^not chosen],[^not chosen],1,[^not chosen],[^not chosen],[^not chosen],[^not chosen],[^not chosen],[^not chosen],x,[^not chosen],[^not chosen],[^not chosen],No
VXvV,[^not chosen],x,[^not chosen],[^not chosen],[^not chosen],[^not chosen],[^not chosen],Remote (fully or mostly),Remote (fully or mostly),[\unasked],"Leadership (Manager, Director, VP, etc.)",1,[^not chosen],x,[^not chosen],[^not chosen],[^not chosen],1,[^not chosen],[^not chosen],[^not chosen],x,[^not chosen],[^not chosen],[^not chosen],[\unasked],0,[\unasked],[\unasked],[\unasked],[\unasked],[\unasked],[\unasked],[\unasked],[\unasked],[\unasked],[\unasked],0,[\unasked],[\unasked],[\unasked],[\unasked],[\unasked],Bachelor’s degree,1,x,[^not chosen],[^not chosen],[^not chosen],[^not chosen],[^not chosen],[^not chosen],[^not chosen],[^not chosen],[^not chosen],0,[^not chosen],[^not chosen],[^not chosen],[^not chosen],[^not chosen],[^not chosen],[^not chosen],[^not chosen],[^not chosen],[^not chosen],No
ycOA,[^not chosen],x,[^not chosen],[^not chosen],[^not chosen],[^not chosen],[^not chosen],Remote (fully or mostly),Remote (fully or mostly),[\unasked],Analyst,1,[^not chosen],x,[^not chosen],[^not chosen],[^not chosen],5,x,x,x,[^not chosen],x,x,[^not chosen],[\unasked],0,[\unasked],[\unasked],[\unasked],[\unasked],[\unasked],[\unasked],[\unasked],[\unasked],[\unasked],[\unasked],0,[\unasked],[\unasked],[\unasked],[\unasked],[\unasked],Master’s (or similar graduate degree),1,[^not chosen],x,[^not chosen],[^not chosen],[^not chosen],[^not chosen],[^not chosen],[^not chosen],[^not chosen],[^not chosen],1,[^not chosen],x,[^not chosen],[^not chosen],[^not chosen],[^not chosen],[^not chosen],[^not chosen],[^not chosen],[^not chosen],No
SQuU,[^not chosen],x,[^not chosen],[^not chosen],x,[^not chosen],[^not chosen],Remote (fully or mostly),Remote (fully or mostly),[\unasked],Analyst,2,x,[^not chosen],[^not chosen],x,[^not chosen],1,[^not chosen],x,[^not chosen],[^not chosen],[^not chosen],[^not chosen],[^not chosen],Health and Medicine,3,x,x,x,[^not chosen],[^not chosen],[\unasked],[\unasked],[\unasked],[\unasked],[\unasked],0,[\unasked],[\unasked],[\unasked],[\unasked],[\unasked],"Doctoral degree (e.g., PhD, EdD, PsyD)",1,[^not chosen],[^not chosen],[^not chosen],[^not chosen],[^not chosen],x,[^not chosen],[^not chosen],[^not chosen],[^not chosen],1,[^not chosen],[^not chosen],[^not chosen],x,[^not chosen],[^not chosen],[^not chosen],[^not chosen],[^not chosen],[^not chosen],I don’t know
oNEe,[^not chosen],x,[^not chosen],[^not chosen],[^not chosen],[^not chosen],[^not chosen],Remote (fully or mostly),Remote (fully or mostly),"Leadership (Manager, Director, VP, etc.)","Leadership (Manager, Director, VP, etc.)",3,x,x,x,[^not chosen],[^not chosen],1,[^not chosen],[^not chosen],[^not chosen],[^not chosen],[^not chosen],x,[^not chosen],[\unasked],0,[\unasked],[\unasked],[\unasked],[\unasked],[\unasked],[\unasked],[\unasked],[\unasked],[\unasked],[\unasked],0,[\unasked],[\unasked],[\unasked],[\unasked],[\unasked],Some college,0,[^not chosen],[^not chosen],[^not chosen],[^not chosen],[^not chosen],[^not chosen],[^not chosen],[^not chosen],[^not chosen],[^not chosen],0,[^not chosen],[^not chosen],[^not chosen],[^not chosen],[^not chosen],[^not chosen],[^not chosen],[^not chosen],[^not chosen],[^not chosen],Yes
ckas,[^not chosen],x,[^not chosen],[^not chosen],x,[^not chosen],[^not chosen],Remote (fully or mostly),Remote (fully or mostly),[\unasked],Journalist,1,[^not chosen],x,[^not chosen],[^not chosen],[^not chosen],1,[^not chosen],[^not chosen],[^not chosen],x,[^not chosen],[^not chosen],[^not chosen],Social Sciences,1,[^not chosen],x,[^not chosen],[^not chosen],[^not chosen],[\unasked],[\unasked],[\unasked],[\unasked],[\unasked],0,[\unasked],[\unasked],[\unasked],[\unasked],[\unasked],Master’s (or similar graduate degree),1,[^not chosen],[^not chosen],[^not chosen],[^not chosen],[^not chosen],[^not chosen],x,[^not chosen],[^not chosen],[^not chosen],1,[^not chosen],[^not chosen],[^not chosen],[^not chosen],[^not chosen],[^not chosen],x,[^not chosen],[^not chosen],[^not chosen],[^not answered]
wUlT,[^not chosen],x,[^not chosen],[^not chosen],[^not chosen],[^not chosen],[^not chosen],Hybrid,Remote (fully or mostly),[\unasked],"Leadership (Manager, Director, VP, etc.)",1,[^not chosen],x,[^not chosen],[^not chosen],[^not chosen],3,x,[^not chosen],x,[^not chosen],[^not chosen],x,[^not chosen],[\unasked],0,[\unasked],[\unasked],[\unasked],[\unasked],[\unasked],[\unasked],[\unasked],[\unasked],[\unasked],[\unasked],0,[\unasked],[\unasked],[\unasked],[\unasked],[\unasked],Bachelor’s degree,1,[^not chosen],[^not chosen],[^not chosen],x,[^not chosen],[^not chosen],[^not chosen],[^not chosen],[^not chosen],[^not chosen],0,[^not chosen],[^not chosen],[^not chosen],[^not chosen],[^not chosen],[^not chosen],[^not chosen],[^not chosen],[^not chosen],[^not chosen],Yes
kOYd,[^not chosen],x,[^not chosen],[^not chosen],[^not chosen],[^not chosen],[^not chosen],Remote (fully or mostly),Remote (fully or mostly),[\unasked],Scientist,1,[^not chosen],x,[^not chosen],[^not chosen],[^not chosen],1,[^not chosen],[^not chosen],[^not chosen],[^not chosen],[^not chosen],x,[^not chosen],[\unasked],0,[\unasked],[\unasked],[\unasked],[\unasked],[\unasked],[\unasked],[\unasked],[\unasked],[\unasked],[\unasked],0,[\unasked],[\unasked],[\unasked],[\unasked],[\unasked],"Doctoral degree (e.g., PhD, EdD, PsyD)",1,[^not chosen],[^not chosen],[^not chosen],[^not chosen],[^not chosen],x,[^not chosen],[^not chosen],[^not chosen],[^not chosen],1,[^not chosen],[^not chosen],[^not chosen],[^not chosen],[^not chosen],x,[^not chosen],[^not chosen],[^not chosen],[^not chosen],Yes
ZHno,[^not chosen],x,[^not chosen],[^not chosen],[^not chosen],[^not chosen],[^not chosen],Remote (fully or mostly),Remote (fully or mostly),[\unasked],None of these describes my role,1,[^not chosen],[^not chosen],x,[^not chosen],[^not chosen],1,[^not chosen],[^not chosen],[^not chosen],[^not chosen],[^not chosen],[^not chosen],Mental health,[\unasked],0,[\unasked],[\unasked],[\unasked],[\unasked],[\unasked],[\unasked],[\unasked],[\unasked],[\unasked],[\unasked],0,[\unasked],[\unasked],[\unasked],[\unasked],[\unasked],Bachelor’s degree,1,[^not chosen],[^not chosen],[^not chosen],[^not chosen],[^not chosen],[^not chosen],x,[^not chosen],[^not chosen],[^not chosen],0,[^not chosen],[^not chosen],[^not chosen],[^not chosen],[^not chosen],[^not chosen],[^not chosen],[^not chosen],[^not chosen],[^not chosen],I don’t know
XKdw,[^not chosen],x,[^not chosen],[^not chosen],[^not chosen],[^not chosen],[^not chosen],Remote (fully or mostly),Remote (fully or mostly),[\unasked],Designer,3,x,x,x,[^not chosen],[^not chosen],1,[^not chosen],[^not chosen],[^not chosen],[^not chosen],[^not chosen],x,[^not chosen],[\unasked],0,[\unasked],[\unasked],[\unasked],[\unasked],[\unasked],[\unasked],[\unasked],[\unasked],[\unasked],[\unasked],0,[\unasked],[\unasked],[\unasked],[\unasked],[\unasked],Master’s (or similar graduate degree),1,[^not chosen],x,[^not chosen],[^not chosen],[^not chosen],[^not chosen],[^not chosen],[^not chosen],[^not chosen],[^not chosen],2,[^not chosen],x,[^not chosen],[^not chosen],[^not chosen],x,[^not chosen],[^not chosen],[^not chosen],[^not chosen],Yes
MfcH,[^not chosen],[^not chosen],[^not chosen],x,[^not chosen],[^not chosen],[^not chosen],[^not answered],Remote (fully or mostly),[\unasked],[\unasked],0,[\unasked],[\unasked],[\unasked],[\unasked],[\unasked],0,[\unasked],[\unasked],[\unasked],[\unasked],[\unasked],[\unasked],[\unasked],[\unasked],0,[\unasked],[\unasked],[\unasked],[\unasked],[\unasked],Part time,Graduate/Master’s,"Yes, in a required course",MPS Data visualization and analysis,[\unasked],0,[\unasked],[\unasked],[\unasked],[\unasked],[\unasked],Bachelor’s degree,1,x,[^not chosen],[^not chosen],[^not chosen],[^not chosen],[^not chosen],[^not chosen],[^not chosen],[^not chosen],[^not chosen],0,[^not chosen],[^not chosen],[^not chosen],[^not chosen],[^not chosen],[^not chosen],[^not chosen],[^not chosen],[^not chosen],[^not chosen],Yes
KFkH,x,x,[^not chosen],[^not chosen],[^not chosen],[^not chosen],[^not chosen],Remote (fully or mostly),Remote (fully or mostly),Analyst,Analyst,1,[^not chosen],x,[^not chosen],[^not chosen],[^not chosen],1,[^not chosen],[^not chosen],[^not chosen],[^not chosen],[^not chosen],[^not chosen],CPG,[\unasked],0,[\unasked],[\unasked],[\unasked],[\unasked],[\unasked],[\unasked],[\unasked],[\unasked],[\unasked],[\unasked],0,[\unasked],[\unasked],[\unasked],[\unasked],[\unasked],Bachelor’s degree,1,[^not chosen],[^not chosen],[^not chosen],[^not chosen],[^not chosen],[^not chosen],x,[^not chosen],[^not chosen],[^not chosen],0,[^not chosen],[^not chosen],[^not chosen],[^not chosen],[^not chosen],[^not chosen],[^not chosen],[^not chosen],[^not chosen],[^not chosen],Yes
pRrc,[^not chosen],x,[^not chosen],[^not chosen],[^not chosen],[^not chosen],[^not chosen],Remote (fully or mostly),Remote (fully or mostly),[\unasked],Analyst,1,[^not chosen],[^not chosen],x,[^not chosen],[^not chosen],1,[^not chosen],[^not chosen],[^not chosen],[^not chosen],[^not chosen],[^not chosen],Policy; Advocacy; Research,[\unasked],0,[\unasked],[\unasked],[\unasked],[\unasked],[\unasked],[\unasked],[\unasked],[\unasked],[\unasked],[\unasked],0,[\unasked],[\unasked],[\unasked],[\unasked],[\unasked],[\unfinished],0,[\unfinished],[\unfinished],[\unfinished],[\unfinished],[\unfinished],[\unfinished],[\unfinished],[\unfinished],[\unfinished],[\unfinished],0,[\unfinished],[\unfinished],[\unfinished],[\unfinished],[\unfinished],[\unfinished],[\unfinished],[\unfinished],[\unfinished],[\unfinished],[\unfinished]
LlHX,x,[^not chosen],[^not chosen],[^not chosen],[^not chosen],[^not chosen],[^not chosen],Remote (fully or mostly),Remote (fully or mostly),None of these describes my role,[\unasked],0,[\unasked],[\unasked],[\unasked],[\unasked],[\unasked],0,[\unasked],[\unasked],[\unasked],[\unasked],[\unasked],[\unasked],[\unasked],[\unasked],0,[\unasked],[\unasked],[\unasked],[\unasked],[\unasked],[\unasked],[\unasked],[\unasked],[\unasked],[\unasked],0,[\unasked],[\unasked],[\unasked],[\unasked],[\unasked],Master’s (or similar graduate degree),1,[^not chosen],[^not chosen],[^not chosen],[^not chosen],[^not chosen],x,[^not chosen],[^not chosen],[^not chosen],[^not chosen],1,[^not chosen],[^not chosen],x,[^not chosen],[^not chosen],[^not chosen],[^not chosen],[^not chosen],[^not chosen],[^not chosen],No
vbZE,[^not chosen],x,[^not chosen],[^not chosen],[^not chosen],[^not chosen],[^not chosen],Hybrid,Remote (fully or mostly),[\unasked],Cartographer,1,[^not chosen],x,[^not chosen],[^not chosen],[^not chosen],1,[^not chosen],[^not chosen],x,[^not chosen],[^not chosen],[^not chosen],[^not chosen],[\unasked],0,[\unasked],[\unasked],[\unasked],[\unasked],[\unasked],[\unasked],[\unasked],[\unasked],[\unasked],[\unasked],0,[\unasked],[\unasked],[\unasked],[\unasked],[\unasked],Master’s (or similar graduate degree),2,[^not chosen],[^not chosen],[^not chosen],[^not chosen],[^not chosen],x,x,[^not chosen],[^not chosen],[^not chosen],2,[^not chosen],[^not chosen],[^not chosen],[^not chosen],[^not chosen],x,x,[^not chosen],[^not chosen],[^not chosen],No
TlQj,[^not chosen],x,[^not chosen],[^not chosen],x,[^not chosen],[^not chosen],Remote (fully or mostly),Remote (fully or mostly),[\unasked],Designer,1,[^not chosen],x,[^not chosen],[^not chosen],[^not chosen],2,[^not chosen],[^not chosen],[^not chosen],[^not chosen],[^not chosen],x,Data intelligence,Arts and Humanities,1,[^not chosen],[^not chosen],x,[^not chosen],[^not chosen],[\unasked],[\unasked],[\unasked],[\unasked],[\unasked],0,[\unasked],[\unasked],[\unasked],[\unasked],[\unasked],Master’s (or similar graduate degree),2,x,[^not chosen],[^not chosen],[^not chosen],[^not chosen],[^not chosen],[^not chosen],[^not chosen],x,[^not chosen],2,[^not chosen],[^not chosen],[^not chosen],[^not chosen],[^not chosen],[^not chosen],[^not chosen],[^not chosen],x,Data Visualization and Analytics,Yes
NVjk,[^not chosen],x,[^not chosen],[^not chosen],[^not chosen],[^not chosen],[^not chosen],Hybrid,Remote (fully or mostly),[\unasked],Developer,1,[^not chosen],[^not chosen],x,[^not chosen],[^not chosen],1,[^not chosen],[^not chosen],[^not chosen],[^not chosen],[^not chosen],[^not chosen],Research,[\unasked],0,[\unasked],[\unasked],[\unasked],[\unasked],[\unasked],[\unasked],[\unasked],[\unasked],[\unasked],[\unasked],0,[\unasked],[\unasked],[\unasked],[\unasked],[\unasked],Some college,0,[^not chosen],[^not chosen],[^not chosen],[^not chosen],[^not chosen],[^not chosen],[^not chosen],[^not chosen],[^not chosen],[^not chosen],0,[^not chosen],[^not chosen],[^not chosen],[^not chosen],[^not chosen],[^not chosen],[^not chosen],[^not chosen],[^not chosen],[^not chosen],Yes
dHKt,[^not chosen],[^not chosen],[^not chosen],[^not chosen],x,[^not chosen],[^not chosen],Hybrid,Remote (fully or mostly),[\unasked],[\unasked],0,[\unasked],[\unasked],[\unasked],[\unasked],[\unasked],0,[\unasked],[\unasked],[\unasked],[\unasked],[\unasked],[\unasked],[\unasked],"Science, Math, and Technology",1,[^not chosen],x,[^not chosen],[^not chosen],[^not chosen],[\unasked],[\unasked],[\unasked],[\unasked],[\unasked],0,[\unasked],[\unasked],[\unasked],[\unasked],[\unasked],"Doctoral degree (e.g., PhD, EdD, PsyD)",1,[^not chosen],[^not chosen],x,[^not chosen],[^not chosen],[^not chosen],[^not chosen],[^not chosen],[^not chosen],[^not chosen],1,[^not chosen],[^not chosen],[^not chosen],[^not chosen],[^not chosen],x,[^not chosen],[^not chosen],[^not chosen],[^not chosen],Yes
KUBX,[^not chosen],x,[^not chosen],[^not chosen],[^not chosen],[^not chosen],[^not chosen],On site (fully or mostly),Remote (fully or mostly),[\unasked],Analyst,1,x,[^not chosen],[^not chosen],[^not chosen],[^not chosen],2,[^not chosen],[^not chosen],[^not chosen],[^not chosen],[^not chosen],x,Higher Education,[\unasked],0,[\unasked],[\unasked],[\unasked],[\unasked],[\unasked],[\unasked],[\unasked],[\unasked],[\unasked],[\unasked],0,[\unasked],[\unasked],[\unasked],[\unasked],[\unasked],"Doctoral degree (e.g., PhD, EdD, PsyD)",1,[^not chosen],[^not chosen],[^not chosen],[^not chosen],[^not chosen],[^not chosen],x,[^not chosen],[^not chosen],[^not chosen],1,[^not chosen],[^not chosen],x,[^not chosen],[^not chosen],[^not chosen],[^not chosen],[^not chosen],[^not chosen],[^not chosen],Yes
qqBf,[^not chosen],x,[^not chosen],[^not chosen],[^not chosen],[^not chosen],[^not chosen],Hybrid,Remote (fully or mostly),[\unasked],Analyst,1,[^not chosen],x,[^not chosen],[^not chosen],[^not chosen],1,[^not chosen],[^not chosen],[^not chosen],[^not chosen],[^not chosen],[^not chosen],Biotech,[\unasked],0,[\unasked],[\unasked],[\unasked],[\unasked],[\unasked],[\unasked],[\unasked],[\unasked],[\unasked],[\unasked],0,[\unasked],[\unasked],[\unasked],[\unasked],[\unasked],Bachelor’s degree,1,[^not chosen],[^not chosen],[^not chosen],[^not chosen],[^not chosen],x,[^not chosen],[^not chosen],[^not chosen],[^not chosen],0,[^not chosen],[^not chosen],[^not chosen],[^not chosen],[^not chosen],[^not chosen],[^not chosen],[^not chosen],[^not chosen],[^not chosen],Yes
pFoI,x,x,x,[^not chosen],[^not chosen],[^not chosen],[^not chosen],Remote (fully or mostly),Remote (fully or mostly),Developer,Developer,1,[^not chosen],x,[^not chosen],[^not chosen],[^not chosen],2,[^not chosen],[^not chosen],x,[^not chosen],[^not chosen],x,[^not chosen],[\unasked],0,[\unasked],[\unasked],[\unasked],[\unasked],[\unasked],[\unasked],[\unasked],[\unasked],[\unasked],6–10 hours,3,Often,Often,Never,Never,Rarely,High school diploma,0,[^not chosen],[^not chosen],[^not chosen],[^not chosen],[^not chosen],[^not chosen],[^not chosen],[^not chosen],[^not chosen],[^not chosen],0,[^not chosen],[^not chosen],[^not chosen],[^not chosen],[^not chosen],[^not chosen],[^not chosen],[^not chosen],[^not chosen],[^not chosen],I don’t know
OkIh,x,[^not chosen],[^not chosen],x,[^not chosen],[^not chosen],[^not chosen],Remote (fully or mostly),Remote (fully or mostly),Developer,[\unasked],0,[\unasked],[\unasked],[\unasked],[\unasked],[\unasked],0,[\unasked],[\unasked],[\unasked],[\unasked],[\unasked],[\unasked],[\unasked],[\unasked],0,[\unasked],[\unasked],[\unasked],[\unasked],[\unasked],Part time,Graduate/Master’s,"Yes, in an elective course",Master's in Computer Sciencce,[\unasked],0,[\unasked],[\unasked],[\unasked],[\unasked],[\unasked],Master’s (or similar graduate degree),2,[^not chosen],x,[^not chosen],[^not chosen],[^not chosen],x,[^not chosen],[^not chosen],[^not chosen],[^not chosen],1,[^not chosen],[^not chosen],[^not chosen],[^not chosen],[^not chosen],x,[^not chosen],[^not chosen],[^not chosen],[^not chosen],Yes
YOxc,x,x,x,[^not chosen],[^not chosen],[^not chosen],[^not chosen],Hybrid,Remote (fully or mostly),Analyst,Analyst,1,[^not chosen],[^not chosen],[^not chosen],x,[^not chosen],1,[^not chosen],[^not chosen],[^not chosen],[^not chosen],[^not chosen],[^not chosen],Higher Education,[\unasked],0,[\unasked],[\unasked],[\unasked],[\unasked],[\unasked],[\unasked],[\unasked],[\unasked],[\unasked],5 hours or less,5,Sometimes,Often,Often,Often,Often,Master’s (or similar graduate degree),1,x,[^not chosen],[^not chosen],[^not chosen],[^not chosen],[^not chosen],[^not chosen],[^not chosen],[^not chosen],[^not chosen],1,[^not chosen],[^not chosen],[^not chosen],[^not chosen],[^not chosen],x,[^not chosen],[^not chosen],[^not chosen],[^not chosen],Yes
ixsV,x,x,[^not chosen],[^not chosen],[^not chosen],[^not chosen],[^not chosen],Remote (fully or mostly),Remote (fully or mostly),Analyst,Analyst,1,[^not chosen],x,[^not chosen],[^not chosen],[^not chosen],2,[^not chosen],[^not chosen],x,[^not chosen],[^not chosen],x,[^not chosen],[\unasked],0,[\unasked],[\unasked],[\unasked],[\unasked],[\unasked],[\unasked],[\unasked],[\unasked],[\unasked],[\unasked],0,[\unasked],[\unasked],[\unasked],[\unasked],[\unasked],Master’s (or similar graduate degree),2,[^not chosen],x,[^not chosen],[^not chosen],[^not chosen],[^not chosen],x,[^not chosen],[^not chosen],[^not chosen],2,[^not chosen],x,[^not chosen],[^not chosen],[^not chosen],[^not chosen],x,[^not chosen],[^not chosen],[^not chosen],Yes
bEaL,[^not chosen],x,[^not chosen],[^not chosen],[^not chosen],[^not chosen],[^not chosen],Hybrid,Remote (fully or mostly),[\unasked],Developer,1,[^not chosen],x,[^not chosen],[^not chosen],[^not chosen],1,x,[^not chosen],[^not chosen],[^not chosen],[^not chosen],[^not chosen],[^not chosen],[\unasked],0,[\unasked],[\unasked],[\unasked],[\unasked],[\unasked],[\unasked],[\unasked],[\unasked],[\unasked],[\unasked],0,[\unasked],[\unasked],[\unasked],[\unasked],[\unasked],Bachelor’s degree,1,[^not chosen],x,[^not chosen],[^not chosen],[^not chosen],[^not chosen],[^not chosen],[^not chosen],[^not chosen],[^not chosen],0,[^not chosen],[^not chosen],[^not chosen],[^not chosen],[^not chosen],[^not chosen],[^not chosen],[^not chosen],[^not chosen],[^not chosen],Yes
VhLy,[^not chosen],x,x,[^not chosen],[^not chosen],[^not chosen],[^not chosen],Remote (fully or mostly),Remote (fully or mostly),[\unasked],Developer,1,[^not chosen],x,[^not chosen],[^not chosen],[^not chosen],1,[^not chosen],[^not chosen],x,[^not chosen],[^not chosen],[^not chosen],[^not chosen],[\unasked],0,[\unasked],[\unasked],[\unasked],[\unasked],[\unasked],[\unasked],[\unasked],[\unasked],[\unasked],5 hours or less,5,Sometimes,Sometimes,Rarely,Sometimes,Often,Master’s (or similar graduate degree),1,[^not chosen],[^not chosen],[^not chosen],[^not chosen],[^not chosen],x,[^not chosen],[^not chosen],[^not chosen],[^not chosen],1,[^not chosen],x,[^not chosen],[^not chosen],[^not chosen],[^not chosen],[^not chosen],[^not chosen],[^not chosen],[^not chosen],Yes
UoNT,[^not chosen],x,x,[^not chosen],[^not chosen],[^not chosen],[^not chosen],On site (fully or mostly),Remote (fully or mostly),[\unasked],Scientist,1,x,[^not chosen],[^not chosen],[^not chosen],[^not chosen],1,[^not chosen],x,[^not chosen],[^not chosen],[^not chosen],[^not chosen],[^not chosen],[\unasked],0,[\unasked],[\unasked],[\unasked],[\unasked],[\unasked],[\unasked],[\unasked],[\unasked],[\unasked],6–10 hours,4,Often,Often,Never,Sometimes,Often,"Doctoral degree (e.g., PhD, EdD, PsyD)",1,[^not chosen],[^not chosen],[^not chosen],x,[^not chosen],[^not chosen],[^not chosen],[^not chosen],[^not chosen],[^not chosen],1,[^not chosen],[^not chosen],[^not chosen],x,[^not chosen],[^not chosen],[^not chosen],[^not chosen],[^not chosen],[^not chosen],Yes
ONsl,[^not chosen],x,[^not chosen],[^not chosen],[^not chosen],[^not chosen],[^not chosen],Remote (fully or mostly),Remote (fully or mostly),[\unasked],Developer,1,[^not chosen],x,[^not chosen],[^not chosen],[^not chosen],1,[^not chosen],[^not chosen],[^not chosen],[^not chosen],[^not chosen],[^not chosen],Trade,[\unasked],0,[\unasked],[\unasked],[\unasked],[\unasked],[\unasked],[\unasked],[\unasked],[\unasked],[\unasked],[\unasked],0,[\unasked],[\unasked],[\unasked],[\unasked],[\unasked],Master’s (or similar graduate degree),1,[^not chosen],[^not chosen],[^not chosen],[^not chosen],[^not chosen],[^not chosen],x,[^not chosen],[^not chosen],[^not chosen],1,[^not chosen],[^not chosen],[^not chosen],[^not chosen],[^not chosen],[^not chosen],x,[^not chosen],[^not chosen],[^not chosen],Yes
Tkmx,[^not chosen],x,[^not chosen],[^not chosen],[^not chosen],[^not chosen],[^not chosen],Hybrid,Remote (fully or mostly),[\unasked],Analyst,1,[^not chosen],x,[^not chosen],[^not chosen],[^not chosen],3,[^not chosen],[^not chosen],x,[^not chosen],x,x,[^not chosen],[\unasked],0,[\unasked],[\unasked],[\unasked],[\unasked],[\unasked],[\unasked],[\unasked],[\unasked],[\unasked],[\unasked],0,[\unasked],[\unasked],[\unasked],[\unasked],[\unasked],Master’s (or similar graduate degree),1,[^not chosen],x,[^not chosen],[^not chosen],[^not chosen],[^not chosen],[^not chosen],[^not chosen],[^not chosen],[^not chosen],1,[^not chosen],x,[^not chosen],[^not chosen],[^not chosen],[^not chosen],[^not chosen],[^not chosen],[^not chosen],[^not chosen],Yes
ESKB,[^not chosen],x,[^not chosen],[^not chosen],[^not chosen],[^not chosen],[^not chosen],On site (fully or mostly),Remote (fully or mostly),[\unasked],Designer,1,[^not chosen],[^not chosen],x,[^not chosen],[^not chosen],1,[^not chosen],[^not chosen],[^not chosen],[^not chosen],[^not chosen],x,[^not chosen],[\unasked],0,[\unasked],[\unasked],[\unasked],[\unasked],[\unasked],[\unasked],[\unasked],[\unasked],[\unasked],[\unasked],0,[\unasked],[\unasked],[\unasked],[\unasked],[\unasked],Master’s (or similar graduate degree),1,x,[^not chosen],[^not chosen],[^not chosen],[^not chosen],[^not chosen],[^not chosen],[^not chosen],[^not chosen],[^not chosen],1,[^not chosen],[^not chosen],[^not chosen],[^not chosen],[^not chosen],[^not chosen],[^not chosen],[^not chosen],x,[^not chosen],Yes
AIdK,[^not chosen],x,[^not chosen],x,x,[^not chosen],[^not chosen],Remote (fully or mostly),Remote (fully or mostly),[\unasked],"Leadership (Manager, Director, VP, etc.)",4,x,x,x,x,[^not chosen],1,[^not chosen],[^not chosen],[^not chosen],[^not chosen],[^not chosen],x,[^not chosen],Public and Social Services,2,x,[^not chosen],[^not chosen],x,[^not chosen],Full time,PhD/Doctorate,No,Family Science,[\unasked],0,[\unasked],[\unasked],[\unasked],[\unasked],[\unasked],Master’s (or similar graduate degree),1,[^not chosen],[^not chosen],[^not chosen],[^not chosen],[^not chosen],[^not chosen],x,[^not chosen],[^not chosen],[^not chosen],1,[^not chosen],[^not chosen],[^not chosen],[^not chosen],[^not chosen],[^not chosen],x,[^not chosen],[^not chosen],[^not chosen],No
pfsP,x,[^not chosen],[^not chosen],[^not chosen],[^not chosen],[^not chosen],[^not chosen],Remote (fully or mostly),Remote (fully or mostly),Analyst,[\unasked],0,[\unasked],[\unasked],[\unasked],[\unasked],[\unasked],0,[\unasked],[\unasked],[\unasked],[\unasked],[\unasked],[\unasked],[\unasked],[\unasked],0,[\unasked],[\unasked],[\unasked],[\unasked],[\unasked],[\unasked],[\unasked],[\unasked],[\unasked],[\unasked],0,[\unasked],[\unasked],[\unasked],[\unasked],[\unasked],Master’s (or similar graduate degree),1,[^not chosen],[^not chosen],[^not chosen],[^not chosen],[^not chosen],x,[^not chosen],[^not chosen],[^not chosen],[^not chosen],2,[^not chosen],[^not chosen],x,[^not chosen],[^not chosen],x,[^not chosen],[^not chosen],[^not chosen],[^not chosen],No
omzY,[^not chosen],x,[^not chosen],[^not chosen],[^not chosen],[^not chosen],[^not chosen],Remote (fully or mostly),Remote (fully or mostly),[\unasked],Designer,3,x,x,x,[^not chosen],[^not chosen],1,[^not chosen],[^not chosen],[^not chosen],[^not chosen],[^not chosen],x,[^not chosen],[\unasked],0,[\unasked],[\unasked],[\unasked],[\unasked],[\unasked],[\unasked],[\unasked],[\unasked],[\unasked],[\unasked],0,[\unasked],[\unasked],[\unasked],[\unasked],[\unasked],Bachelor’s degree,1,[^not chosen],[^not chosen],[^not chosen],[^not chosen],[^not chosen],x,[^not chosen],[^not chosen],[^not chosen],[^not chosen],0,[^not chosen],[^not chosen],[^not chosen],[^not chosen],[^not chosen],[^not chosen],[^not chosen],[^not chosen],[^not chosen],[^not chosen],Yes
RQIl,[^not chosen],x,[^not chosen],[^not chosen],[^not chosen],[^not chosen],[^not chosen],Hybrid,Remote (fully or mostly),[\unasked],"Leadership (Manager, Director, VP, etc.)",1,[^not chosen],x,[^not chosen],[^not chosen],[^not chosen],1,x,[^not chosen],[^not chosen],[^not chosen],[^not chosen],[^not chosen],[^not chosen],[\unasked],0,[\unasked],[\unasked],[\unasked],[\unasked],[\unasked],[\unasked],[\unasked],[\unasked],[\unasked],[\unasked],0,[\unasked],[\unasked],[\unasked],[\unasked],[\unasked],Bachelor’s degree,3,x,x,[^not chosen],[^not chosen],[^not chosen],[^not chosen],[^not chosen],[^not chosen],[^not chosen],Marketing and advertising,0,[^not chosen],[^not chosen],[^not chosen],[^not chosen],[^not chosen],[^not chosen],[^not chosen],[^not chosen],[^not chosen],[^not chosen],I don’t know
pLde,x,[^not chosen],[^not chosen],[^not chosen],[^not chosen],[^not chosen],[^not chosen],Remote (fully or mostly),Remote (fully or mostly),"Leadership (Manager, Director, VP, etc.)",[\unasked],0,[\unasked],[\unasked],[\unasked],[\unasked],[\unasked],0,[\unasked],[\unasked],[\unasked],[\unasked],[\unasked],[\unasked],[\unasked],[\unasked],0,[\unasked],[\unasked],[\unasked],[\unasked],[\unasked],[\unasked],[\unasked],[\unasked],[\unasked],[\unasked],0,[\unasked],[\unasked],[\unasked],[\unasked],[\unasked],Master’s (or similar graduate degree),2,[^not chosen],[^not chosen],[^not chosen],[^not chosen],[^not chosen],[^not chosen],x,[^not chosen],x,[^not chosen],2,[^not chosen],[^not chosen],[^not chosen],x,[^not chosen],[^not chosen],[^not chosen],[^not chosen],x,[^not chosen],No
SYsL,[^not chosen],x,[^not chosen],[^not chosen],[^not chosen],[^not chosen],[^not chosen],Remote (fully or mostly),Remote (fully or mostly),[\unasked],"Leadership (Manager, Director, VP, etc.)",1,[^not chosen],x,[^not chosen],[^not chosen],[^not chosen],1,[^not chosen],[^not chosen],x,[^not chosen],[^not chosen],[^not chosen],[^not chosen],[\unasked],0,[\unasked],[\unasked],[\unasked],[\unasked],[\unasked],[\unasked],[\unasked],[\unasked],[\unasked],[\unasked],0,[\unasked],[\unasked],[\unasked],[\unasked],[\unasked],Master’s (or similar graduate degree),1,x,[^not chosen],[^not chosen],[^not chosen],[^not chosen],[^not chosen],[^not chosen],[^not chosen],[^not chosen],[^not chosen],1,x,[^not chosen],[^not chosen],[^not chosen],[^not chosen],[^not chosen],[^not chosen],[^not chosen],[^not chosen],[^not chosen],I don’t know
BYEg,[^not chosen],x,[^not chosen],[^not chosen],[^not chosen],[^not chosen],[^not chosen],Remote (fully or mostly),Remote (fully or mostly),[\unasked],Designer,4,x,x,x,x,[^not chosen],2,[^not chosen],[^not chosen],[^not chosen],[^not chosen],x,x,[^not chosen],[\unasked],0,[\unasked],[\unasked],[\unasked],[\unasked],[\unasked],[\unasked],[\unasked],[\unasked],[\unasked],[\unasked],0,[\unasked],[\unasked],[\unasked],[\unasked],[\unasked],Bachelor’s degree,1,x,[^not chosen],[^not chosen],[^not chosen],[^not chosen],[^not chosen],[^not chosen],[^not chosen],[^not chosen],[^not chosen],0,[^not chosen],[^not chosen],[^not chosen],[^not chosen],[^not chosen],[^not chosen],[^not chosen],[^not chosen],[^not chosen],[^not chosen],Yes
uttq,[^not chosen],x,[^not chosen],[^not chosen],[^not chosen],[^not chosen],[^not chosen],Hybrid,Remote (fully or mostly),[\unasked],Journalist,2,x,[^not chosen],x,[^not chosen],[^not chosen],1,[^not chosen],[^not chosen],[^not chosen],x,[^not chosen],[^not chosen],[^not chosen],[\unasked],0,[\unasked],[\unasked],[\unasked],[\unasked],[\unasked],[\unasked],[\unasked],[\unasked],[\unasked],[\unasked],0,[\unasked],[\unasked],[\unasked],[\unasked],[\unasked],"Doctoral degree (e.g., PhD, EdD, PsyD)",1,[^not chosen],[^not chosen],[^not chosen],[^not chosen],[^not chosen],x,[^not chosen],[^not chosen],[^not chosen],[^not chosen],1,[^not chosen],[^not chosen],[^not chosen],[^not chosen],[^not chosen],x,[^not chosen],[^not chosen],[^not chosen],[^not chosen],No
qLZq,[^not chosen],x,[^not chosen],[^not chosen],[^not chosen],[^not chosen],[^not chosen],Remote (fully or mostly),Remote (fully or mostly),[\unasked],Analyst,1,[^not chosen],[^not chosen],x,[^not chosen],[^not chosen],1,[^not chosen],[^not chosen],[^not chosen],[^not chosen],[^not chosen],[^not chosen],Technology,[\unasked],0,[\unasked],[\unasked],[\unasked],[\unasked],[\unasked],[\unasked],[\unasked],[\unasked],[\unasked],[\unasked],0,[\unasked],[\unasked],[\unasked],[\unasked],[\unasked],Bachelor’s degree,1,[^not chosen],[^not chosen],[^not chosen],[^not chosen],[^not chosen],[^not chosen],x,[^not chosen],[^not chosen],[^not chosen],0,[^not chosen],[^not chosen],[^not chosen],[^not chosen],[^not chosen],[^not chosen],[^not chosen],[^not chosen],[^not chosen],[^not chosen],Yes
gHaf,[^not chosen],x,[^not chosen],x,[^not chosen],[^not chosen],[^not chosen],Remote (fully or mostly),Remote (fully or mostly),[\unasked],Analyst,1,[^not chosen],x,[^not chosen],[^not chosen],[^not chosen],0,[^not chosen],[^not chosen],[^not chosen],[^not chosen],[^not chosen],[^not chosen],[^not chosen],[\unasked],0,[\unasked],[\unasked],[\unasked],[\unasked],[\unasked],Part time,Graduate/Master’s,"Yes, in a required course",[^not answered],[\unasked],0,[\unasked],[\unasked],[\unasked],[\unasked],[\unasked],Bachelor’s degree,1,[^not chosen],[^not chosen],[^not chosen],[^not chosen],[^not chosen],[^not chosen],x,[^not chosen],[^not chosen],[^not chosen],0,[^not chosen],[^not chosen],[^not chosen],[^not chosen],[^not chosen],[^not chosen],[^not chosen],[^not chosen],[^not chosen],[^not chosen],Yes
xxZY,x,[^not chosen],[^not chosen],[^not chosen],[^not chosen],[^not chosen],[^not chosen],Remote (fully or mostly),Remote (fully or mostly),Journalist,[\unasked],0,[\unasked],[\unasked],[\unasked],[\unasked],[\unasked],0,[\unasked],[\unasked],[\unasked],[\unasked],[\unasked],[\unasked],[\unasked],[\unasked],0,[\unasked],[\unasked],[\unasked],[\unasked],[\unasked],[\unasked],[\unasked],[\unasked],[\unasked],[\unasked],0,[\unasked],[\unasked],[\unasked],[\unasked],[\unasked],Master’s (or similar graduate degree),1,x,[^not chosen],[^not chosen],[^not chosen],[^not chosen],[^not chosen],[^not chosen],[^not chosen],[^not chosen],[^not chosen],1,[^not chosen],[^not chosen],[^not chosen],[^not chosen],[^not chosen],[^not chosen],x,[^not chosen],[^not chosen],[^not chosen],Yes
GrYf,x,x,[^not chosen],[^not chosen],[^not chosen],[^not chosen],[^not chosen],Remote (fully or mostly),Remote (fully or mostly),Designer,Designer,2,[^not chosen],x,[^not chosen],x,[^not chosen],3,[^not chosen],[^not chosen],x,[^not chosen],x,x,[^not chosen],[\unasked],0,[\unasked],[\unasked],[\unasked],[\unasked],[\unasked],[\unasked],[\unasked],[\unasked],[\unasked],[\unasked],0,[\unasked],[\unasked],[\unasked],[\unasked],[\unasked],Bachelor’s degree,1,[^not chosen],[^not chosen],[^not chosen],[^not chosen],[^not chosen],[^not chosen],[^not chosen],[^not chosen],x,[^not chosen],0,[^not chosen],[^not chosen],[^not chosen],[^not chosen],[^not chosen],[^not chosen],[^not chosen],[^not chosen],[^not chosen],[^not chosen],No
BWss,x,[^not chosen],[^not chosen],[^not chosen],[^not chosen],[^not chosen],[^not chosen],Remote (fully or mostly),Remote (fully or mostly),None of these describes my role,[\unasked],0,[\unasked],[\unasked],[\unasked],[\unasked],[\unasked],0,[\unasked],[\unasked],[\unasked],[\unasked],[\unasked],[\unasked],[\unasked],[\unasked],0,[\unasked],[\unasked],[\unasked],[\unasked],[\unasked],[\unasked],[\unasked],[\unasked],[\unasked],[\unasked],0,[\unasked],[\unasked],[\unasked],[\unasked],[\unasked],Master’s (or similar graduate degree),1,x,[^not chosen],[^not chosen],[^not chosen],[^not chosen],[^not chosen],[^not chosen],[^not chosen],[^not chosen],[^not chosen],2,[^not chosen],[^not chosen],[^not chosen],x,x,[^not chosen],[^not chosen],[^not chosen],[^not chosen],[^not chosen],No
JFCb,x,[^not chosen],[^not chosen],[^not chosen],[^not chosen],[^not chosen],[^not chosen],Remote (fully or mostly),Remote (fully or mostly),None of these describes my role,[\unasked],0,[\unasked],[\unasked],[\unasked],[\unasked],[\unasked],0,[\unasked],[\unasked],[\unasked],[\unasked],[\unasked],[\unasked],[\unasked],[\unasked],0,[\unasked],[\unasked],[\unasked],[\unasked],[\unasked],[\unasked],[\unasked],[\unasked],[\unasked],[\unasked],0,[\unasked],[\unasked],[\unasked],[\unasked],[\unasked],"Doctoral degree (e.g., PhD, EdD, PsyD)",1,[^not chosen],[^not chosen],[^not chosen],[^not chosen],[^not chosen],[^not chosen],x,[^not chosen],[^not chosen],[^not chosen],1,[^not chosen],[^not chosen],[^not chosen],[^not chosen],[^not chosen],[^not chosen],x,[^not chosen],[^not chosen],[^not chosen],No
jmkG,[^not chosen],x,[^not chosen],[^not chosen],[^not chosen],[^not chosen],[^not chosen],Hybrid,Remote (fully or mostly),[\unasked],Scientist,1,x,[^not chosen],[^not chosen],[^not chosen],[^not chosen],1,[^not chosen],[^not chosen],[^not chosen],[^not chosen],[^not chosen],[^not chosen],Construction; environmental,[\unasked],0,[\unasked],[\unasked],[\unasked],[\unasked],[\unasked],[\unasked],[\unasked],[\unasked],[\unasked],[\unasked],0,[\unasked],[\unasked],[\unasked],[\unasked],[\unasked],Bachelor’s degree,1,[^not chosen],[^not chosen],[^not chosen],[^not chosen],[^not chosen],x,[^not chosen],[^not chosen],[^not chosen],[^not chosen],0,[^not chosen],[^not chosen],[^not chosen],[^not chosen],[^not chosen],[^not chosen],[^not chosen],[^not chosen],[^not chosen],[^not chosen],No
eMRp,[^not chosen],x,[^not chosen],[^not chosen],[^not chosen],[^not chosen],[^not chosen],Remote (fully or mostly),Remote (fully or mostly),[\unasked],Analyst,1,x,[^not chosen],[^not chosen],[^not chosen],[^not chosen],1,[^not chosen],[^not chosen],[^not chosen],[^not chosen],[^not chosen],[^not chosen],Public Health,[\unasked],0,[\unasked],[\unasked],[\unasked],[\unasked],[\unasked],[\unasked],[\unasked],[\unasked],[\unasked],[\unasked],0,[\unasked],[\unasked],[\unasked],[\unasked],[\unasked],Master’s (or similar graduate degree),0,[^not chosen],[^not chosen],[^not chosen],[^not chosen],[^not chosen],[^not chosen],[^not chosen],[^not chosen],[^not chosen],[^not chosen],1,[^not chosen],[^not chosen],[^not chosen],[^not chosen],[^not chosen],[^not chosen],[^not chosen],[^not chosen],[^not chosen],Public Health,[^not answered]
bDQO,[^not chosen],x,[^not chosen],[^not chosen],[^not chosen],[^not chosen],[^not chosen],Remote (fully or mostly),Remote (fully or mostly),[\unasked],"Leadership (Manager, Director, VP, etc.)",1,[^not chosen],x,[^not chosen],[^not chosen],[^not chosen],1,[^not chosen],x,[^not chosen],[^not chosen],[^not chosen],[^not chosen],[^not chosen],[\unasked],0,[\unasked],[\unasked],[\unasked],[\unasked],[\unasked],[\unasked],[\unasked],[\unasked],[\unasked],[\unasked],0,[\unasked],[\unasked],[\unasked],[\unasked],[\unasked],Some college,2,[^not chosen],x,[^not chosen],[^not chosen],[^not chosen],x,[^not chosen],[^not chosen],[^not chosen],[^not chosen],0,[^not chosen],[^not chosen],[^not chosen],[^not chosen],[^not chosen],[^not chosen],[^not chosen],[^not chosen],[^not chosen],[^not chosen],Yes
sibG,x,[^not chosen],[^not chosen],[^not chosen],[^not chosen],[^not chosen],[^not chosen],Remote (fully or mostly),Remote (fully or mostly),Analyst,[\unasked],0,[\unasked],[\unasked],[\unasked],[\unasked],[\unasked],0,[\unasked],[\unasked],[\unasked],[\unasked],[\unasked],[\unasked],[\unasked],[\unasked],0,[\unasked],[\unasked],[\unasked],[\unasked],[\unasked],[\unasked],[\unasked],[\unasked],[\unasked],[\unasked],0,[\unasked],[\unasked],[\unasked],[\unasked],[\unasked],"Doctoral degree (e.g., PhD, EdD, PsyD)",1,[^not chosen],[^not chosen],[^not chosen],[^not chosen],[^not chosen],x,[^not chosen],[^not chosen],[^not chosen],[^not chosen],1,[^not chosen],[^not chosen],[^not chosen],[^not chosen],[^not chosen],x,[^not chosen],[^not chosen],[^not chosen],[^not chosen],Yes
iVlR,[^not chosen],x,[^not chosen],[^not chosen],[^not chosen],[^not chosen],[^not chosen],Hybrid,Remote (fully or mostly),[\unasked],Analyst,1,x,[^not chosen],[^not chosen],[^not chosen],[^not chosen],1,[^not chosen],[^not chosen],[^not chosen],[^not chosen],[^not chosen],x,[^not chosen],[\unasked],0,[\unasked],[\unasked],[\unasked],[\unasked],[\unasked],[\unasked],[\unasked],[\unasked],[\unasked],[\unasked],0,[\unasked],[\unasked],[\unasked],[\unasked],[\unasked],Master’s (or similar graduate degree),1,[^not chosen],[^not chosen],[^not chosen],[^not chosen],[^not chosen],[^not chosen],x,[^not chosen],[^not chosen],[^not chosen],1,[^not chosen],[^not chosen],[^not chosen],[^not chosen],[^not chosen],[^not chosen],x,[^not chosen],[^not chosen],[^not chosen],Yes
nPuX,[^not chosen],x,[^not chosen],[^not chosen],[^not chosen],[^not chosen],[^not chosen],Remote (fully or mostly),Remote (fully or mostly),[\unasked],Analyst,1,[^not chosen],x,[^not chosen],[^not chosen],[^not chosen],1,[^not chosen],[^not chosen],[^not chosen],[^not chosen],x,[^not chosen],[^not chosen],[\unasked],0,[\unasked],[\unasked],[\unasked],[\unasked],[\unasked],[\unasked],[\unasked],[\unasked],[\unasked],[\unasked],0,[\unasked],[\unasked],[\unasked],[\unasked],[\unasked],Bachelor’s degree,1,x,[^not chosen],[^not chosen],[^not chosen],[^not chosen],[^not chosen],[^not chosen],[^not chosen],[^not chosen],[^not chosen],0,[^not chosen],[^not chosen],[^not chosen],[^not chosen],[^not chosen],[^not chosen],[^not chosen],[^not chosen],[^not chosen],[^not chosen],No
cJSe,[^not chosen],x,[^not chosen],[^not chosen],[^not chosen],[^not chosen],[^not chosen],Remote (fully or mostly),Remote (fully or mostly),[\unasked],Analyst,4,x,x,x,[^not chosen],Charitable foundations,1,[^not chosen],[^not chosen],[^not chosen],[^not chosen],[^not chosen],x,[^not chosen],[\unasked],0,[\unasked],[\unasked],[\unasked],[\unasked],[\unasked],[\unasked],[\unasked],[\unasked],[\unasked],[\unasked],0,[\unasked],[\unasked],[\unasked],[\unasked],[\unasked],Master’s (or similar graduate degree),1,x,[^not chosen],[^not chosen],[^not chosen],[^not chosen],[^not chosen],[^not chosen],[^not chosen],[^not chosen],[^not chosen],1,[^not chosen],[^not chosen],[^not chosen],[^not chosen],[^not chosen],[^not chosen],x,[^not chosen],[^not chosen],[^not chosen],No
azeD,[^not chosen],x,x,[^not chosen],[^not chosen],[^not chosen],[^not chosen],Remote (fully or mostly),Remote (fully or mostly),[\unasked],None of these describes my role,1,[^not chosen],[^not chosen],x,[^not chosen],[^not chosen],2,[^not chosen],[^not chosen],[^not chosen],[^not chosen],[^not chosen],x,Human Services,[\unasked],0,[\unasked],[\unasked],[\unasked],[\unasked],[\unasked],[\unasked],[\unasked],[\unasked],[\unasked],5 hours or less,1,Often,Never,Never,Never,Never,Master’s (or similar graduate degree),1,x,[^not chosen],[^not chosen],[^not chosen],[^not chosen],[^not chosen],[^not chosen],[^not chosen],[^not chosen],[^not chosen],1,x,[^not chosen],[^not chosen],[^not chosen],[^not chosen],[^not chosen],[^not chosen],[^not chosen],[^not chosen],[^not chosen],No
Obwx,x,[^not chosen],[^not chosen],[^not chosen],[^not chosen],[^not chosen],[^not chosen],Remote (fully or mostly),Remote (fully or mostly),Analyst,[\unasked],0,[\unasked],[\unasked],[\unasked],[\unasked],[\unasked],0,[\unasked],[\unasked],[\unasked],[\unasked],[\unasked],[\unasked],[\unasked],[\unasked],0,[\unasked],[\unasked],[\unasked],[\unasked],[\unasked],[\unasked],[\unasked],[\unasked],[\unasked],[\unasked],0,[\unasked],[\unasked],[\unasked],[\unasked],[\unasked],"Doctoral degree (e.g., PhD, EdD, PsyD)",1,[^not chosen],[^not chosen],[^not chosen],[^not chosen],[^not chosen],[^not chosen],x,[^not chosen],[^not chosen],[^not chosen],1,[^not chosen],[^not chosen],[^not chosen],[^not chosen],[^not chosen],[^not chosen],x,[^not chosen],[^not chosen],[^not chosen],No
lQPl,[^not chosen],x,[^not chosen],[^not chosen],[^not chosen],[^not chosen],[^not chosen],Remote (fully or mostly),Remote (fully or mostly),[\unasked],"Leadership (Manager, Director, VP, etc.)",1,[^not chosen],[^not chosen],x,[^not chosen],[^not chosen],1,[^not chosen],x,[^not chosen],[^not chosen],[^not chosen],[^not chosen],[^not chosen],[\unasked],0,[\unasked],[\unasked],[\unasked],[\unasked],[\unasked],[\unasked],[\unasked],[\unasked],[\unasked],[\unasked],0,[\unasked],[\unasked],[\unasked],[\unasked],[\unasked],Master’s (or similar graduate degree),1,[^not chosen],[^not chosen],[^not chosen],x,[^not chosen],[^not chosen],[^not chosen],[^not chosen],[^not chosen],[^not chosen],1,[^not chosen],[^not chosen],[^not chosen],[^not chosen],[^not chosen],x,[^not chosen],[^not chosen],[^not chosen],[^not chosen],No
kqIk,[^not chosen],x,[^not chosen],[^not chosen],[^not chosen],[^not chosen],[^not chosen],Remote (fully or mostly),Remote (fully or mostly),[\unasked],None of these describes my role,1,[^not chosen],[^not chosen],x,[^not chosen],[^not chosen],0,[^not chosen],[^not chosen],[^not chosen],[^not chosen],[^not chosen],[^not chosen],[^not chosen],[\unasked],0,[\unasked],[\unasked],[\unasked],[\unasked],[\unasked],[\unasked],[\unasked],[\unasked],[\unasked],[\unasked],0,[\unasked],[\unasked],[\unasked],[\unasked],[\unasked],Some college,0,[^not chosen],[^not chosen],[^not chosen],[^not chosen],[^not chosen],[^not chosen],[^not chosen],[^not chosen],[^not chosen],[^not chosen],0,[^not chosen],[^not chosen],[^not chosen],[^not chosen],[^not chosen],[^not chosen],[^not chosen],[^not chosen],[^not chosen],[^not chosen],No
zrfV,[^not chosen],x,[^not chosen],[^not chosen],[^not chosen],[^not chosen],[^not chosen],Remote (fully or mostly),Remote (fully or mostly),[\unasked],"Leadership (Manager, Director, VP, etc.)",1,[^not chosen],x,[^not chosen],[^not chosen],[^not chosen],1,[^not chosen],[^not chosen],[^not chosen],[^not chosen],[^not chosen],[^not chosen],consumer packaged goods; nutraceuticals,[\unasked],0,[\unasked],[\unasked],[\unasked],[\unasked],[\unasked],[\unasked],[\unasked],[\unasked],[\unasked],[\unasked],0,[\unasked],[\unasked],[\unasked],[\unasked],[\unasked],Bachelor’s degree,1,x,[^not chosen],[^not chosen],[^not chosen],[^not chosen],[^not chosen],[^not chosen],[^not chosen],[^not chosen],[^not chosen],0,[^not chosen],[^not chosen],[^not chosen],[^not chosen],[^not chosen],[^not chosen],[^not chosen],[^not chosen],[^not chosen],[^not chosen],No
YZvF,[^not chosen],x,[^not chosen],[^not chosen],[^not chosen],[^not chosen],[^not chosen],Remote (fully or mostly),Remote (fully or mostly),[\unasked],Designer,4,x,x,x,x,[^not chosen],6,x,x,x,x,x,x,[^not chosen],[\unasked],0,[\unasked],[\unasked],[\unasked],[\unasked],[\unasked],[\unasked],[\unasked],[\unasked],[\unasked],[\unasked],0,[\unasked],[\unasked],[\unasked],[\unasked],[\unasked],Technical school,0,[^not chosen],[^not chosen],[^not chosen],[^not chosen],[^not chosen],[^not chosen],[^not chosen],[^not chosen],[^not chosen],[^not chosen],0,[^not chosen],[^not chosen],[^not chosen],[^not chosen],[^not chosen],[^not chosen],[^not chosen],[^not chosen],[^not chosen],[^not chosen],No
CqVA,[^not chosen],x,[^not chosen],[^not chosen],[^not chosen],[^not chosen],[^not chosen],Remote (fully or mostly),Remote (fully or mostly),[\unasked],"Leadership (Manager, Director, VP, etc.)",1,[^not chosen],x,[^not chosen],[^not chosen],[^not chosen],1,x,[^not chosen],[^not chosen],[^not chosen],[^not chosen],[^not chosen],[^not chosen],[\unasked],0,[\unasked],[\unasked],[\unasked],[\unasked],[\unasked],[\unasked],[\unasked],[\unasked],[\unasked],[\unasked],0,[\unasked],[\unasked],[\unasked],[\unasked],[\unasked],Master’s (or similar graduate degree),1,[^not chosen],[^not chosen],[^not chosen],[^not chosen],[^not chosen],[^not chosen],x,[^not chosen],[^not chosen],[^not chosen],1,[^not chosen],[^not chosen],[^not chosen],[^not chosen],[^not chosen],[^not chosen],x,[^not chosen],[^not chosen],[^not chosen],No
amAE,[^not chosen],x,[^not chosen],[^not chosen],[^not chosen],[^not chosen],[^not chosen],Remote (fully or mostly),Remote (fully or mostly),[\unasked],Analyst,1,[^not chosen],x,[^not chosen],[^not chosen],[^not chosen],1,[^not chosen],x,[^not chosen],[^not chosen],[^not chosen],[^not chosen],[^not chosen],[\unasked],0,[\unasked],[\unasked],[\unasked],[\unasked],[\unasked],[\unasked],[\unasked],[\unasked],[\unasked],[\unasked],0,[\unasked],[\unasked],[\unasked],[\unasked],[\unasked],Master’s (or similar graduate degree),2,x,[^not chosen],[^not chosen],[^not chosen],[^not chosen],[^not chosen],[^not chosen],[^not chosen],x,[^not chosen],2,[^not chosen],[^not chosen],[^not chosen],x,x,[^not chosen],[^not chosen],[^not chosen],[^not chosen],[^not chosen],Yes
pgjx,x,[^not chosen],[^not chosen],[^not chosen],[^not chosen],x,[^not chosen],Remote (fully or mostly),Remote (fully or mostly),Teacher,[\unasked],0,[\unasked],[\unasked],[\unasked],[\unasked],[\unasked],0,[\unasked],[\unasked],[\unasked],[\unasked],[\unasked],[\unasked],[\unasked],[\unasked],0,[\unasked],[\unasked],[\unasked],[\unasked],[\unasked],[\unasked],[\unasked],[\unasked],[\unasked],[\unasked],0,[\unasked],[\unasked],[\unasked],[\unasked],[\unasked],Master’s (or similar graduate degree),1,[^not chosen],[^not chosen],[^not chosen],[^not chosen],[^not chosen],[^not chosen],x,[^not chosen],[^not chosen],[^not chosen],1,[^not chosen],[^not chosen],[^not chosen],[^not chosen],[^not chosen],[^not chosen],x,[^not chosen],[^not chosen],[^not chosen],Yes
CKKD,[^not chosen],x,[^not chosen],[^not chosen],[^not chosen],[^not chosen],[^not chosen],Remote (fully or mostly),Remote (fully or mostly),[\unasked],Journalist,1,[^not chosen],x,[^not chosen],[^not chosen],[^not chosen],1,[^not chosen],[^not chosen],[^not chosen],x,[^not chosen],[^not chosen],[^not chosen],[\unasked],0,[\unasked],[\unasked],[\unasked],[\unasked],[\unasked],[\unasked],[\unasked],[\unasked],[\unasked],[\unasked],0,[\unasked],[\unasked],[\unasked],[\unasked],[\unasked],Master’s (or similar graduate degree),1,x,[^not chosen],[^not chosen],[^not chosen],[^not chosen],[^not chosen],[^not chosen],[^not chosen],[^not chosen],[^not chosen],2,x,[^not chosen],[^not chosen],[^not chosen],[^not chosen],[^not chosen],x,[^not chosen],[^not chosen],[^not chosen],Yes
AxLC,[^not chosen],x,x,[^not chosen],[^not chosen],[^not chosen],[^not chosen],Remote (fully or mostly),Remote (fully or mostly),[\unasked],Designer,1,x,[^not chosen],[^not chosen],[^not chosen],[^not chosen],1,[^not chosen],x,[^not chosen],[^not chosen],[^not chosen],[^not chosen],[^not chosen],[\unasked],0,[\unasked],[\unasked],[\unasked],[\unasked],[\unasked],[\unasked],[\unasked],[\unasked],[\unasked],5 hours or less,4,Often,Often,Never,Rarely,Often,Bachelor’s degree,1,x,[^not chosen],[^not chosen],[^not chosen],[^not chosen],[^not chosen],[^not chosen],[^not chosen],[^not chosen],[^not chosen],0,[^not chosen],[^not chosen],[^not chosen],[^not chosen],[^not chosen],[^not chosen],[^not chosen],[^not chosen],[^not chosen],[^not chosen],Yes
yddo,x,x,[^not chosen],[^not chosen],[^not chosen],[^not chosen],[^not chosen],Remote (fully or mostly),Remote (fully or mostly),Designer,Designer,1,[^not chosen],x,[^not chosen],[^not chosen],[^not chosen],1,[^not chosen],[^not chosen],[^not chosen],x,[^not chosen],[^not chosen],[^not chosen],[\unasked],0,[\unasked],[\unasked],[\unasked],[\unasked],[\unasked],[\unasked],[\unasked],[\unasked],[\unasked],[\unasked],0,[\unasked],[\unasked],[\unasked],[\unasked],[\unasked],Master’s (or similar graduate degree),1,[^not chosen],[^not chosen],[^not chosen],[^not chosen],[^not chosen],[^not chosen],x,[^not chosen],[^not chosen],[^not chosen],1,[^not chosen],[^not chosen],[^not chosen],[^not chosen],[^not chosen],x,[^not chosen],[^not chosen],[^not chosen],[^not chosen],Yes
edYL,x,[^not chosen],[^not chosen],[^not chosen],[^not chosen],[^not chosen],[^not chosen],Remote (fully or mostly),Remote (fully or mostly),Developer,[\unasked],0,[\unasked],[\unasked],[\unasked],[\unasked],[\unasked],0,[\unasked],[\unasked],[\unasked],[\unasked],[\unasked],[\unasked],[\unasked],[\unasked],0,[\unasked],[\unasked],[\unasked],[\unasked],[\unasked],[\unasked],[\unasked],[\unasked],[\unasked],[\unasked],0,[\unasked],[\unasked],[\unasked],[\unasked],[\unasked],Some college,1,[^not chosen],[^not chosen],[^not chosen],[^not chosen],[^not chosen],x,[^not chosen],[^not chosen],[^not chosen],[^not chosen],0,[^not chosen],[^not chosen],[^not chosen],[^not chosen],[^not chosen],[^not chosen],[^not chosen],[^not chosen],[^not chosen],[^not chosen],I don’t know
WuCg,[^not chosen],x,x,[^not chosen],[^not chosen],[^not chosen],[^not chosen],Remote (fully or mostly),Remote (fully or mostly),[\unasked],Designer,2,[^not chosen],x,x,[^not chosen],[^not chosen],1,[^not chosen],[^not chosen],[^not chosen],[^not chosen],[^not chosen],x,[^not chosen],[\unasked],0,[\unasked],[\unasked],[\unasked],[\unasked],[\unasked],[\unasked],[\unasked],[\unasked],[\unasked],5 hours or less,3,Often,Rarely,Never,Never,Often,Bachelor’s degree,2,[^not chosen],[^not chosen],[^not chosen],[^not chosen],[^not chosen],[^not chosen],[^not chosen],[^not chosen],x,Design,0,[^not chosen],[^not chosen],[^not chosen],[^not chosen],[^not chosen],[^not chosen],[^not chosen],[^not chosen],[^not chosen],[^not chosen],No
TkbO,[^not chosen],x,[^not chosen],[^not chosen],[^not chosen],[^not chosen],[^not chosen],Remote (fully or mostly),Remote (fully or mostly),[\unasked],Analyst,1,[^not chosen],x,[^not chosen],[^not chosen],[^not chosen],1,[^not chosen],[^not chosen],[^not chosen],[^not chosen],[^not chosen],[^not chosen],Consumer Packaged Goods,[\unasked],0,[\unasked],[\unasked],[\unasked],[\unasked],[\unasked],[\unasked],[\unasked],[\unasked],[\unasked],[\unasked],0,[\unasked],[\unasked],[\unasked],[\unasked],[\unasked],Master’s (or similar graduate degree),1,x,[^not chosen],[^not chosen],[^not chosen],[^not chosen],[^not chosen],[^not chosen],[^not chosen],[^not chosen],[^not chosen],1,[^not chosen],x,[^not chosen],[^not chosen],[^not chosen],[^not chosen],[^not chosen],[^not chosen],[^not chosen],[^not chosen],Yes
WPsi,x,[^not chosen],[^not chosen],[^not chosen],[^not chosen],[^not chosen],[^not chosen],Remote (fully or mostly),Remote (fully or mostly),Designer,[\unasked],0,[\unasked],[\unasked],[\unasked],[\unasked],[\unasked],0,[\unasked],[\unasked],[\unasked],[\unasked],[\unasked],[\unasked],[\unasked],[\unasked],0,[\unasked],[\unasked],[\unasked],[\unasked],[\unasked],[\unasked],[\unasked],[\unasked],[\unasked],[\unasked],0,[\unasked],[\unasked],[\unasked],[\unasked],[\unasked],Master’s (or similar graduate degree),1,[^not chosen],[^not chosen],[^not chosen],[^not chosen],[^not chosen],x,[^not chosen],[^not chosen],[^not chosen],[^not chosen],1,[^not chosen],[^not chosen],[^not chosen],[^not chosen],[^not chosen],x,[^not chosen],[^not chosen],[^not chosen],[^not chosen],Yes
kXRX,[^not chosen],x,[^not chosen],[^not chosen],[^not chosen],[^not chosen],[^not chosen],Remote (fully or mostly),Remote (fully or mostly),[\unasked],Developer,1,[^not chosen],x,[^not chosen],[^not chosen],[^not chosen],1,x,[^not chosen],[^not chosen],[^not chosen],[^not chosen],[^not chosen],[^not chosen],[\unasked],0,[\unasked],[\unasked],[\unasked],[\unasked],[\unasked],[\unasked],[\unasked],[\unasked],[\unasked],[\unasked],0,[\unasked],[\unasked],[\unasked],[\unasked],[\unasked],Bachelor’s degree,1,[^not chosen],x,[^not chosen],[^not chosen],[^not chosen],[^not chosen],[^not chosen],[^not chosen],[^not chosen],[^not chosen],0,[^not chosen],[^not chosen],[^not chosen],[^not chosen],[^not chosen],[^not chosen],[^not chosen],[^not chosen],[^not chosen],[^not chosen],Yes
bZmi,[^not chosen],x,[^not chosen],x,[^not chosen],[^not chosen],[^not chosen],Remote (fully or mostly),Remote (fully or mostly),[\unasked],"Leadership (Manager, Director, VP, etc.)",4,x,x,x,x,[^not chosen],2,[^not chosen],x,x,[^not chosen],[^not chosen],[^not chosen],[^not chosen],[\unasked],0,[\unasked],[\unasked],[\unasked],[\unasked],[\unasked],Part time,Graduate/Master’s,"Yes, in a required course",Data Analytics and Visualization,[\unasked],0,[\unasked],[\unasked],[\unasked],[\unasked],[\unasked],Bachelor’s degree,2,[^not chosen],x,[^not chosen],[^not chosen],[^not chosen],x,[^not chosen],[^not chosen],[^not chosen],[^not chosen],0,[^not chosen],[^not chosen],[^not chosen],[^not chosen],[^not chosen],[^not chosen],[^not chosen],[^not chosen],[^not chosen],[^not chosen],Yes
bzsb,[^not chosen],x,[^not chosen],[^not chosen],[^not chosen],[^not chosen],[^not chosen],Remote (fully or mostly),Remote (fully or mostly),[\unasked],Analyst,2,[^not chosen],[^not chosen],x,x,[^not chosen],1,[^not chosen],[^not chosen],[^not chosen],[^not chosen],[^not chosen],[^not chosen],Higher Education,[\unasked],0,[\unasked],[\unasked],[\unasked],[\unasked],[\unasked],[\unasked],[\unasked],[\unasked],[\unasked],[\unasked],0,[\unasked],[\unasked],[\unasked],[\unasked],[\unasked],[^not answered],0,[^not chosen],[^not chosen],[^not chosen],[^not chosen],[^not chosen],[^not chosen],[^not chosen],[^not chosen],[^not chosen],[^not chosen],0,[^not chosen],[^not chosen],[^not chosen],[^not chosen],[^not chosen],[^not chosen],[^not chosen],[^not chosen],[^not chosen],[^not chosen],[^not answered]
JSeI,[^not chosen],x,[^not chosen],[^not chosen],[^not chosen],[^not chosen],[^not chosen],Remote (fully or mostly),Remote (fully or mostly),[\unasked],Designer,1,[^not chosen],x,[^not chosen],[^not chosen],[^not chosen],1,[^not chosen],[^not chosen],x,[^not chosen],[^not chosen],[^not chosen],[^not chosen],[\unasked],0,[\unasked],[\unasked],[\unasked],[\unasked],[\unasked],[\unasked],[\unasked],[\unasked],[\unasked],[\unasked],0,[\unasked],[\unasked],[\unasked],[\unasked],[\unasked],Bachelor’s degree,1,x,[^not chosen],[^not chosen],[^not chosen],[^not chosen],[^not chosen],[^not chosen],[^not chosen],[^not chosen],[^not chosen],0,[^not chosen],[^not chosen],[^not chosen],[^not chosen],[^not chosen],[^not chosen],[^not chosen],[^not chosen],[^not chosen],[^not chosen],Yes
nraN,[^not chosen],x,[^not chosen],[^not chosen],[^not chosen],[^not chosen],[^not chosen],Remote (fully or mostly),Remote (fully or mostly),[\unasked],Scientist,1,[^not chosen],[^not chosen],x,[^not chosen],[^not chosen],1,[^not chosen],[^not chosen],[^not chosen],[^not chosen],[^not chosen],x,[^not chosen],[\unasked],0,[\unasked],[\unasked],[\unasked],[\unasked],[\unasked],[\unasked],[\unasked],[\unasked],[\unasked],[\unasked],0,[\unasked],[\unasked],[\unasked],[\unasked],[\unasked],Master’s (or similar graduate degree),1,[^not chosen],[^not chosen],[^not chosen],[^not chosen],[^not chosen],[^not chosen],x,[^not chosen],[^not chosen],[^not chosen],1,[^not chosen],[^not chosen],[^not chosen],[^not chosen],[^not chosen],[^not chosen],x,[^not chosen],[^not chosen],[^not chosen],Yes
ADfH,x,[^not chosen],[^not chosen],[^not chosen],[^not chosen],[^not chosen],[^not chosen],Remote (fully or mostly),Remote (fully or mostly),Designer,[\unasked],0,[\unasked],[\unasked],[\unasked],[\unasked],[\unasked],0,[\unasked],[\unasked],[\unasked],[\unasked],[\unasked],[\unasked],[\unasked],[\unasked],0,[\unasked],[\unasked],[\unasked],[\unasked],[\unasked],[\unasked],[\unasked],[\unasked],[\unasked],[\unasked],0,[\unasked],[\unasked],[\unasked],[\unasked],[\unasked],Bachelor’s degree,1,[^not chosen],[^not chosen],[^not chosen],[^not chosen],[^not chosen],x,[^not chosen],[^not chosen],[^not chosen],[^not chosen],0,[^not chosen],[^not chosen],[^not chosen],[^not chosen],[^not chosen],[^not chosen],[^not chosen],[^not chosen],[^not chosen],[^not chosen],Yes
IwdA,[^not chosen],x,[^not chosen],[^not chosen],[^not chosen],[^not chosen],[^not chosen],Remote (fully or mostly),Remote (fully or mostly),[\unasked],Designer,1,[^not chosen],x,[^not chosen],[^not chosen],[^not chosen],1,[^not chosen],[^not chosen],[^not chosen],[^not chosen],[^not chosen],[^not chosen],Automotive,[\unasked],0,[\unasked],[\unasked],[\unasked],[\unasked],[\unasked],[\unasked],[\unasked],[\unasked],[\unasked],[\unasked],0,[\unasked],[\unasked],[\unasked],[\unasked],[\unasked],Bachelor’s degree,2,x,[^not chosen],[^not chosen],[^not chosen],[^not chosen],[^not chosen],[^not chosen],[^not chosen],x,[^not chosen],0,[^not chosen],[^not chosen],[^not chosen],[^not chosen],[^not chosen],[^not chosen],[^not chosen],[^not chosen],[^not chosen],[^not chosen],Yes
qSVw,[^not chosen],[^not chosen],[^not chosen],[^not chosen],x,[^not chosen],[^not chosen],Hybrid,Remote (fully or mostly),[\unasked],[\unasked],0,[\unasked],[\unasked],[\unasked],[\unasked],[\unasked],0,[\unasked],[\unasked],[\unasked],[\unasked],[\unasked],[\unasked],[\unasked],Business,2,[^not chosen],x,x,[^not chosen],[^not chosen],[\unasked],[\unasked],[\unasked],[\unasked],[\unasked],0,[\unasked],[\unasked],[\unasked],[\unasked],[\unasked],"Doctoral degree (e.g., PhD, EdD, PsyD)",1,[^not chosen],x,[^not chosen],[^not chosen],[^not chosen],[^not chosen],[^not chosen],[^not chosen],[^not chosen],[^not chosen],2,[^not chosen],x,[^not chosen],[^not chosen],[^not chosen],x,[^not chosen],[^not chosen],[^not chosen],[^not chosen],Yes
DyzJ,[^not chosen],x,[^not chosen],[^not chosen],x,[^not chosen],[^not chosen],Hybrid,Remote (fully or mostly),[\unasked],"Leadership (Manager, Director, VP, etc.)",1,[^not chosen],x,[^not chosen],[^not chosen],[^not chosen],2,[^not chosen],[^not chosen],x,[^not chosen],[^not chosen],[^not chosen],Restaurants,"Science, Math, and Technology",2,[^not chosen],x,[^not chosen],x,[^not chosen],[\unasked],[\unasked],[\unasked],[\unasked],[\unasked],0,[\unasked],[\unasked],[\unasked],[\unasked],[\unasked],Master’s (or similar graduate degree),1,[^not chosen],[^not chosen],[^not chosen],[^not chosen],[^not chosen],[^not chosen],x,[^not chosen],[^not chosen],[^not chosen],2,[^not chosen],x,[^not chosen],[^not chosen],[^not chosen],x,[^not chosen],[^not chosen],[^not chosen],[^not chosen],Yes
OkUv,[^not chosen],x,[^not chosen],[^not chosen],[^not chosen],[^not chosen],[^not chosen],Hybrid,Remote (fully or mostly),[\unasked],Analyst,1,[^not chosen],x,[^not chosen],[^not chosen],[^not chosen],1,[^not chosen],[^not chosen],[^not chosen],[^not chosen],x,[^not chosen],[^not chosen],[\unasked],0,[\unasked],[\unasked],[\unasked],[\unasked],[\unasked],[\unasked],[\unasked],[\unasked],[\unasked],[\unasked],0,[\unasked],[\unasked],[\unasked],[\unasked],[\unasked],Master’s (or similar graduate degree),1,[^not chosen],[^not chosen],[^not chosen],[^not chosen],[^not chosen],[^not chosen],x,[^not chosen],[^not chosen],[^not chosen],1,[^not chosen],[^not chosen],[^not chosen],[^not chosen],[^not chosen],[^not chosen],x,[^not chosen],[^not chosen],[^not chosen],Yes
EwKp,[^not chosen],x,[^not chosen],[^not chosen],[^not chosen],[^not chosen],[^not chosen],Remote (fully or mostly),Remote (fully or mostly),[\unasked],Analyst,1,[^not chosen],x,[^not chosen],[^not chosen],[^not chosen],1,[^not chosen],[^not chosen],x,[^not chosen],[^not chosen],[^not chosen],[^not chosen],[\unasked],0,[\unasked],[\unasked],[\unasked],[\unasked],[\unasked],[\unasked],[\unasked],[\unasked],[\unasked],[\unasked],0,[\unasked],[\unasked],[\unasked],[\unasked],[\unasked],Master’s (or similar graduate degree),2,[^not chosen],x,[^not chosen],[^not chosen],[^not chosen],[^not chosen],x,[^not chosen],[^not chosen],[^not chosen],1,[^not chosen],x,[^not chosen],[^not chosen],[^not chosen],[^not chosen],[^not chosen],[^not chosen],[^not chosen],[^not chosen],Yes
RIpK,[^not chosen],[^not chosen],x,[^not chosen],[^not chosen],[^not chosen],[^not chosen],Remote (fully or mostly),Remote (fully or mostly),[\unasked],[\unasked],0,[\unasked],[\unasked],[\unasked],[\unasked],[\unasked],0,[\unasked],[\unasked],[\unasked],[\unasked],[\unasked],[\unasked],[\unasked],[\unasked],0,[\unasked],[\unasked],[\unasked],[\unasked],[\unasked],[\unasked],[\unasked],[\unasked],[\unasked],6–10 hours,5,Often,Often,Sometimes,Sometimes,Often,Bachelor’s degree,1,x,[^not chosen],[^not chosen],[^not chosen],[^not chosen],[^not chosen],[^not chosen],[^not chosen],[^not chosen],[^not chosen],0,[^not chosen],[^not chosen],[^not chosen],[^not chosen],[^not chosen],[^not chosen],[^not chosen],[^not chosen],[^not chosen],[^not chosen],Yes
psMW,[^not chosen],x,[^not chosen],[^not chosen],[^not chosen],[^not chosen],[^not chosen],Remote (fully or mostly),Remote (fully or mostly),[\unasked],Designer,2,x,x,[^not chosen],[^not chosen],[^not chosen],1,[^not chosen],[^not chosen],[^not chosen],[^not chosen],[^not chosen],x,[^not chosen],[\unasked],0,[\unasked],[\unasked],[\unasked],[\unasked],[\unasked],[\unasked],[\unasked],[\unasked],[\unasked],[\unasked],0,[\unasked],[\unasked],[\unasked],[\unasked],[\unasked],Bachelor’s degree,1,x,[^not chosen],[^not chosen],[^not chosen],[^not chosen],[^not chosen],[^not chosen],[^not chosen],[^not chosen],[^not chosen],0,[^not chosen],[^not chosen],[^not chosen],[^not chosen],[^not chosen],[^not chosen],[^not chosen],[^not chosen],[^not chosen],[^not chosen],Yes
pHih,[^not chosen],x,[^not chosen],[^not chosen],[^not chosen],[^not chosen],[^not chosen],Remote (fully or mostly),Remote (fully or mostly),[\unasked],Developer,1,x,[^not chosen],[^not chosen],[^not chosen],[^not chosen],1,[^not chosen],[^not chosen],[^not chosen],[^not chosen],[^not chosen],[^not chosen],Statistics,[\unasked],0,[\unasked],[\unasked],[\unasked],[\unasked],[\unasked],[\unasked],[\unasked],[\unasked],[\unasked],[\unasked],0,[\unasked],[\unasked],[\unasked],[\unasked],[\unasked],Master’s (or similar graduate degree),1,x,[^not chosen],[^not chosen],[^not chosen],[^not chosen],[^not chosen],[^not chosen],[^not chosen],[^not chosen],[^not chosen],1,x,[^not chosen],[^not chosen],[^not chosen],[^not chosen],[^not chosen],[^not chosen],[^not chosen],[^not chosen],[^not chosen],No
qIDJ,[^not chosen],x,x,[^not chosen],[^not chosen],[^not chosen],[^not chosen],Remote (fully or mostly),Remote (fully or mostly),[\unasked],None of these describes my role,1,[^not chosen],x,[^not chosen],[^not chosen],[^not chosen],1,[^not chosen],[^not chosen],[^not chosen],[^not chosen],[^not chosen],[^not chosen],Real estate,[\unasked],0,[\unasked],[\unasked],[\unasked],[\unasked],[\unasked],[\unasked],[\unasked],[\unasked],[\unasked],6–10 hours,5,Often,Sometimes,Sometimes,Sometimes,Sometimes,Bachelor’s degree,2,x,[^not chosen],[^not chosen],[^not chosen],[^not chosen],x,[^not chosen],[^not chosen],[^not chosen],[^not chosen],0,[^not chosen],[^not chosen],[^not chosen],[^not chosen],[^not chosen],[^not chosen],[^not chosen],[^not chosen],[^not chosen],[^not chosen],Yes
FUBD,[^not chosen],x,[^not chosen],[^not chosen],x,[^not chosen],[^not chosen],Hybrid,Remote (fully or mostly),[\unasked],Journalist,1,[^not chosen],[^not chosen],[^not chosen],x,[^not chosen],1,[^not chosen],[^not chosen],[^not chosen],x,[^not chosen],[^not chosen],[^not chosen],Arts and Humanities,1,[^not chosen],x,[^not chosen],[^not chosen],[^not chosen],[\unasked],[\unasked],[\unasked],[\unasked],[\unasked],0,[\unasked],[\unasked],[\unasked],[\unasked],[\unasked],Master’s (or similar graduate degree),2,x,[^not chosen],[^not chosen],[^not chosen],[^not chosen],[^not chosen],[^not chosen],[^not chosen],[^not chosen],Journalism,1,[^not chosen],[^not chosen],[^not chosen],[^not chosen],[^not chosen],[^not chosen],[^not chosen],[^not chosen],[^not chosen],Graphic Design,No
rRqW,x,[^not chosen],[^not chosen],[^not chosen],[^not chosen],[^not chosen],[^not chosen],Remote (fully or mostly),Remote (fully or mostly),Analyst,[\unasked],0,[\unasked],[\unasked],[\unasked],[\unasked],[\unasked],0,[\unasked],[\unasked],[\unasked],[\unasked],[\unasked],[\unasked],[\unasked],[\unasked],0,[\unasked],[\unasked],[\unasked],[\unasked],[\unasked],[\unasked],[\unasked],[\unasked],[\unasked],[\unasked],0,[\unasked],[\unasked],[\unasked],[\unasked],[\unasked],Bachelor’s degree,1,[^not chosen],[^not chosen],[^not chosen],[^not chosen],[^not chosen],[^not chosen],x,[^not chosen],[^not chosen],[^not chosen],0,[^not chosen],[^not chosen],[^not chosen],[^not chosen],[^not chosen],[^not chosen],[^not chosen],[^not chosen],[^not chosen],[^not chosen],Yes
HPws,[^not chosen],x,[^not chosen],[^not chosen],[^not chosen],[^not chosen],[^not chosen],On site (fully or mostly),Remote (fully or mostly),[\unasked],Journalist,1,[^not chosen],x,[^not chosen],[^not chosen],[^not chosen],1,[^not chosen],[^not chosen],[^not chosen],x,[^not chosen],[^not chosen],[^not chosen],[\unasked],0,[\unasked],[\unasked],[\unasked],[\unasked],[\unasked],[\unasked],[\unasked],[\unasked],[\unasked],[\unasked],0,[\unasked],[\unasked],[\unasked],[\unasked],[\unasked],Master’s (or similar graduate degree),1,[^not chosen],[^not chosen],[^not chosen],[^not chosen],[^not chosen],[^not chosen],[^not chosen],[^not chosen],[^not chosen],Journalism and Mass Media,1,[^not chosen],[^not chosen],[^not chosen],[^not chosen],[^not chosen],x,[^not chosen],[^not chosen],[^not chosen],[^not chosen],Yes
hJqS,[^not chosen],x,[^not chosen],[^not chosen],[^not chosen],[^not chosen],[^not chosen],Remote (fully or mostly),Remote (fully or mostly),[\unasked],"Leadership (Manager, Director, VP, etc.)",4,x,x,x,x,[^not chosen],1,[^not chosen],x,[^not chosen],[^not chosen],[^not chosen],[^not chosen],[^not chosen],[\unasked],0,[\unasked],[\unasked],[\unasked],[\unasked],[\unasked],[\unasked],[\unasked],[\unasked],[\unasked],[\unasked],0,[\unasked],[\unasked],[\unasked],[\unasked],[\unasked],Bachelor’s degree,1,x,[^not chosen],[^not chosen],[^not chosen],[^not chosen],[^not chosen],[^not chosen],[^not chosen],[^not chosen],[^not chosen],0,[^not chosen],[^not chosen],[^not chosen],[^not chosen],[^not chosen],[^not chosen],[^not chosen],[^not chosen],[^not chosen],[^not chosen],Yes
OvmV,x,[^not chosen],[^not chosen],[^not chosen],[^not chosen],[^not chosen],[^not chosen],Remote (fully or mostly),Remote (fully or mostly),Teacher,[\unasked],0,[\unasked],[\unasked],[\unasked],[\unasked],[\unasked],0,[\unasked],[\unasked],[\unasked],[\unasked],[\unasked],[\unasked],[\unasked],[\unasked],0,[\unasked],[\unasked],[\unasked],[\unasked],[\unasked],[\unasked],[\unasked],[\unasked],[\unasked],[\unasked],0,[\unasked],[\unasked],[\unasked],[\unasked],[\unasked],Master’s (or similar graduate degree),1,[^not chosen],[^not chosen],[^not chosen],[^not chosen],[^not chosen],[^not chosen],x,[^not chosen],[^not chosen],[^not chosen],1,[^not chosen],[^not chosen],[^not chosen],[^not chosen],[^not chosen],x,[^not chosen],[^not chosen],[^not chosen],[^not chosen],Yes
UmAW,x,[^not chosen],[^not chosen],[^not chosen],[^not chosen],[^not chosen],[^not chosen],Remote (fully or mostly),Remote (fully or mostly),Designer,[\unasked],0,[\unasked],[\unasked],[\unasked],[\unasked],[\unasked],0,[\unasked],[\unasked],[\unasked],[\unasked],[\unasked],[\unasked],[\unasked],[\unasked],0,[\unasked],[\unasked],[\unasked],[\unasked],[\unasked],[\unasked],[\unasked],[\unasked],[\unasked],[\unasked],0,[\unasked],[\unasked],[\unasked],[\unasked],[\unasked],Master’s (or similar graduate degree),1,x,[^not chosen],[^not chosen],[^not chosen],[^not chosen],[^not chosen],[^not chosen],[^not chosen],[^not chosen],[^not chosen],1,x,[^not chosen],[^not chosen],[^not chosen],[^not chosen],[^not chosen],[^not chosen],[^not chosen],[^not chosen],[^not chosen],Yes
veXE,[^not chosen],x,[^not chosen],[^not chosen],[^not chosen],[^not chosen],[^not chosen],Remote (fully or mostly),Remote (fully or mostly),[\unasked],Journalist,1,x,[^not chosen],[^not chosen],[^not chosen],[^not chosen],2,[^not chosen],[^not chosen],[^not chosen],x,[^not chosen],[^not chosen],Government,[\unasked],0,[\unasked],[\unasked],[\unasked],[\unasked],[\unasked],[\unasked],[\unasked],[\unasked],[\unasked],[\unasked],0,[\unasked],[\unasked],[\unasked],[\unasked],[\unasked],Master’s (or similar graduate degree),1,[^not chosen],[^not chosen],[^not chosen],[^not chosen],[^not chosen],x,[^not chosen],[^not chosen],[^not chosen],[^not chosen],1,x,[^not chosen],[^not chosen],[^not chosen],[^not chosen],[^not chosen],[^not chosen],[^not chosen],[^not chosen],[^not chosen],No
tSkW,[^not chosen],x,[^not chosen],[^not chosen],[^not chosen],[^not chosen],[^not chosen],Remote (fully or mostly),Remote (fully or mostly),[\unasked],Analyst,1,[^not chosen],[^not chosen],[^not chosen],x,[^not chosen],1,[^not chosen],[^not chosen],[^not chosen],[^not chosen],[^not chosen],[^not chosen],Higher Education,[\unasked],0,[\unasked],[\unasked],[\unasked],[\unasked],[\unasked],[\unasked],[\unasked],[\unasked],[\unasked],[\unasked],0,[\unasked],[\unasked],[\unasked],[\unasked],[\unasked],Master’s (or similar graduate degree),1,[^not chosen],[^not chosen],[^not chosen],[^not chosen],[^not chosen],[^not chosen],[^not chosen],[^not chosen],x,[^not chosen],3,[^not chosen],x,[^not chosen],x,x,[^not chosen],[^not chosen],[^not chosen],[^not chosen],[^not chosen],Yes
CQYT,[^not chosen],x,[^not chosen],[^not chosen],[^not chosen],[^not chosen],[^not chosen],Remote (fully or mostly),Remote (fully or mostly),[\unasked],Engineer,1,[^not chosen],x,[^not chosen],[^not chosen],[^not chosen],1,[^not chosen],[^not chosen],x,[^not chosen],[^not chosen],[^not chosen],[^not chosen],[\unasked],0,[\unasked],[\unasked],[\unasked],[\unasked],[\unasked],[\unasked],[\unasked],[\unasked],[\unasked],[\unasked],0,[\unasked],[\unasked],[\unasked],[\unasked],[\unasked],Bachelor’s degree,1,[^not chosen],[^not chosen],[^not chosen],[^not chosen],[^not chosen],[^not chosen],[^not chosen],[^not chosen],x,[^not chosen],0,[^not chosen],[^not chosen],[^not chosen],[^not chosen],[^not chosen],[^not chosen],[^not chosen],[^not chosen],[^not chosen],[^not chosen],Yes
HFQX,[^not chosen],x,[^not chosen],[^not chosen],[^not chosen],[^not chosen],[^not chosen],Remote (fully or mostly),Remote (fully or mostly),[\unasked],Analyst,1,[^not chosen],x,[^not chosen],[^not chosen],[^not chosen],1,[^not chosen],[^not chosen],[^not chosen],[^not chosen],[^not chosen],[^not chosen],Publishing,[\unasked],0,[\unasked],[\unasked],[\unasked],[\unasked],[\unasked],[\unasked],[\unasked],[\unasked],[\unasked],[\unasked],0,[\unasked],[\unasked],[\unasked],[\unasked],[\unasked],Master’s (or similar graduate degree),1,[^not chosen],[^not chosen],[^not chosen],[^not chosen],[^not chosen],[^not chosen],[^not chosen],[^not chosen],x,[^not chosen],0,[^not chosen],[^not chosen],[^not chosen],[^not chosen],[^not chosen],[^not chosen],[^not chosen],[^not chosen],[^not chosen],[^not chosen],Yes
PXtu,[^not chosen],x,[^not chosen],[^not chosen],[^not chosen],[^not chosen],[^not chosen],Hybrid,Remote (fully or mostly),[\unasked],Analyst,1,[^not chosen],x,[^not chosen],[^not chosen],[^not chosen],1,[^not chosen],[^not chosen],x,[^not chosen],[^not chosen],[^not chosen],[^not chosen],[\unasked],0,[\unasked],[\unasked],[\unasked],[\unasked],[\unasked],[\unasked],[\unasked],[\unasked],[\unasked],[\unasked],0,[\unasked],[\unasked],[\unasked],[\unasked],[\unasked],Master’s (or similar graduate degree),1,[^not chosen],[^not chosen],[^not chosen],[^not chosen],[^not chosen],x,[^not chosen],[^not chosen],[^not chosen],[^not chosen],1,[^not chosen],[^not chosen],x,[^not chosen],[^not chosen],[^not chosen],[^not chosen],[^not chosen],[^not chosen],[^not chosen],Yes
RHjj,[^not chosen],x,[^not chosen],[^not chosen],[^not chosen],[^not chosen],[^not chosen],Remote (fully or mostly),Remote (fully or mostly),[\unasked],Developer,1,[^not chosen],[^not chosen],x,[^not chosen],[^not chosen],1,[^not chosen],x,[^not chosen],[^not chosen],[^not chosen],[^not chosen],[^not chosen],[\unasked],0,[\unasked],[\unasked],[\unasked],[\unasked],[\unasked],[\unasked],[\unasked],[\unasked],[\unasked],[\unasked],0,[\unasked],[\unasked],[\unasked],[\unasked],[\unasked],Master’s (or similar graduate degree),1,x,[^not chosen],[^not chosen],[^not chosen],[^not chosen],[^not chosen],[^not chosen],[^not chosen],[^not chosen],[^not chosen],1,[^not chosen],[^not chosen],[^not chosen],[^not chosen],[^not chosen],x,[^not chosen],[^not chosen],[^not chosen],[^not chosen],Yes
GCzT,[^not chosen],x,[^not chosen],[^not chosen],[^not chosen],[^not chosen],[^not chosen],Remote (fully or mostly),Remote (fully or mostly),[\unasked],None of these describes my role,1,[^not chosen],[^not chosen],[^not chosen],[^not chosen],B2B,5,x,x,x,[^not chosen],x,x,[^not chosen],[\unasked],0,[\unasked],[\unasked],[\unasked],[\unasked],[\unasked],[\unasked],[\unasked],[\unasked],[\unasked],[\unasked],0,[\unasked],[\unasked],[\unasked],[\unasked],[\unasked],[\unfinished],0,[\unfinished],[\unfinished],[\unfinished],[\unfinished],[\unfinished],[\unfinished],[\unfinished],[\unfinished],[\unfinished],[\unfinished],0,[\unfinished],[\unfinished],[\unfinished],[\unfinished],[\unfinished],[\unfinished],[\unfinished],[\unfinished],[\unfinished],[\unfinished],[\unfinished]
nZIN,[^not chosen],x,[^not chosen],[^not chosen],[^not chosen],[^not chosen],[^not chosen],On site (fully or mostly),Remote (fully or mostly),[\unasked],Developer,1,[^not chosen],x,[^not chosen],[^not chosen],[^not chosen],1,[^not chosen],[^not chosen],[^not chosen],[^not chosen],[^not chosen],[^not chosen],manufacturing,[\unasked],0,[\unasked],[\unasked],[\unasked],[\unasked],[\unasked],[\unasked],[\unasked],[\unasked],[\unasked],[\unasked],0,[\unasked],[\unasked],[\unasked],[\unasked],[\unasked],Bachelor’s degree,1,[^not chosen],[^not chosen],[^not chosen],[^not chosen],[^not chosen],x,[^not chosen],[^not chosen],[^not chosen],[^not chosen],0,[^not chosen],[^not chosen],[^not chosen],[^not chosen],[^not chosen],[^not chosen],[^not chosen],[^not chosen],[^not chosen],[^not chosen],Yes
HUXy,x,[^not chosen],[^not chosen],[^not chosen],[^not chosen],[^not chosen],[^not chosen],Remote (fully or mostly),Remote (fully or mostly),None of these describes my role,[\unasked],0,[\unasked],[\unasked],[\unasked],[\unasked],[\unasked],0,[\unasked],[\unasked],[\unasked],[\unasked],[\unasked],[\unasked],[\unasked],[\unasked],0,[\unasked],[\unasked],[\unasked],[\unasked],[\unasked],[\unasked],[\unasked],[\unasked],[\unasked],[\unasked],0,[\unasked],[\unasked],[\unasked],[\unasked],[\unasked],Master’s (or similar graduate degree),1,[^not chosen],[^not chosen],[^not chosen],[^not chosen],[^not chosen],x,[^not chosen],[^not chosen],[^not chosen],[^not chosen],1,[^not chosen],[^not chosen],[^not chosen],[^not chosen],[^not chosen],x,[^not chosen],[^not chosen],[^not chosen],[^not chosen],Yes
uZtz,x,[^not chosen],[^not chosen],[^not chosen],[^not chosen],[^not chosen],[^not chosen],Remote (fully or mostly),Remote (fully or mostly),None of these describes my role,[\unasked],0,[\unasked],[\unasked],[\unasked],[\unasked],[\unasked],0,[\unasked],[\unasked],[\unasked],[\unasked],[\unasked],[\unasked],[\unasked],[\unasked],0,[\unasked],[\unasked],[\unasked],[\unasked],[\unasked],[\unasked],[\unasked],[\unasked],[\unasked],[\unasked],0,[\unasked],[\unasked],[\unasked],[\unasked],[\unasked],"Doctoral degree (e.g., PhD, EdD, PsyD)",1,[^not chosen],[^not chosen],[^not chosen],[^not chosen],[^not chosen],x,[^not chosen],[^not chosen],[^not chosen],[^not chosen],1,[^not chosen],[^not chosen],[^not chosen],[^not chosen],[^not chosen],x,[^not chosen],[^not chosen],[^not chosen],[^not chosen],Yes
UemT,[^not chosen],x,[^not chosen],[^not chosen],[^not chosen],[^not chosen],[^not chosen],Remote (fully or mostly),Remote (fully or mostly),[\unasked],Analyst,1,[^not chosen],x,[^not chosen],[^not chosen],[^not chosen],1,x,[^not chosen],[^not chosen],[^not chosen],[^not chosen],[^not chosen],[^not chosen],[\unasked],0,[\unasked],[\unasked],[\unasked],[\unasked],[\unasked],[\unasked],[\unasked],[\unasked],[\unasked],[\unasked],0,[\unasked],[\unasked],[\unasked],[\unasked],[\unasked],Master’s (or similar graduate degree),1,[^not chosen],x,[^not chosen],[^not chosen],[^not chosen],[^not chosen],[^not chosen],[^not chosen],[^not chosen],[^not chosen],1,x,[^not chosen],[^not chosen],[^not chosen],[^not chosen],[^not chosen],[^not chosen],[^not chosen],[^not chosen],[^not chosen],I don’t know
iNUp,x,[^not chosen],x,[^not chosen],[^not chosen],[^not chosen],[^not chosen],Remote (fully or mostly),Remote (fully or mostly),Analyst,[\unasked],0,[\unasked],[\unasked],[\unasked],[\unasked],[\unasked],0,[\unasked],[\unasked],[\unasked],[\unasked],[\unasked],[\unasked],[\unasked],[\unasked],0,[\unasked],[\unasked],[\unasked],[\unasked],[\unasked],[\unasked],[\unasked],[\unasked],[\unasked],11–20 hours,5,Often,Sometimes,Rarely,Sometimes,Often,Master’s (or similar graduate degree),0,[^not chosen],[^not chosen],[^not chosen],[^not chosen],[^not chosen],[^not chosen],[^not chosen],[^not chosen],[^not chosen],[^not chosen],1,[^not chosen],[^not chosen],[^not chosen],[^not chosen],[^not chosen],x,[^not chosen],[^not chosen],[^not chosen],[^not chosen],Yes
mYJR,x,[^not chosen],[^not chosen],[^not chosen],[^not chosen],[^not chosen],[^not chosen],Remote (fully or mostly),Remote (fully or mostly),Designer,[\unasked],0,[\unasked],[\unasked],[\unasked],[\unasked],[\unasked],0,[\unasked],[\unasked],[\unasked],[\unasked],[\unasked],[\unasked],[\unasked],[\unasked],0,[\unasked],[\unasked],[\unasked],[\unasked],[\unasked],[\unasked],[\unasked],[\unasked],[\unasked],[\unasked],0,[\unasked],[\unasked],[\unasked],[\unasked],[\unasked],Master’s (or similar graduate degree),1,x,[^not chosen],[^not chosen],[^not chosen],[^not chosen],[^not chosen],[^not chosen],[^not chosen],[^not chosen],[^not chosen],1,x,[^not chosen],[^not chosen],[^not chosen],[^not chosen],[^not chosen],[^not chosen],[^not chosen],[^not chosen],[^not chosen],No
zPGq,[^not chosen],x,[^not chosen],[^not chosen],[^not chosen],[^not chosen],[^not chosen],Remote (fully or mostly),Remote (fully or mostly),[\unasked],Developer,3,x,x,[^not chosen],x,[^not chosen],2,[^not chosen],[^not chosen],[^not chosen],x,[^not chosen],x,[^not chosen],[\unasked],0,[\unasked],[\unasked],[\unasked],[\unasked],[\unasked],[\unasked],[\unasked],[\unasked],[\unasked],[\unasked],0,[\unasked],[\unasked],[\unasked],[\unasked],[\unasked],Bachelor’s degree,1,[^not chosen],[^not chosen],[^not chosen],[^not chosen],[^not chosen],x,[^not chosen],[^not chosen],[^not chosen],[^not chosen],0,[^not chosen],[^not chosen],[^not chosen],[^not chosen],[^not chosen],[^not chosen],[^not chosen],[^not chosen],[^not chosen],[^not chosen],Yes
rxIH,[^not chosen],[^not chosen],[^not chosen],[^not chosen],x,[^not chosen],[^not chosen],Remote (fully or mostly),Remote (fully or mostly),[\unasked],[\unasked],0,[\unasked],[\unasked],[\unasked],[\unasked],[\unasked],0,[\unasked],[\unasked],[\unasked],[\unasked],[\unasked],[\unasked],[\unasked],Arts and Humanities,3,x,x,x,[^not chosen],[^not chosen],[\unasked],[\unasked],[\unasked],[\unasked],[\unasked],0,[\unasked],[\unasked],[\unasked],[\unasked],[\unasked],"Doctoral degree (e.g., PhD, EdD, PsyD)",2,x,[^not chosen],[^not chosen],[^not chosen],[^not chosen],[^not chosen],x,[^not chosen],[^not chosen],[^not chosen],1,x,[^not chosen],[^not chosen],[^not chosen],[^not chosen],[^not chosen],[^not chosen],[^not chosen],[^not chosen],[^not chosen],Yes
tjAP,x,x,x,[^not chosen],[^not chosen],[^not chosen],[^not chosen],Remote (fully or mostly),Remote (fully or mostly),None of these describes my role,Analyst,1,[^not chosen],x,[^not chosen],[^not chosen],[^not chosen],2,[^not chosen],[^not chosen],x,[^not chosen],[^not chosen],x,[^not chosen],[\unasked],0,[\unasked],[\unasked],[\unasked],[\unasked],[\unasked],[\unasked],[\unasked],[\unasked],[\unasked],More than 40 hours,4,Sometimes,Rarely,Never,Often,Rarely,Bachelor’s degree,1,[^not chosen],[^not chosen],[^not chosen],[^not chosen],[^not chosen],x,[^not chosen],[^not chosen],[^not chosen],[^not chosen],0,[^not chosen],[^not chosen],[^not chosen],[^not chosen],[^not chosen],[^not chosen],[^not chosen],[^not chosen],[^not chosen],[^not chosen],Yes
kYmR,[^not chosen],[^not chosen],[^not chosen],x,[^not chosen],[^not chosen],[^not chosen],Remote (fully or mostly),Remote (fully or mostly),[\unasked],[\unasked],0,[\unasked],[\unasked],[\unasked],[\unasked],[\unasked],0,[\unasked],[\unasked],[\unasked],[\unasked],[\unasked],[\unasked],[\unasked],[\unasked],0,[\unasked],[\unasked],[\unasked],[\unasked],[\unasked],Full time,PhD/Doctorate,No,Computer Science,[\unasked],0,[\unasked],[\unasked],[\unasked],[\unasked],[\unasked],Master’s (or similar graduate degree),1,x,[^not chosen],[^not chosen],[^not chosen],[^not chosen],[^not chosen],[^not chosen],[^not chosen],[^not chosen],[^not chosen],1,x,[^not chosen],[^not chosen],[^not chosen],[^not chosen],[^not chosen],[^not chosen],[^not chosen],[^not chosen],[^not chosen],Yes
qQUH,[^not chosen],x,[^not chosen],[^not chosen],[^not chosen],[^not chosen],[^not chosen],Remote (fully or mostly),Remote (fully or mostly),[\unasked],Developer,1,[^not chosen],[^not chosen],[^not chosen],x,[^not chosen],1,[^not chosen],[^not chosen],[^not chosen],[^not chosen],[^not chosen],[^not chosen],Cooperative Extension,[\unasked],0,[\unasked],[\unasked],[\unasked],[\unasked],[\unasked],[\unasked],[\unasked],[\unasked],[\unasked],[\unasked],0,[\unasked],[\unasked],[\unasked],[\unasked],[\unasked],Master’s (or similar graduate degree),3,[^not chosen],[^not chosen],[^not chosen],[^not chosen],[^not chosen],x,x,[^not chosen],x,[^not chosen],4,[^not chosen],[^not chosen],[^not chosen],x,x,[^not chosen],x,[^not chosen],x,[^not chosen],No
CDJz,[^not chosen],x,[^not chosen],[^not chosen],[^not chosen],[^not chosen],[^not chosen],Remote (fully or mostly),Remote (fully or mostly),[\unasked],Developer,1,[^not chosen],x,[^not chosen],[^not chosen],[^not chosen],1,[^not chosen],[^not chosen],[^not chosen],[^not chosen],[^not chosen],x,[^not chosen],[\unasked],0,[\unasked],[\unasked],[\unasked],[\unasked],[\unasked],[\unasked],[\unasked],[\unasked],[\unasked],[\unasked],0,[\unasked],[\unasked],[\unasked],[\unasked],[\unasked],Bachelor’s degree,1,x,[^not chosen],[^not chosen],[^not chosen],[^not chosen],[^not chosen],[^not chosen],[^not chosen],[^not chosen],[^not chosen],0,[^not chosen],[^not chosen],[^not chosen],[^not chosen],[^not chosen],[^not chosen],[^not chosen],[^not chosen],[^not chosen],[^not chosen],I don’t know
GOEz,[^not chosen],x,[^not chosen],[^not chosen],[^not chosen],[^not chosen],[^not chosen],Remote (fully or mostly),Remote (fully or mostly),[\unasked],Designer,1,[^not chosen],x,[^not chosen],[^not chosen],[^not chosen],1,[^not chosen],[^not chosen],x,[^not chosen],[^not chosen],[^not chosen],[^not chosen],[\unasked],0,[\unasked],[\unasked],[\unasked],[\unasked],[\unasked],[\unasked],[\unasked],[\unasked],[\unasked],[\unasked],0,[\unasked],[\unasked],[\unasked],[\unasked],[\unasked],Master’s (or similar graduate degree),1,[^not chosen],[^not chosen],[^not chosen],[^not chosen],[^not chosen],x,[^not chosen],[^not chosen],[^not chosen],[^not chosen],3,x,x,[^not chosen],[^not chosen],[^not chosen],x,[^not chosen],[^not chosen],[^not chosen],[^not chosen],Yes
qabK,[^not chosen],x,[^not chosen],[^not chosen],[^not chosen],[^not chosen],[^not chosen],Remote (fully or mostly),Remote (fully or mostly),[\unasked],"Leadership (Manager, Director, VP, etc.)",1,x,[^not chosen],[^not chosen],[^not chosen],[^not chosen],0,[^not chosen],[^not chosen],[^not chosen],[^not chosen],[^not chosen],[^not chosen],[^not chosen],[\unasked],0,[\unasked],[\unasked],[\unasked],[\unasked],[\unasked],[\unasked],[\unasked],[\unasked],[\unasked],[\unasked],0,[\unasked],[\unasked],[\unasked],[\unasked],[\unasked],Master’s (or similar graduate degree),1,[^not chosen],[^not chosen],[^not chosen],[^not chosen],[^not chosen],[^not chosen],x,[^not chosen],[^not chosen],[^not chosen],1,[^not chosen],[^not chosen],[^not chosen],[^not chosen],x,[^not chosen],[^not chosen],[^not chosen],[^not chosen],[^not chosen],No
WgOE,[^not chosen],x,[^not chosen],[^not chosen],[^not chosen],[^not chosen],[^not chosen],Remote (fully or mostly),Remote (fully or mostly),[\unasked],Engineer,2,x,[^not chosen],[^not chosen],x,[^not chosen],3,[^not chosen],x,x,[^not chosen],[^not chosen],x,[^not chosen],[\unasked],0,[\unasked],[\unasked],[\unasked],[\unasked],[\unasked],[\unasked],[\unasked],[\unasked],[\unasked],[\unasked],0,[\unasked],[\unasked],[\unasked],[\unasked],[\unasked],"Doctoral degree (e.g., PhD, EdD, PsyD)",1,[^not chosen],[^not chosen],[^not chosen],[^not chosen],[^not chosen],x,[^not chosen],[^not chosen],[^not chosen],[^not chosen],1,[^not chosen],[^not chosen],[^not chosen],[^not chosen],[^not chosen],x,[^not chosen],[^not chosen],[^not chosen],[^not chosen],No
wuMX,[^not chosen],x,[^not chosen],[^not chosen],[^not chosen],[^not chosen],[^not chosen],Remote (fully or mostly),Remote (fully or mostly),[\unasked],None of these describes my role,1,[^not chosen],x,[^not chosen],[^not chosen],[^not chosen],1,[^not chosen],[^not chosen],[^not chosen],[^not chosen],[^not chosen],x,[^not chosen],[\unasked],0,[\unasked],[\unasked],[\unasked],[\unasked],[\unasked],[\unasked],[\unasked],[\unasked],[\unasked],[\unasked],0,[\unasked],[\unasked],[\unasked],[\unasked],[\unasked],Bachelor’s degree,1,[^not chosen],[^not chosen],[^not chosen],[^not chosen],[^not chosen],[^not chosen],[^not chosen],[^not chosen],[^not chosen],Mathematics,0,[^not chosen],[^not chosen],[^not chosen],[^not chosen],[^not chosen],[^not chosen],[^not chosen],[^not chosen],[^not chosen],[^not chosen],Yes
YmNa,[^not chosen],x,[^not chosen],[^not chosen],[^not chosen],[^not chosen],[^not chosen],Remote (fully or mostly),Remote (fully or mostly),[\unasked],Analyst,2,x,[^not chosen],x,[^not chosen],[^not chosen],1,[^not chosen],x,[^not chosen],[^not chosen],[^not chosen],[^not chosen],[^not chosen],[\unasked],0,[\unasked],[\unasked],[\unasked],[\unasked],[\unasked],[\unasked],[\unasked],[\unasked],[\unasked],[\unasked],0,[\unasked],[\unasked],[\unasked],[\unasked],[\unasked],Master’s (or similar graduate degree),1,[^not chosen],[^not chosen],[^not chosen],[^not chosen],[^not chosen],[^not chosen],x,[^not chosen],[^not chosen],[^not chosen],2,[^not chosen],[^not chosen],[^not chosen],[^not chosen],x,x,[^not chosen],[^not chosen],[^not chosen],[^not chosen],No
zQtK,[^not chosen],x,x,x,[^not chosen],[^not chosen],[^not chosen],Hybrid,Remote (fully or mostly),[\unasked],None of these describes my role,1,[^not chosen],[^not chosen],x,[^not chosen],[^not chosen],1,[^not chosen],[^not chosen],[^not chosen],[^not chosen],[^not chosen],x,[^not chosen],[\unasked],0,[\unasked],[\unasked],[\unasked],[\unasked],[\unasked],Full time,Graduate/Master’s,"Yes, in a required course",Data Science,5 hours or less,4,Sometimes,Often,Rarely,Never,Often,Bachelor’s degree,1,[^not chosen],[^not chosen],[^not chosen],[^not chosen],[^not chosen],x,[^not chosen],[^not chosen],[^not chosen],[^not chosen],0,[^not chosen],[^not chosen],[^not chosen],[^not chosen],[^not chosen],[^not chosen],[^not chosen],[^not chosen],[^not chosen],[^not chosen],Yes
gAYQ,x,x,[^not chosen],x,[^not chosen],[^not chosen],[^not chosen],Remote (fully or mostly),Remote (fully or mostly),Analyst,Scientist,2,[^not chosen],[^not chosen],x,x,[^not chosen],1,[^not chosen],[^not chosen],[^not chosen],[^not chosen],[^not chosen],x,[^not chosen],[\unasked],0,[\unasked],[\unasked],[\unasked],[\unasked],[\unasked],Full time,PhD/Doctorate,"Yes, in an elective course",Policy Analysis,[\unasked],0,[\unasked],[\unasked],[\unasked],[\unasked],[\unasked],Master’s (or similar graduate degree),1,[^not chosen],[^not chosen],[^not chosen],[^not chosen],[^not chosen],x,[^not chosen],[^not chosen],[^not chosen],[^not chosen],1,[^not chosen],[^not chosen],[^not chosen],[^not chosen],[^not chosen],[^not chosen],[^not chosen],[^not chosen],[^not chosen],Public Policy,Yes
TQLS,x,x,[^not chosen],[^not chosen],[^not chosen],[^not chosen],[^not chosen],Remote (fully or mostly),Remote (fully or mostly),Analyst,None of these describes my role,1,[^not chosen],x,[^not chosen],[^not chosen],[^not chosen],1,[^not chosen],[^not chosen],x,[^not chosen],[^not chosen],[^not chosen],[^not chosen],[\unasked],0,[\unasked],[\unasked],[\unasked],[\unasked],[\unasked],[\unasked],[\unasked],[\unasked],[\unasked],[\unasked],0,[\unasked],[\unasked],[\unasked],[\unasked],[\unasked],Master’s (or similar graduate degree),1,[^not chosen],[^not chosen],[^not chosen],[^not chosen],[^not chosen],[^not chosen],x,[^not chosen],[^not chosen],[^not chosen],1,[^not chosen],[^not chosen],[^not chosen],[^not chosen],[^not chosen],[^not chosen],x,[^not chosen],[^not chosen],[^not chosen],No
Ftga,x,x,[^not chosen],[^not chosen],[^not chosen],[^not chosen],[^not chosen],Remote (fully or mostly),Remote (fully or mostly),Designer,Designer,1,[^not chosen],x,[^not chosen],[^not chosen],[^not chosen],1,[^not chosen],[^not chosen],[^not chosen],x,[^not chosen],[^not chosen],[^not chosen],[\unasked],0,[\unasked],[\unasked],[\unasked],[\unasked],[\unasked],[\unasked],[\unasked],[\unasked],[\unasked],[\unasked],0,[\unasked],[\unasked],[\unasked],[\unasked],[\unasked],Master’s (or similar graduate degree),1,x,[^not chosen],[^not chosen],[^not chosen],[^not chosen],[^not chosen],[^not chosen],[^not chosen],[^not chosen],[^not chosen],1,x,[^not chosen],[^not chosen],[^not chosen],[^not chosen],[^not chosen],[^not chosen],[^not chosen],[^not chosen],[^not chosen],Yes
TxFy,[^not chosen],x,[^not chosen],[^not chosen],[^not chosen],[^not chosen],[^not chosen],Hybrid,Remote (fully or mostly),[\unasked],Developer,1,[^not chosen],x,[^not chosen],[^not chosen],[^not chosen],1,[^not chosen],x,[^not chosen],[^not chosen],[^not chosen],[^not chosen],[^not chosen],[\unasked],0,[\unasked],[\unasked],[\unasked],[\unasked],[\unasked],[\unasked],[\unasked],[\unasked],[\unasked],[\unasked],0,[\unasked],[\unasked],[\unasked],[\unasked],[\unasked],Bachelor’s degree,1,[^not chosen],x,[^not chosen],[^not chosen],[^not chosen],[^not chosen],[^not chosen],[^not chosen],[^not chosen],[^not chosen],0,[^not chosen],[^not chosen],[^not chosen],[^not chosen],[^not chosen],[^not chosen],[^not chosen],[^not chosen],[^not chosen],[^not chosen],Yes
CSOJ,x,[^not chosen],[^not chosen],[^not chosen],[^not chosen],[^not chosen],[^not chosen],Remote (fully or mostly),Remote (fully or mostly),Developer,[\unasked],0,[\unasked],[\unasked],[\unasked],[\unasked],[\unasked],0,[\unasked],[\unasked],[\unasked],[\unasked],[\unasked],[\unasked],[\unasked],[\unasked],0,[\unasked],[\unasked],[\unasked],[\unasked],[\unasked],[\unasked],[\unasked],[\unasked],[\unasked],[\unasked],0,[\unasked],[\unasked],[\unasked],[\unasked],[\unasked],Bachelor’s degree,1,[^not chosen],[^not chosen],[^not chosen],[^not chosen],[^not chosen],x,[^not chosen],[^not chosen],[^not chosen],[^not chosen],0,[^not chosen],[^not chosen],[^not chosen],[^not chosen],[^not chosen],[^not chosen],[^not chosen],[^not chosen],[^not chosen],[^not chosen],No
TtDB,[^not chosen],x,[^not chosen],[^not chosen],[^not chosen],[^not chosen],[^not chosen],Hybrid,Remote (fully or mostly),[\unasked],Designer,1,[^not chosen],x,[^not chosen],[^not chosen],[^not chosen],1,[^not chosen],x,[^not chosen],[^not chosen],[^not chosen],[^not chosen],[^not chosen],[\unasked],0,[\unasked],[\unasked],[\unasked],[\unasked],[\unasked],[\unasked],[\unasked],[\unasked],[\unasked],[\unasked],0,[\unasked],[\unasked],[\unasked],[\unasked],[\unasked],Bachelor’s degree,1,[^not chosen],[^not chosen],x,[^not chosen],[^not chosen],[^not chosen],[^not chosen],[^not chosen],[^not chosen],[^not chosen],0,[^not chosen],[^not chosen],[^not chosen],[^not chosen],[^not chosen],[^not chosen],[^not chosen],[^not chosen],[^not chosen],[^not chosen],No
ahmL,[^not chosen],x,[^not chosen],[^not chosen],[^not chosen],[^not chosen],[^not chosen],Hybrid,Remote (fully or mostly),[\unasked],"Leadership (Manager, Director, VP, etc.)",1,[^not chosen],[^not chosen],x,[^not chosen],[^not chosen],1,[^not chosen],[^not chosen],[^not chosen],[^not chosen],[^not chosen],[^not chosen],public policy,[\unasked],0,[\unasked],[\unasked],[\unasked],[\unasked],[\unasked],[\unasked],[\unasked],[\unasked],[\unasked],[\unasked],0,[\unasked],[\unasked],[\unasked],[\unasked],[\unasked],High school diploma,0,[^not chosen],[^not chosen],[^not chosen],[^not chosen],[^not chosen],[^not chosen],[^not chosen],[^not chosen],[^not chosen],[^not chosen],0,[^not chosen],[^not chosen],[^not chosen],[^not chosen],[^not chosen],[^not chosen],[^not chosen],[^not chosen],[^not chosen],[^not chosen],No
YUpZ,[^not chosen],x,[^not chosen],[^not chosen],[^not chosen],[^not chosen],[^not chosen],Remote (fully or mostly),Remote (fully or mostly),[\unasked],"Leadership (Manager, Director, VP, etc.)",1,[^not chosen],x,[^not chosen],[^not chosen],[^not chosen],1,[^not chosen],[^not chosen],[^not chosen],[^not chosen],x,[^not chosen],[^not chosen],[\unasked],0,[\unasked],[\unasked],[\unasked],[\unasked],[\unasked],[\unasked],[\unasked],[\unasked],[\unasked],[\unasked],0,[\unasked],[\unasked],[\unasked],[\unasked],[\unasked],Master’s (or similar graduate degree),1,x,[^not chosen],[^not chosen],[^not chosen],[^not chosen],[^not chosen],[^not chosen],[^not chosen],[^not chosen],[^not chosen],1,[^not chosen],x,[^not chosen],[^not chosen],[^not chosen],[^not chosen],[^not chosen],[^not chosen],[^not chosen],[^not chosen],No
NAte,[^not chosen],[^not chosen],[^not chosen],x,[^not chosen],[^not chosen],[^not chosen],Remote (fully or mostly),Remote (fully or mostly),[\unasked],[\unasked],0,[\unasked],[\unasked],[\unasked],[\unasked],[\unasked],0,[\unasked],[\unasked],[\unasked],[\unasked],[\unasked],[\unasked],[\unasked],[\unasked],0,[\unasked],[\unasked],[\unasked],[\unasked],[\unasked],Full time,PhD/Doctorate,"Yes, in a required course",Computer Science,[\unasked],0,[\unasked],[\unasked],[\unasked],[\unasked],[\unasked],Master’s (or similar graduate degree),1,x,[^not chosen],[^not chosen],[^not chosen],[^not chosen],[^not chosen],[^not chosen],[^not chosen],[^not chosen],[^not chosen],2,x,[^not chosen],[^not chosen],[^not chosen],[^not chosen],x,[^not chosen],[^not chosen],[^not chosen],[^not chosen],I don’t know
TMIt,[^not chosen],x,[^not chosen],[^not chosen],[^not chosen],[^not chosen],[^not chosen],Remote (fully or mostly),Remote (fully or mostly),[\unasked],Designer,1,[^not chosen],x,[^not chosen],[^not chosen],[^not chosen],1,[^not chosen],[^not chosen],[^not chosen],[^not chosen],[^not chosen],x,[^not chosen],[\unasked],0,[\unasked],[\unasked],[\unasked],[\unasked],[\unasked],[\unasked],[\unasked],[\unasked],[\unasked],[\unasked],0,[\unasked],[\unasked],[\unasked],[\unasked],[\unasked],Bachelor’s degree,1,x,[^not chosen],[^not chosen],[^not chosen],[^not chosen],[^not chosen],[^not chosen],[^not chosen],[^not chosen],[^not chosen],0,[^not chosen],[^not chosen],[^not chosen],[^not chosen],[^not chosen],[^not chosen],[^not chosen],[^not chosen],[^not chosen],[^not chosen],No
vgfA,[^not chosen],x,x,[^not chosen],[^not chosen],[^not chosen],[^not chosen],Remote (fully or mostly),Remote (fully or mostly),[\unasked],Designer,1,[^not chosen],[^not chosen],x,[^not chosen],[^not chosen],1,[^not chosen],x,[^not chosen],[^not chosen],[^not chosen],[^not chosen],[^not chosen],[\unasked],0,[\unasked],[\unasked],[\unasked],[\unasked],[\unasked],[\unasked],[\unasked],[\unasked],[\unasked],5 hours or less,5,Sometimes,Sometimes,Sometimes,Often,Sometimes,Bachelor’s degree,1,x,[^not chosen],[^not chosen],[^not chosen],[^not chosen],[^not chosen],[^not chosen],[^not chosen],[^not chosen],[^not chosen],0,[^not chosen],[^not chosen],[^not chosen],[^not chosen],[^not chosen],[^not chosen],[^not chosen],[^not chosen],[^not chosen],[^not chosen],Yes
VzrH,x,x,[^not chosen],[^not chosen],[^not chosen],[^not chosen],[^not chosen],Remote (fully or mostly),Remote (fully or mostly),Analyst,Analyst,1,[^not chosen],x,[^not chosen],[^not chosen],[^not chosen],1,[^not chosen],x,[^not chosen],[^not chosen],[^not chosen],[^not chosen],[^not chosen],[\unasked],0,[\unasked],[\unasked],[\unasked],[\unasked],[\unasked],[\unasked],[\unasked],[\unasked],[\unasked],[\unasked],0,[\unasked],[\unasked],[\unasked],[\unasked],[\unasked],Bachelor’s degree,2,[^not chosen],x,[^not chosen],[^not chosen],[^not chosen],[^not chosen],[^not chosen],[^not chosen],[^not chosen],Advertising,0,[^not chosen],[^not chosen],[^not chosen],[^not chosen],[^not chosen],[^not chosen],[^not chosen],[^not chosen],[^not chosen],[^not chosen],Yes
GXoM,[^not chosen],x,[^not chosen],[^not chosen],[^not chosen],[^not chosen],[^not chosen],Hybrid,Remote (fully or mostly),[\unasked],Engineer,1,[^not chosen],x,[^not chosen],[^not chosen],[^not chosen],1,[^not chosen],[^not chosen],[^not chosen],[^not chosen],[^not chosen],[^not chosen],Entertainment,[\unasked],0,[\unasked],[\unasked],[\unasked],[\unasked],[\unasked],[\unasked],[\unasked],[\unasked],[\unasked],[\unasked],0,[\unasked],[\unasked],[\unasked],[\unasked],[\unasked],Master’s (or similar graduate degree),1,[^not chosen],[^not chosen],[^not chosen],[^not chosen],[^not chosen],x,[^not chosen],[^not chosen],[^not chosen],[^not chosen],1,[^not chosen],[^not chosen],[^not chosen],[^not chosen],[^not chosen],[^not chosen],[^not chosen],[^not chosen],x,[^not chosen],I don’t know
OjKQ,[^not chosen],x,[^not chosen],[^not chosen],[^not chosen],[^not chosen],[^not chosen],Remote (fully or mostly),Remote (fully or mostly),[\unasked],"Leadership (Manager, Director, VP, etc.)",1,[^not chosen],x,[^not chosen],[^not chosen],[^not chosen],1,[^not chosen],[^not chosen],[^not chosen],[^not chosen],[^not chosen],x,[^not chosen],[\unasked],0,[\unasked],[\unasked],[\unasked],[\unasked],[\unasked],[\unasked],[\unasked],[\unasked],[\unasked],[\unasked],0,[\unasked],[\unasked],[\unasked],[\unasked],[\unasked],Master’s (or similar graduate degree),1,[^not chosen],[^not chosen],[^not chosen],[^not chosen],[^not chosen],x,[^not chosen],[^not chosen],[^not chosen],[^not chosen],2,[^not chosen],x,[^not chosen],[^not chosen],[^not chosen],x,[^not chosen],[^not chosen],[^not chosen],[^not chosen],Yes
Hopx,[^not chosen],x,[^not chosen],[^not chosen],[^not chosen],[^not chosen],[^not chosen],Remote (fully or mostly),Remote (fully or mostly),[\unasked],Developer,1,[^not chosen],[^not chosen],x,[^not chosen],[^not chosen],1,[^not chosen],x,[^not chosen],[^not chosen],[^not chosen],[^not chosen],[^not chosen],[\unasked],0,[\unasked],[\unasked],[\unasked],[\unasked],[\unasked],[\unasked],[\unasked],[\unasked],[\unasked],[\unasked],0,[\unasked],[\unasked],[\unasked],[\unasked],[\unasked],Master’s (or similar graduate degree),1,x,[^not chosen],[^not chosen],[^not chosen],[^not chosen],[^not chosen],[^not chosen],[^not chosen],[^not chosen],[^not chosen],1,x,[^not chosen],[^not chosen],[^not chosen],[^not chosen],[^not chosen],[^not chosen],[^not chosen],[^not chosen],[^not chosen],Yes
qIHX,[^not chosen],x,[^not chosen],[^not chosen],[^not chosen],[^not chosen],[^not chosen],Hybrid,Remote (fully or mostly),[\unasked],Analyst,2,x,x,[^not chosen],[^not chosen],[^not chosen],2,[^not chosen],[^not chosen],x,[^not chosen],[^not chosen],[^not chosen],"Aerospace, Geospatial",[\unasked],0,[\unasked],[\unasked],[\unasked],[\unasked],[\unasked],[\unasked],[\unasked],[\unasked],[\unasked],[\unasked],0,[\unasked],[\unasked],[\unasked],[\unasked],[\unasked],Master’s (or similar graduate degree),2,[^not chosen],[^not chosen],[^not chosen],[^not chosen],[^not chosen],x,x,[^not chosen],[^not chosen],[^not chosen],1,[^not chosen],[^not chosen],[^not chosen],[^not chosen],[^not chosen],x,[^not chosen],[^not chosen],[^not chosen],[^not chosen],No
qjeh,[^not chosen],x,x,[^not chosen],[^not chosen],[^not chosen],[^not chosen],Remote (fully or mostly),Remote (fully or mostly),[\unasked],Analyst,1,x,[^not chosen],[^not chosen],[^not chosen],[^not chosen],1,[^not chosen],[^not chosen],[^not chosen],[^not chosen],[^not chosen],[^not chosen],Auditing,[\unasked],0,[\unasked],[\unasked],[\unasked],[\unasked],[\unasked],[\unasked],[\unasked],[\unasked],[\unasked],6–10 hours,5,Often,Sometimes,Often,Sometimes,Often,Master’s (or similar graduate degree),1,x,[^not chosen],[^not chosen],[^not chosen],[^not chosen],[^not chosen],[^not chosen],[^not chosen],[^not chosen],[^not chosen],1,[^not chosen],[^not chosen],[^not chosen],[^not chosen],[^not chosen],[^not chosen],x,[^not chosen],[^not chosen],[^not chosen],Yes
GqnI,[^not chosen],x,[^not chosen],[^not chosen],[^not chosen],[^not chosen],[^not chosen],Remote (fully or mostly),Remote (fully or mostly),[\unasked],Developer,1,[^not chosen],x,[^not chosen],[^not chosen],[^not chosen],1,[^not chosen],[^not chosen],[^not chosen],[^not chosen],[^not chosen],[^not chosen],Commercial real estate,[\unasked],0,[\unasked],[\unasked],[\unasked],[\unasked],[\unasked],[\unasked],[\unasked],[\unasked],[\unasked],[\unasked],0,[\unasked],[\unasked],[\unasked],[\unasked],[\unasked],Bachelor’s degree,1,[^not chosen],[^not chosen],[^not chosen],[^not chosen],[^not chosen],[^not chosen],[^not chosen],[^not chosen],[^not chosen],Mechanical Engineering,0,[^not chosen],[^not chosen],[^not chosen],[^not chosen],[^not chosen],[^not chosen],[^not chosen],[^not chosen],[^not chosen],[^not chosen],No
Skzj,[^not chosen],[^not chosen],[^not chosen],[^not chosen],[^not chosen],x,[^not chosen],Self directed projects,Remote (fully or mostly),[\unasked],[\unasked],0,[\unasked],[\unasked],[\unasked],[\unasked],[\unasked],0,[\unasked],[\unasked],[\unasked],[\unasked],[\unasked],[\unasked],[\unasked],[\unasked],0,[\unasked],[\unasked],[\unasked],[\unasked],[\unasked],[\unasked],[\unasked],[\unasked],[\unasked],[\unasked],0,[\unasked],[\unasked],[\unasked],[\unasked],[\unasked],Master’s (or similar graduate degree),1,[^not chosen],[^not chosen],[^not chosen],[^not chosen],[^not chosen],[^not chosen],x,[^not chosen],[^not chosen],[^not chosen],1,x,[^not chosen],[^not chosen],[^not chosen],[^not chosen],[^not chosen],[^not chosen],[^not chosen],[^not chosen],[^not chosen],I don’t know
HNAB,[^not chosen],x,x,[^not chosen],[^not chosen],[^not chosen],[^not chosen],Remote (fully or mostly),Remote (fully or mostly),[\unasked],Analyst,1,[^not chosen],x,[^not chosen],[^not chosen],[^not chosen],2,[^not chosen],[^not chosen],[^not chosen],[^not chosen],x,x,[^not chosen],[\unasked],0,[\unasked],[\unasked],[\unasked],[\unasked],[\unasked],[\unasked],[\unasked],[\unasked],[\unasked],5 hours or less,5,Rarely,Rarely,Rarely,Often,Rarely,Master’s (or similar graduate degree),1,[^not chosen],x,[^not chosen],[^not chosen],[^not chosen],[^not chosen],[^not chosen],[^not chosen],[^not chosen],[^not chosen],1,[^not chosen],x,[^not chosen],[^not chosen],[^not chosen],[^not chosen],[^not chosen],[^not chosen],[^not chosen],[^not chosen],No
OmCD,x,x,[^not chosen],[^not chosen],[^not chosen],[^not chosen],[^not chosen],Hybrid,Remote (fully or mostly),Designer,Cartographer,1,x,[^not chosen],[^not chosen],[^not chosen],[^not chosen],1,[^not chosen],[^not chosen],[^not chosen],[^not chosen],[^not chosen],[^not chosen],Government,[\unasked],0,[\unasked],[\unasked],[\unasked],[\unasked],[\unasked],[\unasked],[\unasked],[\unasked],[\unasked],[\unasked],0,[\unasked],[\unasked],[\unasked],[\unasked],[\unasked],Master’s (or similar graduate degree),1,[^not chosen],[^not chosen],[^not chosen],[^not chosen],[^not chosen],[^not chosen],x,[^not chosen],[^not chosen],[^not chosen],1,[^not chosen],[^not chosen],[^not chosen],[^not chosen],[^not chosen],[^not chosen],x,[^not chosen],[^not chosen],[^not chosen],No
lJhd,[^not chosen],x,[^not chosen],[^not chosen],[^not chosen],[^not chosen],[^not chosen],Hybrid,Remote (fully or mostly),[\unasked],Analyst,1,[^not chosen],x,[^not chosen],[^not chosen],[^not chosen],1,[^not chosen],[^not chosen],[^not chosen],[^not chosen],[^not chosen],[^not chosen],Energy,[\unasked],0,[\unasked],[\unasked],[\unasked],[\unasked],[\unasked],[\unasked],[\unasked],[\unasked],[\unasked],[\unasked],0,[\unasked],[\unasked],[\unasked],[\unasked],[\unasked],"Doctoral degree (e.g., PhD, EdD, PsyD)",1,[^not chosen],[^not chosen],[^not chosen],[^not chosen],[^not chosen],x,[^not chosen],[^not chosen],[^not chosen],[^not chosen],1,[^not chosen],[^not chosen],[^not chosen],[^not chosen],[^not chosen],x,[^not chosen],[^not chosen],[^not chosen],[^not chosen],No
gFeT,[^not chosen],x,[^not chosen],[^not chosen],[^not chosen],[^not chosen],[^not chosen],Remote (fully or mostly),Remote (fully or mostly),[\unasked],Designer,1,[^not chosen],[^not chosen],x,[^not chosen],[^not chosen],3,[^not chosen],x,x,[^not chosen],[^not chosen],x,[^not chosen],[\unasked],0,[\unasked],[\unasked],[\unasked],[\unasked],[\unasked],[\unasked],[\unasked],[\unasked],[\unasked],[\unasked],0,[\unasked],[\unasked],[\unasked],[\unasked],[\unasked],Master’s (or similar graduate degree),1,[^not chosen],[^not chosen],[^not chosen],x,[^not chosen],[^not chosen],[^not chosen],[^not chosen],[^not chosen],[^not chosen],1,[^not chosen],[^not chosen],[^not chosen],x,[^not chosen],[^not chosen],[^not chosen],[^not chosen],[^not chosen],[^not chosen],Yes
LFYy,[^not chosen],x,[^not chosen],[^not chosen],[^not chosen],[^not chosen],[^not chosen],Remote (fully or mostly),Remote (fully or mostly),[\unasked],Developer,1,[^not chosen],x,[^not chosen],[^not chosen],[^not chosen],1,[^not chosen],[^not chosen],[^not chosen],[^not chosen],x,[^not chosen],[^not chosen],[\unasked],0,[\unasked],[\unasked],[\unasked],[\unasked],[\unasked],[\unasked],[\unasked],[\unasked],[\unasked],[\unasked],0,[\unasked],[\unasked],[\unasked],[\unasked],[\unasked],Bachelor’s degree,1,[^not chosen],x,[^not chosen],[^not chosen],[^not chosen],[^not chosen],[^not chosen],[^not chosen],[^not chosen],[^not chosen],0,[^not chosen],[^not chosen],[^not chosen],[^not chosen],[^not chosen],[^not chosen],[^not chosen],[^not chosen],[^not chosen],[^not chosen],No
Fmfc,[^not chosen],x,[^not chosen],[^not chosen],[^not chosen],[^not chosen],[^not chosen],Remote (fully or mostly),Remote (fully or mostly),[\unasked],Designer,1,[^not chosen],x,[^not chosen],[^not chosen],[^not chosen],1,[^not chosen],[^not chosen],x,[^not chosen],[^not chosen],[^not chosen],[^not chosen],[\unasked],0,[\unasked],[\unasked],[\unasked],[\unasked],[\unasked],[\unasked],[\unasked],[\unasked],[\unasked],[\unasked],0,[\unasked],[\unasked],[\unasked],[\unasked],[\unasked],Bachelor’s degree,2,x,[^not chosen],[^not chosen],[^not chosen],[^not chosen],[^not chosen],[^not chosen],[^not chosen],x,[^not chosen],0,[^not chosen],[^not chosen],[^not chosen],[^not chosen],[^not chosen],[^not chosen],[^not chosen],[^not chosen],[^not chosen],[^not chosen],No
AzLH,[^not chosen],x,[^not chosen],[^not chosen],[^not chosen],[^not chosen],[^not chosen],Remote (fully or mostly),Remote (fully or mostly),[\unasked],Analyst,1,x,[^not chosen],[^not chosen],[^not chosen],[^not chosen],1,[^not chosen],x,[^not chosen],[^not chosen],[^not chosen],[^not chosen],[^not chosen],[\unasked],0,[\unasked],[\unasked],[\unasked],[\unasked],[\unasked],[\unasked],[\unasked],[\unasked],[\unasked],[\unasked],0,[\unasked],[\unasked],[\unasked],[\unasked],[\unasked],Bachelor’s degree,2,x,[^not chosen],[^not chosen],[^not chosen],[^not chosen],[^not chosen],x,[^not chosen],[^not chosen],[^not chosen],0,[^not chosen],[^not chosen],[^not chosen],[^not chosen],[^not chosen],[^not chosen],[^not chosen],[^not chosen],[^not chosen],[^not chosen],No
rqOA,x,[^not chosen],[^not chosen],[^not chosen],[^not chosen],[^not chosen],[^not chosen],Remote (fully or mostly),Remote (fully or mostly),Developer,[\unasked],0,[\unasked],[\unasked],[\unasked],[\unasked],[\unasked],0,[\unasked],[\unasked],[\unasked],[\unasked],[\unasked],[\unasked],[\unasked],[\unasked],0,[\unasked],[\unasked],[\unasked],[\unasked],[\unasked],[\unasked],[\unasked],[\unasked],[\unasked],[\unasked],0,[\unasked],[\unasked],[\unasked],[\unasked],[\unasked],Master’s (or similar graduate degree),2,x,[^not chosen],[^not chosen],[^not chosen],[^not chosen],x,[^not chosen],[^not chosen],[^not chosen],[^not chosen],1,[^not chosen],[^not chosen],[^not chosen],[^not chosen],[^not chosen],x,[^not chosen],[^not chosen],[^not chosen],[^not chosen],Yes
hbal,[^not chosen],x,[^not chosen],[^not chosen],[^not chosen],[^not chosen],[^not chosen],Remote (fully or mostly),Remote (fully or mostly),[\unasked],Developer,2,x,x,[^not chosen],[^not chosen],[^not chosen],2,[^not chosen],[^not chosen],x,[^not chosen],[^not chosen],x,[^not chosen],[\unasked],0,[\unasked],[\unasked],[\unasked],[\unasked],[\unasked],[\unasked],[\unasked],[\unasked],[\unasked],[\unasked],0,[\unasked],[\unasked],[\unasked],[\unasked],[\unasked],Bachelor’s degree,1,[^not chosen],[^not chosen],[^not chosen],[^not chosen],[^not chosen],x,[^not chosen],[^not chosen],[^not chosen],[^not chosen],0,[^not chosen],[^not chosen],[^not chosen],[^not chosen],[^not chosen],[^not chosen],[^not chosen],[^not chosen],[^not chosen],[^not chosen],Yes
GWDA,[^not chosen],x,[^not chosen],[^not chosen],[^not chosen],[^not chosen],[^not chosen],Remote (fully or mostly),Remote (fully or mostly),[\unasked],Analyst,1,x,[^not chosen],[^not chosen],[^not chosen],[^not chosen],1,[^not chosen],[^not chosen],[^not chosen],[^not chosen],[^not chosen],[^not chosen],Statistics and analysis,[\unasked],0,[\unasked],[\unasked],[\unasked],[\unasked],[\unasked],[\unasked],[\unasked],[\unasked],[\unasked],[\unasked],0,[\unasked],[\unasked],[\unasked],[\unasked],[\unasked],Master’s (or similar graduate degree),1,[^not chosen],[^not chosen],[^not chosen],[^not chosen],[^not chosen],x,[^not chosen],[^not chosen],[^not chosen],[^not chosen],1,[^not chosen],[^not chosen],[^not chosen],[^not chosen],[^not chosen],x,[^not chosen],[^not chosen],[^not chosen],[^not chosen],Yes
Vwau,x,[^not chosen],x,[^not chosen],[^not chosen],[^not chosen],[^not chosen],Remote (fully or mostly),Remote (fully or mostly),Analyst,[\unasked],0,[\unasked],[\unasked],[\unasked],[\unasked],[\unasked],0,[\unasked],[\unasked],[\unasked],[\unasked],[\unasked],[\unasked],[\unasked],[\unasked],0,[\unasked],[\unasked],[\unasked],[\unasked],[\unasked],[\unasked],[\unasked],[\unasked],[\unasked],11–20 hours,3,Often,Often,,,Often,Bachelor’s degree,1,[^not chosen],[^not chosen],[^not chosen],[^not chosen],[^not chosen],x,[^not chosen],[^not chosen],[^not chosen],[^not chosen],0,[^not chosen],[^not chosen],[^not chosen],[^not chosen],[^not chosen],[^not chosen],[^not chosen],[^not chosen],[^not chosen],[^not chosen],No
pPPI,x,[^not chosen],x,[^not chosen],x,x,[^not chosen],Remote (fully or mostly),Remote (fully or mostly),"Leadership (Manager, Director, VP, etc.)",[\unasked],0,[\unasked],[\unasked],[\unasked],[\unasked],[\unasked],0,[\unasked],[\unasked],[\unasked],[\unasked],[\unasked],[\unasked],[\unasked],Multi-/Interdisciplinary Studies,4,x,x,x,x,[^not chosen],[\unasked],[\unasked],[\unasked],[\unasked],5 hours or less,5,Often,Often,Sometimes,Often,Often,Master’s (or similar graduate degree),0,[\unfinished],[\unfinished],[\unfinished],[\unfinished],[\unfinished],[\unfinished],[\unfinished],[\unfinished],[\unfinished],[\unfinished],0,[\unfinished],[\unfinished],[\unfinished],[\unfinished],[\unfinished],[\unfinished],[\unfinished],[\unfinished],[\unfinished],[\unfinished],[\unfinished]
goQi,[^not chosen],x,[^not chosen],[^not chosen],[^not chosen],[^not chosen],[^not chosen],Hybrid,Remote (fully or mostly),[\unasked],Scientist,1,x,[^not chosen],[^not chosen],[^not chosen],[^not chosen],1,[^not chosen],x,[^not chosen],[^not chosen],[^not chosen],[^not chosen],[^not chosen],[\unasked],0,[\unasked],[\unasked],[\unasked],[\unasked],[\unasked],[\unasked],[\unasked],[\unasked],[\unasked],[\unasked],0,[\unasked],[\unasked],[\unasked],[\unasked],[\unasked],Master’s (or similar graduate degree),2,[^not chosen],[^not chosen],[^not chosen],x,[^not chosen],[^not chosen],x,[^not chosen],[^not chosen],[^not chosen],1,[^not chosen],[^not chosen],[^not chosen],x,[^not chosen],[^not chosen],[^not chosen],[^not chosen],[^not chosen],[^not chosen],Yes
lSqj,[^not chosen],x,x,[^not chosen],[^not chosen],[^not chosen],[^not chosen],Remote (fully or mostly),Remote (fully or mostly),[\unasked],Designer,1,[^not chosen],[^not chosen],x,[^not chosen],[^not chosen],1,[^not chosen],x,[^not chosen],[^not chosen],[^not chosen],[^not chosen],[^not chosen],[\unasked],0,[\unasked],[\unasked],[\unasked],[\unasked],[\unasked],[\unasked],[\unasked],[\unasked],[\unasked],5 hours or less,4,Often,Sometimes,Never,Often,Often,Master’s (or similar graduate degree),1,[^not chosen],[^not chosen],[^not chosen],[^not chosen],[^not chosen],x,[^not chosen],[^not chosen],[^not chosen],[^not chosen],1,x,[^not chosen],[^not chosen],[^not chosen],[^not chosen],[^not chosen],[^not chosen],[^not chosen],[^not chosen],[^not chosen],Yes
vKtC,x,[^not chosen],[^not chosen],[^not chosen],[^not chosen],[^not chosen],[^not chosen],Remote (fully or mostly),Remote (fully or mostly),Designer,[\unasked],0,[\unasked],[\unasked],[\unasked],[\unasked],[\unasked],0,[\unasked],[\unasked],[\unasked],[\unasked],[\unasked],[\unasked],[\unasked],[\unasked],0,[\unasked],[\unasked],[\unasked],[\unasked],[\unasked],[\unasked],[\unasked],[\unasked],[\unasked],[\unasked],0,[\unasked],[\unasked],[\unasked],[\unasked],[\unasked],Master’s (or similar graduate degree),1,[^not chosen],[^not chosen],[^not chosen],[^not chosen],[^not chosen],[^not chosen],x,[^not chosen],[^not chosen],[^not chosen],1,[^not chosen],[^not chosen],[^not chosen],[^not chosen],[^not chosen],[^not chosen],x,[^not chosen],[^not chosen],[^not chosen],Yes
PyrG,[^not chosen],x,[^not chosen],[^not chosen],[^not chosen],[^not chosen],[^not chosen],Hybrid,Remote (fully or mostly),[\unasked],"Leadership (Manager, Director, VP, etc.)",1,[^not chosen],x,[^not chosen],[^not chosen],[^not chosen],1,[^not chosen],[^not chosen],[^not chosen],[^not chosen],[^not chosen],[^not chosen],Credit Bureau,[\unasked],0,[\unasked],[\unasked],[\unasked],[\unasked],[\unasked],[\unasked],[\unasked],[\unasked],[\unasked],[\unasked],0,[\unasked],[\unasked],[\unasked],[\unasked],[\unasked],Master’s (or similar graduate degree),1,[^not chosen],[^not chosen],[^not chosen],[^not chosen],[^not chosen],x,[^not chosen],[^not chosen],[^not chosen],[^not chosen],2,[^not chosen],x,[^not chosen],[^not chosen],[^not chosen],x,[^not chosen],[^not chosen],[^not chosen],[^not chosen],I don’t know
SwsI,[^not chosen],x,[^not chosen],[^not chosen],[^not chosen],[^not chosen],[^not chosen],Remote (fully or mostly),Remote (fully or mostly),[\unasked],Analyst,1,[^not chosen],[^not chosen],x,[^not chosen],[^not chosen],1,[^not chosen],[^not chosen],[^not chosen],[^not chosen],[^not chosen],[^not chosen],"Early Childhood Education and subsidies, non-profit",[\unasked],0,[\unasked],[\unasked],[\unasked],[\unasked],[\unasked],[\unasked],[\unasked],[\unasked],[\unasked],[\unasked],0,[\unasked],[\unasked],[\unasked],[\unasked],[\unasked],Associate’s degree,1,[^not chosen],[^not chosen],[^not chosen],[^not chosen],[^not chosen],x,[^not chosen],[^not chosen],[^not chosen],[^not chosen],0,[^not chosen],[^not chosen],[^not chosen],[^not chosen],[^not chosen],[^not chosen],[^not chosen],[^not chosen],[^not chosen],[^not chosen],No
rvwk,[^not chosen],x,x,[^not chosen],[^not chosen],[^not chosen],[^not chosen],Remote (fully or mostly),Remote (fully or mostly),[\unasked],Analyst,1,x,[^not chosen],[^not chosen],[^not chosen],[^not chosen],1,[^not chosen],[^not chosen],[^not chosen],[^not chosen],[^not chosen],[^not chosen],Public administration,[\unasked],0,[\unasked],[\unasked],[\unasked],[\unasked],[\unasked],[\unasked],[\unasked],[\unasked],[\unasked],5 hours or less,5,Often,Often,Rarely,Often,Often,Master’s (or similar graduate degree),1,[^not chosen],[^not chosen],[^not chosen],[^not chosen],[^not chosen],[^not chosen],x,[^not chosen],[^not chosen],[^not chosen],1,[^not chosen],[^not chosen],[^not chosen],[^not chosen],[^not chosen],[^not chosen],x,[^not chosen],[^not chosen],[^not chosen],I don’t know
GRpx,[^not chosen],x,x,[^not chosen],[^not chosen],[^not chosen],[^not chosen],Remote (fully or mostly),Remote (fully or mostly),[\unasked],None of these describes my role,2,x,x,[^not chosen],[^not chosen],[^not chosen],1,[^not chosen],[^not chosen],[^not chosen],[^not chosen],[^not chosen],x,[^not chosen],[\unasked],0,[\unasked],[\unasked],[\unasked],[\unasked],[\unasked],[\unasked],[\unasked],[\unasked],[\unasked],5 hours or less,4,Often,Often,Never,Often,Often,Master’s (or similar graduate degree),1,[^not chosen],[^not chosen],[^not chosen],[^not chosen],[^not chosen],[^not chosen],[^not chosen],[^not chosen],[^not chosen],Foreign Languages and Cultures,1,[^not chosen],[^not chosen],[^not chosen],[^not chosen],[^not chosen],[^not chosen],[^not chosen],[^not chosen],[^not chosen],Foreign Languages and Cultures,I don’t know
lOvb,x,[^not chosen],[^not chosen],[^not chosen],[^not chosen],[^not chosen],[^not chosen],Remote (fully or mostly),Remote (fully or mostly),Designer,[\unasked],0,[\unasked],[\unasked],[\unasked],[\unasked],[\unasked],0,[\unasked],[\unasked],[\unasked],[\unasked],[\unasked],[\unasked],[\unasked],[\unasked],0,[\unasked],[\unasked],[\unasked],[\unasked],[\unasked],[\unasked],[\unasked],[\unasked],[\unasked],[\unasked],0,[\unasked],[\unasked],[\unasked],[\unasked],[\unasked],Master’s (or similar graduate degree),1,x,[^not chosen],[^not chosen],[^not chosen],[^not chosen],[^not chosen],[^not chosen],[^not chosen],[^not chosen],[^not chosen],1,[^not chosen],x,[^not chosen],[^not chosen],[^not chosen],[^not chosen],[^not chosen],[^not chosen],[^not chosen],[^not chosen],Yes
nMyz,x,[^not chosen],[^not chosen],[^not chosen],[^not chosen],[^not chosen],[^not chosen],Hybrid,Remote (fully or mostly),Designer,[\unasked],0,[\unasked],[\unasked],[\unasked],[\unasked],[\unasked],0,[\unasked],[\unasked],[\unasked],[\unasked],[\unasked],[\unasked],[\unasked],[\unasked],0,[\unasked],[\unasked],[\unasked],[\unasked],[\unasked],[\unasked],[\unasked],[\unasked],[\unasked],[\unasked],0,[\unasked],[\unasked],[\unasked],[\unasked],[\unasked],Bachelor’s degree,1,[^not chosen],[^not chosen],[^not chosen],[^not chosen],[^not chosen],[^not chosen],[^not chosen],[^not chosen],[^not chosen],psych,0,[^not chosen],[^not chosen],[^not chosen],[^not chosen],[^not chosen],[^not chosen],[^not chosen],[^not chosen],[^not chosen],[^not chosen],Yes
RkRH,[^not chosen],x,[^not chosen],[^not chosen],[^not chosen],[^not chosen],[^not chosen],Remote (fully or mostly),Remote (fully or mostly),[\unasked],Analyst,1,[^not chosen],[^not chosen],x,[^not chosen],[^not chosen],1,[^not chosen],x,[^not chosen],[^not chosen],[^not chosen],[^not chosen],[^not chosen],[\unasked],0,[\unasked],[\unasked],[\unasked],[\unasked],[\unasked],[\unasked],[\unasked],[\unasked],[\unasked],[\unasked],0,[\unasked],[\unasked],[\unasked],[\unasked],[\unasked],Master’s (or similar graduate degree),1,[^not chosen],[^not chosen],[^not chosen],[^not chosen],[^not chosen],[^not chosen],[^not chosen],[^not chosen],[^not chosen],Engineering,1,[^not chosen],[^not chosen],[^not chosen],[^not chosen],[^not chosen],x,[^not chosen],[^not chosen],[^not chosen],[^not chosen],Yes
VGng,[^not chosen],x,[^not chosen],[^not chosen],[^not chosen],[^not chosen],[^not chosen],Remote (fully or mostly),Remote (fully or mostly),[\unasked],Designer,1,[^not chosen],[^not chosen],x,[^not chosen],[^not chosen],1,[^not chosen],x,[^not chosen],[^not chosen],[^not chosen],[^not chosen],[^not chosen],[\unasked],0,[\unasked],[\unasked],[\unasked],[\unasked],[\unasked],[\unasked],[\unasked],[\unasked],[\unasked],[\unasked],0,[\unasked],[\unasked],[\unasked],[\unasked],[\unasked],Bachelor’s degree,2,x,[^not chosen],[^not chosen],x,[^not chosen],[^not chosen],[^not chosen],[^not chosen],[^not chosen],[^not chosen],0,[^not chosen],[^not chosen],[^not chosen],[^not chosen],[^not chosen],[^not chosen],[^not chosen],[^not chosen],[^not chosen],[^not chosen],Yes
zUbr,[^not chosen],x,[^not chosen],[^not chosen],[^not chosen],[^not chosen],[^not chosen],Remote (fully or mostly),Remote (fully or mostly),[\unasked],Analyst,1,[^not chosen],x,[^not chosen],[^not chosen],[^not chosen],2,[^not chosen],[^not chosen],[^not chosen],[^not chosen],[^not chosen],x,Automobile,[\unasked],0,[\unasked],[\unasked],[\unasked],[\unasked],[\unasked],[\unasked],[\unasked],[\unasked],[\unasked],[\unasked],0,[\unasked],[\unasked],[\unasked],[\unasked],[\unasked],Bachelor’s degree,1,[^not chosen],[^not chosen],[^not chosen],[^not chosen],[^not chosen],[^not chosen],[^not chosen],[^not chosen],x,[^not chosen],0,[^not chosen],[^not chosen],[^not chosen],[^not chosen],[^not chosen],[^not chosen],[^not chosen],[^not chosen],[^not chosen],[^not chosen],Yes
yYYs,[^not chosen],x,x,[^not chosen],[^not chosen],[^not chosen],[^not chosen],Remote (fully or mostly),Remote (fully or mostly),[\unasked],Analyst,1,[^not chosen],x,[^not chosen],[^not chosen],[^not chosen],2,x,[^not chosen],x,[^not chosen],[^not chosen],[^not chosen],[^not chosen],[\unasked],0,[\unasked],[\unasked],[\unasked],[\unasked],[\unasked],[\unasked],[\unasked],[\unasked],[\unasked],5 hours or less,4,Rarely,Never,Sometimes,Rarely,Sometimes,Bachelor’s degree,3,x,[^not chosen],[^not chosen],[^not chosen],[^not chosen],[^not chosen],x,[^not chosen],x,[^not chosen],0,[^not chosen],[^not chosen],[^not chosen],[^not chosen],[^not chosen],[^not chosen],[^not chosen],[^not chosen],[^not chosen],[^not chosen],Yes
YZbN,[^not chosen],x,[^not chosen],[^not chosen],[^not chosen],[^not chosen],[^not chosen],Remote (fully or mostly),Remote (fully or mostly),[\unasked],Analyst,1,[^not chosen],x,[^not chosen],[^not chosen],[^not chosen],2,[^not chosen],[^not chosen],x,[^not chosen],[^not chosen],x,[^not chosen],[\unasked],0,[\unasked],[\unasked],[\unasked],[\unasked],[\unasked],[\unasked],[\unasked],[\unasked],[\unasked],[\unasked],0,[\unasked],[\unasked],[\unasked],[\unasked],[\unasked],Bachelor’s degree,1,[^not chosen],[^not chosen],[^not chosen],[^not chosen],[^not chosen],[^not chosen],x,[^not chosen],[^not chosen],[^not chosen],0,[^not chosen],[^not chosen],[^not chosen],[^not chosen],[^not chosen],[^not chosen],[^not chosen],[^not chosen],[^not chosen],[^not chosen],Yes
nSep,[^not chosen],x,[^not chosen],[^not chosen],[^not chosen],[^not chosen],[^not chosen],Remote (fully or mostly),Remote (fully or mostly),[\unasked],"Leadership (Manager, Director, VP, etc.)",1,[^not chosen],[^not chosen],x,[^not chosen],[^not chosen],1,[^not chosen],[^not chosen],[^not chosen],[^not chosen],[^not chosen],[^not chosen],"Philanthropy and Direct Service Programming (Basic Needs, Education, Economic Mobility, Crisis Relief)",[\unasked],0,[\unasked],[\unasked],[\unasked],[\unasked],[\unasked],[\unasked],[\unasked],[\unasked],[\unasked],[\unasked],0,[\unasked],[\unasked],[\unasked],[\unasked],[\unasked],Master’s (or similar graduate degree),1,[^not chosen],[^not chosen],[^not chosen],[^not chosen],[^not chosen],[^not chosen],x,[^not chosen],[^not chosen],[^not chosen],1,[^not chosen],[^not chosen],[^not chosen],[^not chosen],x,[^not chosen],[^not chosen],[^not chosen],[^not chosen],[^not chosen],Yes
eEPT,[^not chosen],[^not chosen],x,[^not chosen],[^not chosen],[^not chosen],[^not chosen],Remote (fully or mostly),Remote (fully or mostly),[\unasked],[\unasked],0,[\unasked],[\unasked],[\unasked],[\unasked],[\unasked],0,[\unasked],[\unasked],[\unasked],[\unasked],[\unasked],[\unasked],[\unasked],[\unasked],0,[\unasked],[\unasked],[\unasked],[\unasked],[\unasked],[\unasked],[\unasked],[\unasked],[\unasked],5 hours or less,4,Often,Sometimes,Never,Often,Often,"Doctoral degree (e.g., PhD, EdD, PsyD)",1,[^not chosen],[^not chosen],[^not chosen],[^not chosen],[^not chosen],[^not chosen],x,[^not chosen],[^not chosen],[^not chosen],1,[^not chosen],[^not chosen],[^not chosen],[^not chosen],[^not chosen],[^not chosen],x,[^not chosen],[^not chosen],[^not chosen],Yes
sdfV,[^not chosen],x,[^not chosen],x,[^not chosen],[^not chosen],[^not chosen],On site (fully or mostly),Remote (fully or mostly),[\unasked],"Leadership (Manager, Director, VP, etc.)",1,x,[^not chosen],[^not chosen],[^not chosen],[^not chosen],1,[^not chosen],[^not chosen],[^not chosen],[^not chosen],[^not chosen],[^not chosen],Defense,[\unasked],0,[\unasked],[\unasked],[\unasked],[\unasked],[\unasked],Full time,Graduate/Master’s,"Yes, in a required course",MPS Data Analytics and Visualization,[\unasked],0,[\unasked],[\unasked],[\unasked],[\unasked],[\unasked],Bachelor’s degree,1,x,[^not chosen],[^not chosen],[^not chosen],[^not chosen],[^not chosen],[^not chosen],[^not chosen],[^not chosen],[^not chosen],0,[^not chosen],[^not chosen],[^not chosen],[^not chosen],[^not chosen],[^not chosen],[^not chosen],[^not chosen],[^not chosen],[^not chosen],Yes
ycxg,x,[^not chosen],[^not chosen],[^not chosen],[^not chosen],[^not chosen],[^not chosen],Remote (fully or mostly),Remote (fully or mostly),Analyst,[\unasked],0,[\unasked],[\unasked],[\unasked],[\unasked],[\unasked],0,[\unasked],[\unasked],[\unasked],[\unasked],[\unasked],[\unasked],[\unasked],[\unasked],0,[\unasked],[\unasked],[\unasked],[\unasked],[\unasked],[\unasked],[\unasked],[\unasked],[\unasked],[\unasked],0,[\unasked],[\unasked],[\unasked],[\unasked],[\unasked],Bachelor’s degree,1,[^not chosen],x,[^not chosen],[^not chosen],[^not chosen],[^not chosen],[^not chosen],[^not chosen],[^not chosen],[^not chosen],0,[^not chosen],[^not chosen],[^not chosen],[^not chosen],[^not chosen],[^not chosen],[^not chosen],[^not chosen],[^not chosen],[^not chosen],No
vuPy,[^not chosen],x,[^not chosen],[^not chosen],[^not chosen],[^not chosen],[^not chosen],Remote (fully or mostly),Remote (fully or mostly),[\unasked],"Leadership (Manager, Director, VP, etc.)",1,[^not chosen],x,[^not chosen],[^not chosen],[^not chosen],0,[^not chosen],[^not chosen],[^not chosen],[^not chosen],[^not chosen],[^not chosen],[^not chosen],[\unasked],0,[\unasked],[\unasked],[\unasked],[\unasked],[\unasked],[\unasked],[\unasked],[\unasked],[\unasked],[\unasked],0,[\unasked],[\unasked],[\unasked],[\unasked],[\unasked],[^not answered],0,[^not chosen],[^not chosen],[^not chosen],[^not chosen],[^not chosen],[^not chosen],[^not chosen],[^not chosen],[^not chosen],[^not chosen],0,[^not chosen],[^not chosen],[^not chosen],[^not chosen],[^not chosen],[^not chosen],[^not chosen],[^not chosen],[^not chosen],[^not chosen],No
elLw,[^not chosen],x,[^not chosen],[^not chosen],[^not chosen],[^not chosen],[^not chosen],Remote (fully or mostly),Remote (fully or mostly),[\unasked],Analyst,2,[^not chosen],x,x,[^not chosen],[^not chosen],1,[^not chosen],[^not chosen],[^not chosen],[^not chosen],[^not chosen],[^not chosen],Real Estate,[\unasked],0,[\unasked],[\unasked],[\unasked],[\unasked],[\unasked],[\unasked],[\unasked],[\unasked],[\unasked],[\unasked],0,[\unasked],[\unasked],[\unasked],[\unasked],[\unasked],Bachelor’s degree,1,x,[^not chosen],[^not chosen],[^not chosen],[^not chosen],[^not chosen],[^not chosen],[^not chosen],[^not chosen],[^not chosen],0,[^not chosen],[^not chosen],[^not chosen],[^not chosen],[^not chosen],[^not chosen],[^not chosen],[^not chosen],[^not chosen],[^not chosen],No
xRAy,x,x,[^not chosen],[^not chosen],[^not chosen],[^not chosen],[^not chosen],Remote (fully or mostly),Remote (fully or mostly),Developer,Journalist,1,[^not chosen],[^not chosen],x,[^not chosen],[^not chosen],1,[^not chosen],[^not chosen],[^not chosen],x,[^not chosen],[^not chosen],[^not chosen],[\unasked],0,[\unasked],[\unasked],[\unasked],[\unasked],[\unasked],[\unasked],[\unasked],[\unasked],[\unasked],[\unasked],0,[\unasked],[\unasked],[\unasked],[\unasked],[\unasked],Master’s (or similar graduate degree),1,x,[^not chosen],[^not chosen],[^not chosen],[^not chosen],[^not chosen],[^not chosen],[^not chosen],[^not chosen],[^not chosen],1,x,[^not chosen],[^not chosen],[^not chosen],[^not chosen],[^not chosen],[^not chosen],[^not chosen],[^not chosen],[^not chosen],No
rFtp,[^not chosen],x,[^not chosen],[^not chosen],[^not chosen],[^not chosen],[^not chosen],Remote (fully or mostly),Remote (fully or mostly),[\unasked],Designer,1,[^not chosen],x,[^not chosen],[^not chosen],[^not chosen],1,[^not chosen],[^not chosen],[^not chosen],[^not chosen],[^not chosen],x,[^not chosen],[\unasked],0,[\unasked],[\unasked],[\unasked],[\unasked],[\unasked],[\unasked],[\unasked],[\unasked],[\unasked],[\unasked],0,[\unasked],[\unasked],[\unasked],[\unasked],[\unasked],Master’s (or similar graduate degree),1,x,[^not chosen],[^not chosen],[^not chosen],[^not chosen],[^not chosen],[^not chosen],[^not chosen],[^not chosen],[^not chosen],1,x,[^not chosen],[^not chosen],[^not chosen],[^not chosen],[^not chosen],[^not chosen],[^not chosen],[^not chosen],[^not chosen],No
mlMK,[^not chosen],x,[^not chosen],[^not chosen],[^not chosen],[^not chosen],[^not chosen],Remote (fully or mostly),Remote (fully or mostly),[\unasked],"Leadership (Manager, Director, VP, etc.)",2,x,[^not chosen],[^not chosen],x,[^not chosen],1,[^not chosen],[^not chosen],[^not chosen],[^not chosen],[^not chosen],[^not chosen],Higher Education,[\unasked],0,[\unasked],[\unasked],[\unasked],[\unasked],[\unasked],[\unasked],[\unasked],[\unasked],[\unasked],[\unasked],0,[\unasked],[\unasked],[\unasked],[\unasked],[\unasked],Master’s (or similar graduate degree),1,[^not chosen],[^not chosen],[^not chosen],[^not chosen],[^not chosen],[^not chosen],x,[^not chosen],[^not chosen],[^not chosen],1,[^not chosen],[^not chosen],[^not chosen],[^not chosen],[^not chosen],[^not chosen],x,[^not chosen],[^not chosen],[^not chosen],No
lDkZ,[^not chosen],x,x,[^not chosen],x,[^not chosen],[^not chosen],Remote (fully or mostly),Remote (fully or mostly),[\unasked],"Leadership (Manager, Director, VP, etc.)",2,x,[^not chosen],[^not chosen],x,[^not chosen],1,[^not chosen],[^not chosen],x,[^not chosen],[^not chosen],[^not chosen],[^not chosen],Business,3,x,x,x,[^not chosen],[^not chosen],[\unasked],[\unasked],[\unasked],[\unasked],5 hours or less,5,Often,Often,Often,Often,Often,Master’s (or similar graduate degree),1,[^not chosen],[^not chosen],[^not chosen],[^not chosen],[^not chosen],[^not chosen],[^not chosen],[^not chosen],[^not chosen],International Relations,2,[^not chosen],x,[^not chosen],[^not chosen],[^not chosen],[^not chosen],[^not chosen],[^not chosen],[^not chosen],International Relations,Yes
mPpk,x,[^not chosen],[^not chosen],[^not chosen],[^not chosen],[^not chosen],[^not chosen],Remote (fully or mostly),Remote (fully or mostly),Developer,[\unasked],0,[\unasked],[\unasked],[\unasked],[\unasked],[\unasked],0,[\unasked],[\unasked],[\unasked],[\unasked],[\unasked],[\unasked],[\unasked],[\unasked],0,[\unasked],[\unasked],[\unasked],[\unasked],[\unasked],[\unasked],[\unasked],[\unasked],[\unasked],[\unasked],0,[\unasked],[\unasked],[\unasked],[\unasked],[\unasked],Bachelor’s degree,1,[^not chosen],[^not chosen],[^not chosen],[^not chosen],[^not chosen],x,[^not chosen],[^not chosen],[^not chosen],[^not chosen],0,[^not chosen],[^not chosen],[^not chosen],[^not chosen],[^not chosen],[^not chosen],[^not chosen],[^not chosen],[^not chosen],[^not chosen],Yes
JLrf,[^not chosen],x,[^not chosen],[^not chosen],[^not chosen],[^not chosen],[^not chosen],Remote (fully or mostly),Remote (fully or mostly),[\unasked],None of these describes my role,3,x,x,x,[^not chosen],[^not chosen],5,x,x,x,[^not chosen],x,x,[^not chosen],[\unasked],0,[\unasked],[\unasked],[\unasked],[\unasked],[\unasked],[\unasked],[\unasked],[\unasked],[\unasked],[\unasked],0,[\unasked],[\unasked],[\unasked],[\unasked],[\unasked],Master’s (or similar graduate degree),1,x,[^not chosen],[^not chosen],[^not chosen],[^not chosen],[^not chosen],[^not chosen],[^not chosen],[^not chosen],[^not chosen],2,[^not chosen],x,[^not chosen],[^not chosen],[^not chosen],x,[^not chosen],[^not chosen],[^not chosen],[^not chosen],No
itHL,[^not chosen],[^not chosen],x,[^not chosen],[^not chosen],[^not chosen],[^not chosen],Remote (fully or mostly),Remote (fully or mostly),[\unasked],[\unasked],0,[\unasked],[\unasked],[\unasked],[\unasked],[\unasked],0,[\unasked],[\unasked],[\unasked],[\unasked],[\unasked],[\unasked],[\unasked],[\unasked],0,[\unasked],[\unasked],[\unasked],[\unasked],[\unasked],[\unasked],[\unasked],[\unasked],[\unasked],5 hours or less,4,Rarely,Rarely,Sometimes,Never,Sometimes,Master’s (or similar graduate degree),2,[^not chosen],[^not chosen],[^not chosen],[^not chosen],[^not chosen],[^not chosen],x,[^not chosen],x,[^not chosen],2,[^not chosen],[^not chosen],[^not chosen],[^not chosen],[^not chosen],[^not chosen],x,[^not chosen],x,[^not chosen],Yes
zTuE,[^not chosen],x,x,[^not chosen],[^not chosen],[^not chosen],[^not chosen],Remote (fully or mostly),Remote (fully or mostly),[\unasked],Analyst,1,[^not chosen],[^not chosen],x,[^not chosen],[^not chosen],1,[^not chosen],[^not chosen],[^not chosen],[^not chosen],[^not chosen],[^not chosen],Education and Culture,[\unasked],0,[\unasked],[\unasked],[\unasked],[\unasked],[\unasked],[\unasked],[\unasked],[\unasked],[\unasked],5 hours or less,5,Often,Often,Sometimes,Rarely,Often,Master’s (or similar graduate degree),1,[^not chosen],[^not chosen],[^not chosen],[^not chosen],[^not chosen],x,[^not chosen],[^not chosen],[^not chosen],[^not chosen],1,[^not chosen],[^not chosen],[^not chosen],[^not chosen],[^not chosen],x,[^not chosen],[^not chosen],[^not chosen],[^not chosen],Yes
YEtU,[^not chosen],x,[^not chosen],[^not chosen],[^not chosen],[^not chosen],[^not chosen],Remote (fully or mostly),Remote (fully or mostly),[\unasked],Journalist,1,[^not chosen],x,[^not chosen],[^not chosen],[^not chosen],1,[^not chosen],[^not chosen],[^not chosen],x,[^not chosen],[^not chosen],[^not chosen],[\unasked],0,[\unasked],[\unasked],[\unasked],[\unasked],[\unasked],[\unasked],[\unasked],[\unasked],[\unasked],[\unasked],0,[\unasked],[\unasked],[\unasked],[\unasked],[\unasked],Master’s (or similar graduate degree),1,[^not chosen],[^not chosen],[^not chosen],[^not chosen],[^not chosen],x,[^not chosen],[^not chosen],[^not chosen],[^not chosen],1,[^not chosen],[^not chosen],[^not chosen],[^not chosen],[^not chosen],x,[^not chosen],[^not chosen],[^not chosen],[^not chosen],Yes
fNyn,[^not chosen],x,[^not chosen],[^not chosen],[^not chosen],[^not chosen],[^not chosen],Remote (fully or mostly),Remote (fully or mostly),[\unasked],Analyst,1,[^not chosen],x,[^not chosen],[^not chosen],[^not chosen],1,[^not chosen],x,[^not chosen],[^not chosen],[^not chosen],[^not chosen],[^not chosen],[\unasked],0,[\unasked],[\unasked],[\unasked],[\unasked],[\unasked],[\unasked],[\unasked],[\unasked],[\unasked],[\unasked],0,[\unasked],[\unasked],[\unasked],[\unasked],[\unasked],Master’s (or similar graduate degree),1,[^not chosen],[^not chosen],[^not chosen],[^not chosen],[^not chosen],x,[^not chosen],[^not chosen],[^not chosen],[^not chosen],1,[^not chosen],[^not chosen],[^not chosen],[^not chosen],[^not chosen],x,[^not chosen],[^not chosen],[^not chosen],[^not chosen],No
ARsI,x,[^not chosen],[^not chosen],[^not chosen],[^not chosen],[^not chosen],[^not chosen],Remote (fully or mostly),Remote (fully or mostly),Designer,[\unasked],0,[\unasked],[\unasked],[\unasked],[\unasked],[\unasked],0,[\unasked],[\unasked],[\unasked],[\unasked],[\unasked],[\unasked],[\unasked],[\unasked],0,[\unasked],[\unasked],[\unasked],[\unasked],[\unasked],[\unasked],[\unasked],[\unasked],[\unasked],[\unasked],0,[\unasked],[\unasked],[\unasked],[\unasked],[\unasked],"Doctoral degree (e.g., PhD, EdD, PsyD)",1,[^not chosen],[^not chosen],[^not chosen],[^not chosen],[^not chosen],x,[^not chosen],[^not chosen],[^not chosen],[^not chosen],1,[^not chosen],[^not chosen],[^not chosen],[^not chosen],[^not chosen],x,[^not chosen],[^not chosen],[^not chosen],[^not chosen],Yes
jaqb,[^not chosen],x,[^not chosen],[^not chosen],[^not chosen],[^not chosen],[^not chosen],Remote (fully or mostly),Remote (fully or mostly),[\unasked],Engineer,1,[^not chosen],x,[^not chosen],[^not chosen],[^not chosen],1,[^not chosen],[^not chosen],[^not chosen],[^not chosen],[^not chosen],[^not chosen],Aerospace,[\unasked],0,[\unasked],[\unasked],[\unasked],[\unasked],[\unasked],[\unasked],[\unasked],[\unasked],[\unasked],[\unasked],0,[\unasked],[\unasked],[\unasked],[\unasked],[\unasked],"Doctoral degree (e.g., PhD, EdD, PsyD)",1,[^not chosen],[^not chosen],[^not chosen],x,[^not chosen],[^not chosen],[^not chosen],[^not chosen],[^not chosen],[^not chosen],1,[^not chosen],[^not chosen],[^not chosen],[^not chosen],[^not chosen],x,[^not chosen],[^not chosen],[^not chosen],[^not chosen],Yes
BSuT,[^not chosen],[^not chosen],[^not chosen],[^not chosen],x,[^not chosen],[^not chosen],Remote (fully or mostly),Remote (fully or mostly),[\unasked],[\unasked],0,[\unasked],[\unasked],[\unasked],[\unasked],[\unasked],0,[\unasked],[\unasked],[\unasked],[\unasked],[\unasked],[\unasked],[\unasked],"Science, Math, and Technology",3,x,x,[^not chosen],x,[^not chosen],[\unasked],[\unasked],[\unasked],[\unasked],[\unasked],0,[\unasked],[\unasked],[\unasked],[\unasked],[\unasked],"Doctoral degree (e.g., PhD, EdD, PsyD)",1,[^not chosen],[^not chosen],[^not chosen],[^not chosen],[^not chosen],x,[^not chosen],[^not chosen],[^not chosen],[^not chosen],1,[^not chosen],[^not chosen],[^not chosen],[^not chosen],[^not chosen],x,[^not chosen],[^not chosen],[^not chosen],[^not chosen],Yes
NfEa,x,x,x,[^not chosen],[^not chosen],[^not chosen],[^not chosen],Remote (fully or mostly),Remote (fully or mostly),Designer,Designer,1,[^not chosen],x,[^not chosen],[^not chosen],[^not chosen],1,[^not chosen],[^not chosen],[^not chosen],[^not chosen],[^not chosen],[^not chosen],Consumer goods,[\unasked],0,[\unasked],[\unasked],[\unasked],[\unasked],[\unasked],[\unasked],[\unasked],[\unasked],[\unasked],5 hours or less,5,Often,Sometimes,Rarely,Rarely,Often,Master’s (or similar graduate degree),2,x,[^not chosen],[^not chosen],[^not chosen],[^not chosen],[^not chosen],x,[^not chosen],[^not chosen],[^not chosen],1,x,[^not chosen],[^not chosen],[^not chosen],[^not chosen],[^not chosen],[^not chosen],[^not chosen],[^not chosen],[^not chosen],Yes
kDOE,[^not chosen],x,[^not chosen],[^not chosen],[^not chosen],[^not chosen],[^not chosen],Remote (fully or mostly),Remote (fully or mostly),[\unasked],Scientist,1,[^not chosen],[^not chosen],x,[^not chosen],[^not chosen],1,[^not chosen],[^not chosen],[^not chosen],[^not chosen],[^not chosen],[^not chosen],Criminal Justice,[\unasked],0,[\unasked],[\unasked],[\unasked],[\unasked],[\unasked],[\unasked],[\unasked],[\unasked],[\unasked],[\unasked],0,[\unasked],[\unasked],[\unasked],[\unasked],[\unasked],Master’s (or similar graduate degree),2,[^not chosen],[^not chosen],[^not chosen],x,[^not chosen],x,[^not chosen],[^not chosen],[^not chosen],[^not chosen],3,x,[^not chosen],[^not chosen],x,x,[^not chosen],[^not chosen],[^not chosen],[^not chosen],[^not chosen],Yes
KSlr,[^not chosen],x,[^not chosen],[^not chosen],[^not chosen],[^not chosen],[^not chosen],Remote (fully or mostly),Remote (fully or mostly),[\unasked],Analyst,1,[^not chosen],x,[^not chosen],[^not chosen],[^not chosen],3,[^not chosen],[^not chosen],x,[^not chosen],x,[^not chosen],Consumer Services,[\unasked],0,[\unasked],[\unasked],[\unasked],[\unasked],[\unasked],[\unasked],[\unasked],[\unasked],[\unasked],[\unasked],0,[\unasked],[\unasked],[\unasked],[\unasked],[\unasked],Master’s (or similar graduate degree),1,[^not chosen],[^not chosen],[^not chosen],[^not chosen],[^not chosen],[^not chosen],x,[^not chosen],[^not chosen],[^not chosen],1,[^not chosen],[^not chosen],[^not chosen],[^not chosen],[^not chosen],[^not chosen],x,[^not chosen],[^not chosen],[^not chosen],No
IEel,[^not chosen],x,[^not chosen],[^not chosen],[^not chosen],[^not chosen],[^not chosen],Remote (fully or mostly),Remote (fully or mostly),[\unasked],Analyst,1,[^not chosen],x,[^not chosen],[^not chosen],[^not chosen],1,[^not chosen],[^not chosen],[^not chosen],[^not chosen],[^not chosen],x,[^not chosen],[\unasked],0,[\unasked],[\unasked],[\unasked],[\unasked],[\unasked],[\unasked],[\unasked],[\unasked],[\unasked],[\unasked],0,[\unasked],[\unasked],[\unasked],[\unasked],[\unasked],Bachelor’s degree,1,[^not chosen],[^not chosen],[^not chosen],[^not chosen],[^not chosen],x,[^not chosen],[^not chosen],[^not chosen],[^not chosen],0,[^not chosen],[^not chosen],[^not chosen],[^not chosen],[^not chosen],[^not chosen],[^not chosen],[^not chosen],[^not chosen],[^not chosen],No
rIpl,x,[^not chosen],[^not chosen],[^not chosen],[^not chosen],[^not chosen],[^not chosen],Remote (fully or mostly),Remote (fully or mostly),Analyst,[\unasked],0,[\unasked],[\unasked],[\unasked],[\unasked],[\unasked],0,[\unasked],[\unasked],[\unasked],[\unasked],[\unasked],[\unasked],[\unasked],[\unasked],0,[\unasked],[\unasked],[\unasked],[\unasked],[\unasked],[\unasked],[\unasked],[\unasked],[\unasked],[\unasked],0,[\unasked],[\unasked],[\unasked],[\unasked],[\unasked],Bachelor’s degree,1,[^not chosen],x,[^not chosen],[^not chosen],[^not chosen],[^not chosen],[^not chosen],[^not chosen],[^not chosen],[^not chosen],0,[^not chosen],[^not chosen],[^not chosen],[^not chosen],[^not chosen],[^not chosen],[^not chosen],[^not chosen],[^not chosen],[^not chosen],Yes
tilQ,[^not chosen],[^not chosen],[^not chosen],x,[^not chosen],[^not chosen],[^not chosen],"I'm in a graduate program for DataViz and so am not operating within industry standards, yet. In fact I'm unsure of what those are. What my hourly rate should be post-grad.",Remote (fully or mostly),[\unasked],[\unasked],0,[\unasked],[\unasked],[\unasked],[\unasked],[\unasked],0,[\unasked],[\unasked],[\unasked],[\unasked],[\unasked],[\unasked],[\unasked],[\unasked],0,[\unasked],[\unasked],[\unasked],[\unasked],[\unasked],Full time,Graduate/Master’s,"Yes, in a required course",Masters of Data Analysis and Visualization,[\unasked],0,[\unasked],[\unasked],[\unasked],[\unasked],[\unasked],Bachelor’s degree,1,x,[^not chosen],[^not chosen],[^not chosen],[^not chosen],[^not chosen],[^not chosen],[^not chosen],[^not chosen],[^not chosen],0,[^not chosen],[^not chosen],[^not chosen],[^not chosen],[^not chosen],[^not chosen],[^not chosen],[^not chosen],[^not chosen],[^not chosen],Yes
yrhm,[^not chosen],x,[^not chosen],[^not chosen],[^not chosen],[^not chosen],[^not chosen],Remote (fully or mostly),Remote (fully or mostly),[\unasked],Analyst,1,[^not chosen],x,[^not chosen],[^not chosen],[^not chosen],1,[^not chosen],[^not chosen],x,[^not chosen],[^not chosen],[^not chosen],[^not chosen],[\unasked],0,[\unasked],[\unasked],[\unasked],[\unasked],[\unasked],[\unasked],[\unasked],[\unasked],[\unasked],[\unasked],0,[\unasked],[\unasked],[\unasked],[\unasked],[\unasked],Some college,1,[^not chosen],[^not chosen],[^not chosen],[^not chosen],[^not chosen],x,[^not chosen],[^not chosen],[^not chosen],[^not chosen],0,[^not chosen],[^not chosen],[^not chosen],[^not chosen],[^not chosen],[^not chosen],[^not chosen],[^not chosen],[^not chosen],[^not chosen],Yes
azmG,[^not chosen],x,[^not chosen],[^not chosen],[^not chosen],[^not chosen],[^not chosen],Remote (fully or mostly),Remote (fully or mostly),[\unasked],None of these describes my role,2,x,x,[^not chosen],[^not chosen],[^not chosen],2,[^not chosen],x,[^not chosen],[^not chosen],[^not chosen],x,[^not chosen],[\unasked],0,[\unasked],[\unasked],[\unasked],[\unasked],[\unasked],[\unasked],[\unasked],[\unasked],[\unasked],[\unasked],0,[\unasked],[\unasked],[\unasked],[\unasked],[\unasked],"Doctoral degree (e.g., PhD, EdD, PsyD)",2,x,[^not chosen],[^not chosen],[^not chosen],[^not chosen],x,[^not chosen],[^not chosen],[^not chosen],[^not chosen],1,x,[^not chosen],[^not chosen],[^not chosen],[^not chosen],[^not chosen],[^not chosen],[^not chosen],[^not chosen],[^not chosen],I don’t know
vPkA,[^not chosen],x,[^not chosen],[^not chosen],[^not chosen],[^not chosen],[^not chosen],Hybrid,Remote (fully or mostly),[\unasked],Analyst,1,x,[^not chosen],[^not chosen],[^not chosen],[^not chosen],2,[^not chosen],x,[^not chosen],[^not chosen],[^not chosen],x,[^not chosen],[\unasked],0,[\unasked],[\unasked],[\unasked],[\unasked],[\unasked],[\unasked],[\unasked],[\unasked],[\unasked],[\unasked],0,[\unasked],[\unasked],[\unasked],[\unasked],[\unasked],Master’s (or similar graduate degree),2,x,[^not chosen],[^not chosen],x,[^not chosen],[^not chosen],[^not chosen],[^not chosen],[^not chosen],[^not chosen],1,[^not chosen],[^not chosen],[^not chosen],[^not chosen],x,[^not chosen],[^not chosen],[^not chosen],[^not chosen],[^not chosen],Yes
elMn,[^not chosen],x,[^not chosen],[^not chosen],[^not chosen],[^not chosen],[^not chosen],Hybrid,Remote (fully or mostly),[\unasked],"Leadership (Manager, Director, VP, etc.)",2,x,x,[^not chosen],[^not chosen],[^not chosen],1,[^not chosen],[^not chosen],x,[^not chosen],[^not chosen],[^not chosen],[^not chosen],[\unasked],0,[\unasked],[\unasked],[\unasked],[\unasked],[\unasked],[\unasked],[\unasked],[\unasked],[\unasked],[\unasked],0,[\unasked],[\unasked],[\unasked],[\unasked],[\unasked],Some college,1,x,[^not chosen],[^not chosen],[^not chosen],[^not chosen],[^not chosen],[^not chosen],[^not chosen],[^not chosen],[^not chosen],0,[^not chosen],[^not chosen],[^not chosen],[^not chosen],[^not chosen],[^not chosen],[^not chosen],[^not chosen],[^not chosen],[^not chosen],Yes
Snka,[^not chosen],x,[^not chosen],[^not chosen],[^not chosen],[^not chosen],[^not chosen],Remote (fully or mostly),Remote (fully or mostly),[\unasked],Analyst,1,x,[^not chosen],[^not chosen],[^not chosen],[^not chosen],1,[^not chosen],[^not chosen],[^not chosen],[^not chosen],[^not chosen],x,[^not chosen],[\unasked],0,[\unasked],[\unasked],[\unasked],[\unasked],[\unasked],[\unasked],[\unasked],[\unasked],[\unasked],[\unasked],0,[\unasked],[\unasked],[\unasked],[\unasked],[\unasked],Master’s (or similar graduate degree),1,[^not chosen],[^not chosen],[^not chosen],[^not chosen],[^not chosen],[^not chosen],[^not chosen],[^not chosen],[^not chosen],Geography,1,[^not chosen],[^not chosen],[^not chosen],[^not chosen],[^not chosen],[^not chosen],[^not chosen],[^not chosen],[^not chosen],Data Visualization,Yes
zcoS,[^not chosen],x,[^not chosen],[^not chosen],[^not chosen],[^not chosen],[^not chosen],Remote (fully or mostly),Remote (fully or mostly),[\unasked],"Leadership (Manager, Director, VP, etc.)",1,[^not chosen],x,[^not chosen],[^not chosen],[^not chosen],2,[^not chosen],[^not chosen],[^not chosen],[^not chosen],x,x,[^not chosen],[\unasked],0,[\unasked],[\unasked],[\unasked],[\unasked],[\unasked],[\unasked],[\unasked],[\unasked],[\unasked],[\unasked],0,[\unasked],[\unasked],[\unasked],[\unasked],[\unasked],Master’s (or similar graduate degree),1,x,[^not chosen],[^not chosen],[^not chosen],[^not chosen],[^not chosen],[^not chosen],[^not chosen],[^not chosen],[^not chosen],1,[^not chosen],[^not chosen],[^not chosen],[^not chosen],[^not chosen],x,[^not chosen],[^not chosen],[^not chosen],[^not chosen],No
IviA,[^not chosen],x,[^not chosen],[^not chosen],[^not chosen],[^not chosen],[^not chosen],Remote (fully or mostly),Remote (fully or mostly),[\unasked],Developer,1,[^not chosen],[^not chosen],x,[^not chosen],[^not chosen],0,[^not chosen],[^not chosen],[^not chosen],[^not chosen],[^not chosen],[^not chosen],[^not chosen],[\unasked],0,[\unasked],[\unasked],[\unasked],[\unasked],[\unasked],[\unasked],[\unasked],[\unasked],[\unasked],[\unasked],0,[\unasked],[\unasked],[\unasked],[\unasked],[\unasked],Bachelor’s degree,1,[^not chosen],[^not chosen],[^not chosen],[^not chosen],[^not chosen],[^not chosen],[^not chosen],[^not chosen],[^not chosen],Journalism,0,[^not chosen],[^not chosen],[^not chosen],[^not chosen],[^not chosen],[^not chosen],[^not chosen],[^not chosen],[^not chosen],[^not chosen],Yes
IRWP,[^not chosen],x,[^not chosen],[^not chosen],[^not chosen],[^not chosen],[^not chosen],Remote (fully or mostly),Remote (fully or mostly),[\unasked],Analyst,1,[^not chosen],x,[^not chosen],[^not chosen],[^not chosen],1,[^not chosen],[^not chosen],[^not chosen],[^not chosen],x,[^not chosen],[^not chosen],[\unasked],0,[\unasked],[\unasked],[\unasked],[\unasked],[\unasked],[\unasked],[\unasked],[\unasked],[\unasked],[\unasked],0,[\unasked],[\unasked],[\unasked],[\unasked],[\unasked],Bachelor’s degree,1,[^not chosen],[^not chosen],[^not chosen],[^not chosen],[^not chosen],x,[^not chosen],[^not chosen],[^not chosen],[^not chosen],0,[^not chosen],[^not chosen],[^not chosen],[^not chosen],[^not chosen],[^not chosen],[^not chosen],[^not chosen],[^not chosen],[^not chosen],Yes
FMMI,x,[^not chosen],[^not chosen],[^not chosen],x,[^not chosen],[^not chosen],Remote (fully or mostly),Remote (fully or mostly),Developer,[\unasked],0,[\unasked],[\unasked],[\unasked],[\unasked],[\unasked],0,[\unasked],[\unasked],[\unasked],[\unasked],[\unasked],[\unasked],[\unasked],Arts and Humanities,1,[^not chosen],x,[^not chosen],[^not chosen],[^not chosen],[\unasked],[\unasked],[\unasked],[\unasked],[\unasked],0,[\unasked],[\unasked],[\unasked],[\unasked],[\unasked],Bachelor’s degree,1,x,[^not chosen],[^not chosen],[^not chosen],[^not chosen],[^not chosen],[^not chosen],[^not chosen],[^not chosen],[^not chosen],0,[^not chosen],[^not chosen],[^not chosen],[^not chosen],[^not chosen],[^not chosen],[^not chosen],[^not chosen],[^not chosen],[^not chosen],No
OOJm,[^not chosen],[^not chosen],[^not chosen],[^not chosen],x,[^not chosen],[^not chosen],Remote (fully or mostly),Remote (fully or mostly),[\unasked],[\unasked],0,[\unasked],[\unasked],[\unasked],[\unasked],[\unasked],0,[\unasked],[\unasked],[\unasked],[\unasked],[\unasked],[\unasked],[\unasked],Health and Medicine,2,x,[^not chosen],x,[^not chosen],[^not chosen],[\unasked],[\unasked],[\unasked],[\unasked],[\unasked],0,[\unasked],[\unasked],[\unasked],[\unasked],[\unasked],Master’s (or similar graduate degree),1,[^not chosen],[^not chosen],[^not chosen],[^not chosen],[^not chosen],x,[^not chosen],[^not chosen],[^not chosen],[^not chosen],2,[^not chosen],[^not chosen],[^not chosen],x,[^not chosen],x,[^not chosen],[^not chosen],[^not chosen],[^not chosen],Yes
YuEu,[^not chosen],[^not chosen],x,[^not chosen],[^not chosen],[^not chosen],[^not chosen],Remote (fully or mostly),Remote (fully or mostly),[\unasked],[\unasked],0,[\unasked],[\unasked],[\unasked],[\unasked],[\unasked],0,[\unasked],[\unasked],[\unasked],[\unasked],[\unasked],[\unasked],[\unasked],[\unasked],0,[\unasked],[\unasked],[\unasked],[\unasked],[\unasked],[\unasked],[\unasked],[\unasked],[\unasked],6–10 hours,5,Often,Sometimes,Often,Rarely,Sometimes,Master’s (or similar graduate degree),1,[^not chosen],[^not chosen],[^not chosen],[^not chosen],[^not chosen],x,[^not chosen],[^not chosen],[^not chosen],[^not chosen],1,[^not chosen],[^not chosen],[^not chosen],[^not chosen],[^not chosen],x,[^not chosen],[^not chosen],[^not chosen],[^not chosen],No
TwNU,[^not chosen],x,[^not chosen],x,[^not chosen],[^not chosen],[^not chosen],Remote (fully or mostly),Remote (fully or mostly),[\unasked],Analyst,1,x,[^not chosen],[^not chosen],[^not chosen],[^not chosen],3,[^not chosen],x,x,[^not chosen],[^not chosen],x,[^not chosen],[\unasked],0,[\unasked],[\unasked],[\unasked],[\unasked],[\unasked],Part time,Undergraduate/Bachelor’s,No,Graphic Design,[\unasked],0,[\unasked],[\unasked],[\unasked],[\unasked],[\unasked],Bachelor’s degree,1,[^not chosen],[^not chosen],[^not chosen],[^not chosen],[^not chosen],x,[^not chosen],[^not chosen],[^not chosen],[^not chosen],0,[^not chosen],[^not chosen],[^not chosen],[^not chosen],[^not chosen],[^not chosen],[^not chosen],[^not chosen],[^not chosen],[^not chosen],Yes
PcXx,x,[^not chosen],x,[^not chosen],x,[^not chosen],[^not chosen],Remote (fully or mostly),Remote (fully or mostly),Developer,[\unasked],0,[\unasked],[\unasked],[\unasked],[\unasked],[\unasked],0,[\unasked],[\unasked],[\unasked],[\unasked],[\unasked],[\unasked],[\unasked],Business,1,[^not chosen],x,[^not chosen],[^not chosen],[^not chosen],[\unasked],[\unasked],[\unasked],[\unasked],5 hours or less,5,Often,Sometimes,Rarely,Sometimes,Often,Master’s (or similar graduate degree),1,x,[^not chosen],[^not chosen],[^not chosen],[^not chosen],[^not chosen],[^not chosen],[^not chosen],[^not chosen],[^not chosen],1,[^not chosen],x,[^not chosen],[^not chosen],[^not chosen],[^not chosen],[^not chosen],[^not chosen],[^not chosen],[^not chosen],No
NzXl,x,[^not chosen],[^not chosen],[^not chosen],[^not chosen],[^not chosen],[^not chosen],Remote (fully or mostly),Remote (fully or mostly),Developer,[\unasked],0,[\unasked],[\unasked],[\unasked],[\unasked],[\unasked],0,[\unasked],[\unasked],[\unasked],[\unasked],[\unasked],[\unasked],[\unasked],[\unasked],0,[\unasked],[\unasked],[\unasked],[\unasked],[\unasked],[\unasked],[\unasked],[\unasked],[\unasked],[\unasked],0,[\unasked],[\unasked],[\unasked],[\unasked],[\unasked],Bachelor’s degree,1,[^not chosen],[^not chosen],[^not chosen],[^not chosen],[^not chosen],x,[^not chosen],[^not chosen],[^not chosen],[^not chosen],0,[^not chosen],[^not chosen],[^not chosen],[^not chosen],[^not chosen],[^not chosen],[^not chosen],[^not chosen],[^not chosen],[^not chosen],Yes
bqEr,x,[^not chosen],[^not chosen],[^not chosen],x,[^not chosen],[^not chosen],Remote (fully or mostly),Remote (fully or mostly),"Leadership (Manager, Director, VP, etc.)",[\unasked],0,[\unasked],[\unasked],[\unasked],[\unasked],[\unasked],0,[\unasked],[\unasked],[\unasked],[\unasked],[\unasked],[\unasked],[\unasked],Arts and Humanities,1,[^not chosen],x,[^not chosen],[^not chosen],[^not chosen],[\unasked],[\unasked],[\unasked],[\unasked],[\unasked],0,[\unasked],[\unasked],[\unasked],[\unasked],[\unasked],Master’s (or similar graduate degree),1,x,[^not chosen],[^not chosen],[^not chosen],[^not chosen],[^not chosen],[^not chosen],[^not chosen],[^not chosen],[^not chosen],1,x,[^not chosen],[^not chosen],[^not chosen],[^not chosen],[^not chosen],[^not chosen],[^not chosen],[^not chosen],[^not chosen],Yes
LIuO,x,[^not chosen],[^not chosen],[^not chosen],[^not chosen],[^not chosen],[^not chosen],Remote (fully or mostly),Remote (fully or mostly),Teacher,[\unasked],0,[\unasked],[\unasked],[\unasked],[\unasked],[\unasked],0,[\unasked],[\unasked],[\unasked],[\unasked],[\unasked],[\unasked],[\unasked],[\unasked],0,[\unasked],[\unasked],[\unasked],[\unasked],[\unasked],[\unasked],[\unasked],[\unasked],[\unasked],[\unasked],0,[\unasked],[\unasked],[\unasked],[\unasked],[\unasked],Master’s (or similar graduate degree),1,x,[^not chosen],[^not chosen],[^not chosen],[^not chosen],[^not chosen],[^not chosen],[^not chosen],[^not chosen],[^not chosen],1,x,[^not chosen],[^not chosen],[^not chosen],[^not chosen],[^not chosen],[^not chosen],[^not chosen],[^not chosen],[^not chosen],Yes
mkIA,[^not chosen],x,[^not chosen],[^not chosen],[^not chosen],[^not chosen],[^not chosen],On site (fully or mostly),Remote (fully or mostly),[\unasked],Analyst,1,[^not chosen],[^not chosen],[^not chosen],x,[^not chosen],1,[^not chosen],[^not chosen],[^not chosen],[^not chosen],[^not chosen],[^not chosen],Education,[\unasked],0,[\unasked],[\unasked],[\unasked],[\unasked],[\unasked],[\unasked],[\unasked],[\unasked],[\unasked],[\unasked],0,[\unasked],[\unasked],[\unasked],[\unasked],[\unasked],Bachelor’s degree,1,[^not chosen],[^not chosen],[^not chosen],[^not chosen],[^not chosen],[^not chosen],x,[^not chosen],[^not chosen],[^not chosen],0,[^not chosen],[^not chosen],[^not chosen],[^not chosen],[^not chosen],[^not chosen],[^not chosen],[^not chosen],[^not chosen],[^not chosen],No
UhRI,[^not chosen],x,[^not chosen],[^not chosen],[^not chosen],[^not chosen],[^not chosen],Remote (fully or mostly),Remote (fully or mostly),None of these describes my role,"Leadership (Manager, Director, VP, etc.)",2,[^not chosen],x,x,[^not chosen],[^not chosen],1,[^not chosen],[^not chosen],[^not chosen],[^not chosen],[^not chosen],x,[^not chosen],[\unasked],0,[\unasked],[\unasked],[\unasked],[\unasked],[\unasked],[\unasked],[\unasked],[\unasked],[\unasked],[\unasked],0,[\unasked],[\unasked],[\unasked],[\unasked],[\unasked],Master’s (or similar graduate degree),1,[^not chosen],[^not chosen],[^not chosen],[^not chosen],[^not chosen],x,[^not chosen],[^not chosen],[^not chosen],[^not chosen],1,[^not chosen],[^not chosen],[^not chosen],[^not chosen],[^not chosen],x,[^not chosen],[^not chosen],[^not chosen],[^not chosen],Yes
DJzB,[^not chosen],x,[^not chosen],[^not chosen],[^not chosen],[^not chosen],[^not chosen],Hybrid,Remote (fully or mostly),[\unasked],Analyst,1,[^not chosen],[^not chosen],x,[^not chosen],[^not chosen],1,x,[^not chosen],[^not chosen],[^not chosen],[^not chosen],[^not chosen],[^not chosen],[\unasked],0,[\unasked],[\unasked],[\unasked],[\unasked],[\unasked],[\unasked],[\unasked],[\unasked],[\unasked],[\unasked],0,[\unasked],[\unasked],[\unasked],[\unasked],[\unasked],Bachelor’s degree,1,[^not chosen],[^not chosen],[^not chosen],[^not chosen],[^not chosen],[^not chosen],x,[^not chosen],[^not chosen],[^not chosen],0,[^not chosen],[^not chosen],[^not chosen],[^not chosen],[^not chosen],[^not chosen],[^not chosen],[^not chosen],[^not chosen],[^not chosen],Yes
TjCl,x,x,x,[^not chosen],[^not chosen],[^not chosen],[^not chosen],Remote (fully or mostly),Remote (fully or mostly),Analyst,Journalist,1,[^not chosen],x,[^not chosen],[^not chosen],[^not chosen],2,x,[^not chosen],[^not chosen],x,[^not chosen],[^not chosen],[^not chosen],[\unasked],0,[\unasked],[\unasked],[\unasked],[\unasked],[\unasked],[\unasked],[\unasked],[\unasked],[\unasked],5 hours or less,4,Often,Sometimes,,Often,Sometimes,Bachelor’s degree,1,x,[^not chosen],[^not chosen],[^not chosen],[^not chosen],[^not chosen],[^not chosen],[^not chosen],[^not chosen],[^not chosen],0,[^not chosen],[^not chosen],[^not chosen],[^not chosen],[^not chosen],[^not chosen],[^not chosen],[^not chosen],[^not chosen],[^not chosen],I don’t know
imLv,x,x,[^not chosen],x,[^not chosen],[^not chosen],[^not chosen],Remote (fully or mostly),Remote (fully or mostly),Analyst,Analyst,0,[^not chosen],[^not chosen],[^not chosen],[^not chosen],[^not chosen],1,[^not chosen],[^not chosen],x,[^not chosen],[^not chosen],[^not chosen],[^not chosen],[\unasked],0,[\unasked],[\unasked],[\unasked],[\unasked],[\unasked],[^not answered],Graduate/Master’s,No,[^not answered],[\unasked],0,[\unasked],[\unasked],[\unasked],[\unasked],[\unasked],Master’s (or similar graduate degree),1,[^not chosen],[^not chosen],[^not chosen],[^not chosen],[^not chosen],x,[^not chosen],[^not chosen],[^not chosen],[^not chosen],1,[^not chosen],[^not chosen],[^not chosen],[^not chosen],[^not chosen],x,[^not chosen],[^not chosen],[^not chosen],[^not chosen],Yes
sdpJ,[^not chosen],x,x,[^not chosen],[^not chosen],[^not chosen],[^not chosen],Remote (fully or mostly),Remote (fully or mostly),[\unasked],"Leadership (Manager, Director, VP, etc.)",2,x,[^not chosen],x,[^not chosen],[^not chosen],1,[^not chosen],x,[^not chosen],[^not chosen],[^not chosen],[^not chosen],[^not chosen],[\unasked],0,[\unasked],[\unasked],[\unasked],[\unasked],[\unasked],[\unasked],[\unasked],[\unasked],[\unasked],5 hours or less,5,Often,Sometimes,Rarely,Often,Often,Bachelor’s degree,1,x,[^not chosen],[^not chosen],[^not chosen],[^not chosen],[^not chosen],[^not chosen],[^not chosen],[^not chosen],[^not chosen],0,[^not chosen],[^not chosen],[^not chosen],[^not chosen],[^not chosen],[^not chosen],[^not chosen],[^not chosen],[^not chosen],[^not chosen],No
acRt,[^not chosen],x,[^not chosen],[^not chosen],[^not chosen],[^not chosen],[^not chosen],Remote (fully or mostly),Remote (fully or mostly),[\unasked],Analyst,1,[^not chosen],x,[^not chosen],[^not chosen],[^not chosen],1,[^not chosen],[^not chosen],[^not chosen],[^not chosen],[^not chosen],[^not chosen],Construction,[\unasked],0,[\unasked],[\unasked],[\unasked],[\unasked],[\unasked],[\unasked],[\unasked],[\unasked],[\unasked],[\unasked],0,[\unasked],[\unasked],[\unasked],[\unasked],[\unasked],Master’s (or similar graduate degree),2,[^not chosen],x,[^not chosen],x,[^not chosen],[^not chosen],[^not chosen],[^not chosen],[^not chosen],[^not chosen],1,[^not chosen],x,[^not chosen],[^not chosen],[^not chosen],[^not chosen],[^not chosen],[^not chosen],[^not chosen],[^not chosen],Yes
iNQO,x,x,[^not chosen],[^not chosen],[^not chosen],[^not chosen],[^not chosen],Remote (fully or mostly),Remote (fully or mostly),None of these describes my role,Analyst,1,[^not chosen],[^not chosen],x,[^not chosen],[^not chosen],1,[^not chosen],[^not chosen],[^not chosen],[^not chosen],[^not chosen],x,[^not chosen],[\unasked],0,[\unasked],[\unasked],[\unasked],[\unasked],[\unasked],[\unasked],[\unasked],[\unasked],[\unasked],[\unasked],0,[\unasked],[\unasked],[\unasked],[\unasked],[\unasked],Master’s (or similar graduate degree),1,[^not chosen],[^not chosen],[^not chosen],[^not chosen],[^not chosen],x,[^not chosen],[^not chosen],[^not chosen],[^not chosen],1,[^not chosen],x,[^not chosen],[^not chosen],[^not chosen],[^not chosen],[^not chosen],[^not chosen],[^not chosen],[^not chosen],Yes
qVzw,[^not chosen],x,[^not chosen],[^not chosen],[^not chosen],[^not chosen],[^not chosen],On site (fully or mostly),Remote (fully or mostly),[\unasked],"Leadership (Manager, Director, VP, etc.)",3,[^not chosen],x,x,x,[^not chosen],0,[^not chosen],[^not chosen],[^not chosen],[^not chosen],[^not chosen],[^not chosen],[^not chosen],[\unasked],0,[\unasked],[\unasked],[\unasked],[\unasked],[\unasked],[\unasked],[\unasked],[\unasked],[\unasked],[\unasked],0,[\unasked],[\unasked],[\unasked],[\unasked],[\unasked],"Doctoral degree (e.g., PhD, EdD, PsyD)",1,[^not chosen],[^not chosen],[^not chosen],[^not chosen],[^not chosen],[^not chosen],x,[^not chosen],[^not chosen],[^not chosen],1,[^not chosen],[^not chosen],[^not chosen],[^not chosen],[^not chosen],[^not chosen],x,[^not chosen],[^not chosen],[^not chosen],Yes
UKhL,[^not chosen],x,[^not chosen],[^not chosen],[^not chosen],[^not chosen],[^not chosen],Remote (fully or mostly),Remote (fully or mostly),[\unasked],Designer,1,[^not chosen],[^not chosen],x,[^not chosen],[^not chosen],1,[^not chosen],[^not chosen],[^not chosen],[^not chosen],[^not chosen],x,[^not chosen],[\unasked],0,[\unasked],[\unasked],[\unasked],[\unasked],[\unasked],[\unasked],[\unasked],[\unasked],[\unasked],[\unasked],0,[\unasked],[\unasked],[\unasked],[\unasked],[\unasked],Bachelor’s degree,1,x,[^not chosen],[^not chosen],[^not chosen],[^not chosen],[^not chosen],[^not chosen],[^not chosen],[^not chosen],[^not chosen],0,[^not chosen],[^not chosen],[^not chosen],[^not chosen],[^not chosen],[^not chosen],[^not chosen],[^not chosen],[^not chosen],[^not chosen],Yes
pyCL,x,[^not chosen],[^not chosen],[^not chosen],[^not chosen],[^not chosen],[^not chosen],Remote (fully or mostly),Remote (fully or mostly),Designer,[\unasked],0,[\unasked],[\unasked],[\unasked],[\unasked],[\unasked],0,[\unasked],[\unasked],[\unasked],[\unasked],[\unasked],[\unasked],[\unasked],[\unasked],0,[\unasked],[\unasked],[\unasked],[\unasked],[\unasked],[\unasked],[\unasked],[\unasked],[\unasked],[\unasked],0,[\unasked],[\unasked],[\unasked],[\unasked],[\unasked],Master’s (or similar graduate degree),1,x,[^not chosen],[^not chosen],[^not chosen],[^not chosen],[^not chosen],[^not chosen],[^not chosen],[^not chosen],[^not chosen],1,x,[^not chosen],[^not chosen],[^not chosen],[^not chosen],[^not chosen],[^not chosen],[^not chosen],[^not chosen],[^not chosen],Yes
TBnP,[^not chosen],[^not chosen],[^not chosen],x,[^not chosen],[^not chosen],[^not chosen],Remote (fully or mostly),Remote (fully or mostly),[\unasked],[\unasked],0,[\unasked],[\unasked],[\unasked],[\unasked],[\unasked],0,[\unasked],[\unasked],[\unasked],[\unasked],[\unasked],[\unasked],[\unasked],[\unasked],0,[\unasked],[\unasked],[\unasked],[\unasked],[\unasked],Full time,PhD/Doctorate,No,Ecology,[\unasked],0,[\unasked],[\unasked],[\unasked],[\unasked],[\unasked],"Doctoral degree (e.g., PhD, EdD, PsyD)",1,[^not chosen],[^not chosen],[^not chosen],[^not chosen],[^not chosen],x,[^not chosen],[^not chosen],[^not chosen],[^not chosen],1,[^not chosen],[^not chosen],[^not chosen],[^not chosen],[^not chosen],x,[^not chosen],[^not chosen],[^not chosen],[^not chosen],No
xEuT,[^not chosen],[^not chosen],x,[^not chosen],[^not chosen],[^not chosen],[^not chosen],Remote (fully or mostly),Remote (fully or mostly),[\unasked],[\unasked],0,[\unasked],[\unasked],[\unasked],[\unasked],[\unasked],0,[\unasked],[\unasked],[\unasked],[\unasked],[\unasked],[\unasked],[\unasked],[\unasked],0,[\unasked],[\unasked],[\unasked],[\unasked],[\unasked],[\unasked],[\unasked],[\unasked],[\unasked],5 hours or less,4,Rarely,Sometimes,Never,Sometimes,Often,Bachelor’s degree,1,[^not chosen],[^not chosen],[^not chosen],[^not chosen],[^not chosen],x,[^not chosen],[^not chosen],[^not chosen],[^not chosen],0,[^not chosen],[^not chosen],[^not chosen],[^not chosen],[^not chosen],[^not chosen],[^not chosen],[^not chosen],[^not chosen],[^not chosen],No
MSGA,[^not chosen],x,[^not chosen],[^not chosen],[^not chosen],[^not chosen],[^not chosen],Remote (fully or mostly),Remote (fully or mostly),[\unasked],Developer,1,[^not chosen],x,[^not chosen],[^not chosen],[^not chosen],1,[^not chosen],[^not chosen],x,[^not chosen],[^not chosen],[^not chosen],[^not chosen],[\unasked],0,[\unasked],[\unasked],[\unasked],[\unasked],[\unasked],[\unasked],[\unasked],[\unasked],[\unasked],[\unasked],0,[\unasked],[\unasked],[\unasked],[\unasked],[\unasked],Bachelor’s degree,1,x,[^not chosen],[^not chosen],[^not chosen],[^not chosen],[^not chosen],[^not chosen],[^not chosen],[^not chosen],[^not chosen],0,[^not chosen],[^not chosen],[^not chosen],[^not chosen],[^not chosen],[^not chosen],[^not chosen],[^not chosen],[^not chosen],[^not chosen],I don’t know
EgWS,[^not chosen],x,[^not chosen],[^not chosen],[^not chosen],[^not chosen],[^not chosen],Hybrid,Remote (fully or mostly),[\unasked],Analyst,1,x,[^not chosen],[^not chosen],[^not chosen],[^not chosen],1,[^not chosen],[^not chosen],[^not chosen],[^not chosen],[^not chosen],[^not chosen],across multiple fields,[\unasked],0,[\unasked],[\unasked],[\unasked],[\unasked],[\unasked],[\unasked],[\unasked],[\unasked],[\unasked],[\unasked],0,[\unasked],[\unasked],[\unasked],[\unasked],[\unasked],"Doctoral degree (e.g., PhD, EdD, PsyD)",1,[^not chosen],[^not chosen],[^not chosen],[^not chosen],[^not chosen],[^not chosen],x,[^not chosen],[^not chosen],[^not chosen],1,[^not chosen],[^not chosen],[^not chosen],[^not chosen],[^not chosen],[^not chosen],x,[^not chosen],[^not chosen],[^not chosen],No
HBAu,[^not chosen],[^not chosen],x,[^not chosen],[^not chosen],[^not chosen],[^not chosen],Hybrid,Remote (fully or mostly),[\unasked],[\unasked],0,[\unasked],[\unasked],[\unasked],[\unasked],[\unasked],0,[\unasked],[\unasked],[\unasked],[\unasked],[\unasked],[\unasked],[\unasked],[\unasked],0,[\unasked],[\unasked],[\unasked],[\unasked],[\unasked],[\unasked],[\unasked],[\unasked],[\unasked],5 hours or less,4,Sometimes,Often,Never,Sometimes,Often,Bachelor’s degree,1,[^not chosen],[^not chosen],[^not chosen],[^not chosen],[^not chosen],x,[^not chosen],[^not chosen],[^not chosen],[^not chosen],0,[^not chosen],[^not chosen],[^not chosen],[^not chosen],[^not chosen],[^not chosen],[^not chosen],[^not chosen],[^not chosen],[^not chosen],Yes
BEWP,[^not chosen],x,[^not chosen],[^not chosen],[^not chosen],[^not chosen],[^not chosen],Remote (fully or mostly),Remote (fully or mostly),[\unasked],Scientist,1,[^not chosen],[^not chosen],x,[^not chosen],[^not chosen],1,[^not chosen],[^not chosen],[^not chosen],[^not chosen],[^not chosen],[^not chosen],Zoos/Aquariums,[\unasked],0,[\unasked],[\unasked],[\unasked],[\unasked],[\unasked],[\unasked],[\unasked],[\unasked],[\unasked],[\unasked],0,[\unasked],[\unasked],[\unasked],[\unasked],[\unasked],[^not answered],0,[^not chosen],[^not chosen],[^not chosen],[^not chosen],[^not chosen],[^not chosen],[^not chosen],[^not chosen],[^not chosen],[^not chosen],0,[^not chosen],[^not chosen],[^not chosen],[^not chosen],[^not chosen],[^not chosen],[^not chosen],[^not chosen],[^not chosen],[^not chosen],[^not answered]
tGTs,x,[^not chosen],[^not chosen],[^not chosen],[^not chosen],[^not chosen],[^not chosen],Remote (fully or mostly),Remote (fully or mostly),Designer,[\unasked],0,[\unasked],[\unasked],[\unasked],[\unasked],[\unasked],0,[\unasked],[\unasked],[\unasked],[\unasked],[\unasked],[\unasked],[\unasked],[\unasked],0,[\unasked],[\unasked],[\unasked],[\unasked],[\unasked],[\unasked],[\unasked],[\unasked],[\unasked],[\unasked],0,[\unasked],[\unasked],[\unasked],[\unasked],[\unasked],Master’s (or similar graduate degree),1,[^not chosen],[^not chosen],[^not chosen],[^not chosen],[^not chosen],x,[^not chosen],[^not chosen],[^not chosen],[^not chosen],2,[^not chosen],x,[^not chosen],[^not chosen],[^not chosen],x,[^not chosen],[^not chosen],[^not chosen],[^not chosen],I don’t know
AuhD,[^not chosen],x,x,[^not chosen],[^not chosen],[^not chosen],[^not chosen],Hybrid,Remote (fully or mostly),[\unasked],Designer,1,x,[^not chosen],[^not chosen],[^not chosen],[^not chosen],2,[^not chosen],[^not chosen],x,x,[^not chosen],[^not chosen],[^not chosen],[\unasked],0,[\unasked],[\unasked],[\unasked],[\unasked],[\unasked],[\unasked],[\unasked],[\unasked],[\unasked],11–20 hours,5,Sometimes,Sometimes,Rarely,Sometimes,Often,Technical school,0,[^not chosen],[^not chosen],[^not chosen],[^not chosen],[^not chosen],[^not chosen],[^not chosen],[^not chosen],[^not chosen],[^not chosen],0,[^not chosen],[^not chosen],[^not chosen],[^not chosen],[^not chosen],[^not chosen],[^not chosen],[^not chosen],[^not chosen],[^not chosen],No
MAYS,[^not chosen],x,[^not chosen],[^not chosen],[^not chosen],[^not chosen],[^not chosen],Remote (fully or mostly),Remote (fully or mostly),[\unasked],Developer,2,x,x,[^not chosen],[^not chosen],[^not chosen],1,[^not chosen],[^not chosen],x,[^not chosen],[^not chosen],[^not chosen],[^not chosen],[\unasked],0,[\unasked],[\unasked],[\unasked],[\unasked],[\unasked],[\unasked],[\unasked],[\unasked],[\unasked],[\unasked],0,[\unasked],[\unasked],[\unasked],[\unasked],[\unasked],"Doctoral degree (e.g., PhD, EdD, PsyD)",1,[^not chosen],[^not chosen],[^not chosen],[^not chosen],[^not chosen],x,[^not chosen],[^not chosen],[^not chosen],[^not chosen],1,[^not chosen],[^not chosen],[^not chosen],[^not chosen],[^not chosen],x,[^not chosen],[^not chosen],[^not chosen],[^not chosen],Yes
dmER,[^not chosen],x,[^not chosen],[^not chosen],[^not chosen],[^not chosen],[^not chosen],Remote (fully or mostly),Remote (fully or mostly),[\unasked],Designer,3,x,x,x,[^not chosen],[^not chosen],2,[^not chosen],[^not chosen],x,[^not chosen],x,[^not chosen],[^not chosen],[\unasked],0,[\unasked],[\unasked],[\unasked],[\unasked],[\unasked],[\unasked],[\unasked],[\unasked],[\unasked],[\unasked],0,[\unasked],[\unasked],[\unasked],[\unasked],[\unasked],Bachelor’s degree,1,[^not chosen],[^not chosen],[^not chosen],[^not chosen],[^not chosen],x,[^not chosen],[^not chosen],[^not chosen],[^not chosen],0,[^not chosen],[^not chosen],[^not chosen],[^not chosen],[^not chosen],[^not chosen],[^not chosen],[^not chosen],[^not chosen],[^not chosen],No
hCTw,[^not chosen],x,[^not chosen],[^not chosen],[^not chosen],[^not chosen],[^not chosen],Remote (fully or mostly),Remote (fully or mostly),[\unasked],Designer,1,[^not chosen],x,[^not chosen],[^not chosen],[^not chosen],1,[^not chosen],x,[^not chosen],[^not chosen],[^not chosen],[^not chosen],[^not chosen],[\unasked],0,[\unasked],[\unasked],[\unasked],[\unasked],[\unasked],[\unasked],[\unasked],[\unasked],[\unasked],[\unasked],0,[\unasked],[\unasked],[\unasked],[\unasked],[\unasked],Bachelor’s degree,1,[^not chosen],[^not chosen],[^not chosen],[^not chosen],[^not chosen],[^not chosen],x,[^not chosen],[^not chosen],[^not chosen],0,[^not chosen],[^not chosen],[^not chosen],[^not chosen],[^not chosen],[^not chosen],[^not chosen],[^not chosen],[^not chosen],[^not chosen],No
BdaI,x,[^not chosen],[^not chosen],[^not chosen],[^not chosen],[^not chosen],[^not chosen],Remote (fully or mostly),Remote (fully or mostly),Developer,[\unasked],0,[\unasked],[\unasked],[\unasked],[\unasked],[\unasked],0,[\unasked],[\unasked],[\unasked],[\unasked],[\unasked],[\unasked],[\unasked],[\unasked],0,[\unasked],[\unasked],[\unasked],[\unasked],[\unasked],[\unasked],[\unasked],[\unasked],[\unasked],[\unasked],0,[\unasked],[\unasked],[\unasked],[\unasked],[\unasked],Master’s (or similar graduate degree),1,[^not chosen],[^not chosen],[^not chosen],[^not chosen],[^not chosen],x,[^not chosen],[^not chosen],[^not chosen],[^not chosen],1,[^not chosen],[^not chosen],[^not chosen],[^not chosen],[^not chosen],x,[^not chosen],[^not chosen],[^not chosen],[^not chosen],Yes
SwMg,[^not chosen],x,[^not chosen],[^not chosen],x,[^not chosen],[^not chosen],On site (fully or mostly),Remote (fully or mostly),[\unasked],Developer,2,x,[^not chosen],x,[^not chosen],[^not chosen],0,[^not chosen],[^not chosen],[^not chosen],[^not chosen],[^not chosen],[^not chosen],[^not chosen],Social Sciences,1,[^not chosen],x,[^not chosen],[^not chosen],[^not chosen],[\unasked],[\unasked],[\unasked],[\unasked],[\unasked],0,[\unasked],[\unasked],[\unasked],[\unasked],[\unasked],Master’s (or similar graduate degree),1,[^not chosen],[^not chosen],[^not chosen],[^not chosen],[^not chosen],[^not chosen],x,[^not chosen],[^not chosen],[^not chosen],1,[^not chosen],[^not chosen],[^not chosen],[^not chosen],[^not chosen],[^not chosen],x,[^not chosen],[^not chosen],[^not chosen],Yes
ogcc,[^not chosen],x,[^not chosen],[^not chosen],[^not chosen],[^not chosen],[^not chosen],Remote (fully or mostly),Remote (fully or mostly),[\unasked],Analyst,1,[^not chosen],x,[^not chosen],[^not chosen],[^not chosen],1,[^not chosen],[^not chosen],[^not chosen],[^not chosen],x,[^not chosen],[^not chosen],[\unasked],0,[\unasked],[\unasked],[\unasked],[\unasked],[\unasked],[\unasked],[\unasked],[\unasked],[\unasked],[\unasked],0,[\unasked],[\unasked],[\unasked],[\unasked],[\unasked],Bachelor’s degree,1,[^not chosen],x,[^not chosen],[^not chosen],[^not chosen],[^not chosen],[^not chosen],[^not chosen],[^not chosen],[^not chosen],0,[^not chosen],[^not chosen],[^not chosen],[^not chosen],[^not chosen],[^not chosen],[^not chosen],[^not chosen],[^not chosen],[^not chosen],No
mJFR,[^not chosen],[^not chosen],x,[^not chosen],[^not chosen],[^not chosen],[^not chosen],Remote (fully or mostly),Remote (fully or mostly),[\unasked],[\unasked],0,[\unasked],[\unasked],[\unasked],[\unasked],[\unasked],0,[\unasked],[\unasked],[\unasked],[\unasked],[\unasked],[\unasked],[\unasked],[\unasked],0,[\unasked],[\unasked],[\unasked],[\unasked],[\unasked],[\unasked],[\unasked],[\unasked],[\unasked],5 hours or less,4,Rarely,Rarely,Sometimes,Never,Rarely,Bachelor’s degree,1,[^not chosen],[^not chosen],[^not chosen],[^not chosen],[^not chosen],[^not chosen],x,[^not chosen],[^not chosen],[^not chosen],0,[^not chosen],[^not chosen],[^not chosen],[^not chosen],[^not chosen],[^not chosen],[^not chosen],[^not chosen],[^not chosen],[^not chosen],I don’t know
sXlL,[^not chosen],x,[^not chosen],[^not chosen],[^not chosen],[^not chosen],[^not chosen],Hybrid,Remote (fully or mostly),[\unasked],"Leadership (Manager, Director, VP, etc.)",1,[^not chosen],[^not chosen],x,[^not chosen],[^not chosen],1,[^not chosen],[^not chosen],[^not chosen],x,[^not chosen],[^not chosen],[^not chosen],[\unasked],0,[\unasked],[\unasked],[\unasked],[\unasked],[\unasked],[\unasked],[\unasked],[\unasked],[\unasked],[\unasked],0,[\unasked],[\unasked],[\unasked],[\unasked],[\unasked],Master’s (or similar graduate degree),1,[^not chosen],[^not chosen],[^not chosen],[^not chosen],[^not chosen],x,[^not chosen],[^not chosen],[^not chosen],[^not chosen],1,[^not chosen],[^not chosen],[^not chosen],[^not chosen],[^not chosen],x,[^not chosen],[^not chosen],[^not chosen],[^not chosen],I don’t know
cbcb,x,[^not chosen],[^not chosen],[^not chosen],[^not chosen],[^not chosen],[^not chosen],Remote (fully or mostly),Remote (fully or mostly),Analyst,[\unasked],0,[\unasked],[\unasked],[\unasked],[\unasked],[\unasked],0,[\unasked],[\unasked],[\unasked],[\unasked],[\unasked],[\unasked],[\unasked],[\unasked],0,[\unasked],[\unasked],[\unasked],[\unasked],[\unasked],[\unasked],[\unasked],[\unasked],[\unasked],[\unasked],0,[\unasked],[\unasked],[\unasked],[\unasked],[\unasked],Bachelor’s degree,1,x,[^not chosen],[^not chosen],[^not chosen],[^not chosen],[^not chosen],[^not chosen],[^not chosen],[^not chosen],[^not chosen],0,[^not chosen],[^not chosen],[^not chosen],[^not chosen],[^not chosen],[^not chosen],[^not chosen],[^not chosen],[^not chosen],[^not chosen],Yes
CiLM,[^not chosen],x,[^not chosen],[^not chosen],[^not chosen],[^not chosen],[^not chosen],Remote (fully or mostly),Remote (fully or mostly),[\unasked],Analyst,1,[^not chosen],x,[^not chosen],[^not chosen],[^not chosen],1,[^not chosen],[^not chosen],[^not chosen],[^not chosen],[^not chosen],x,[^not chosen],[\unasked],0,[\unasked],[\unasked],[\unasked],[\unasked],[\unasked],[\unasked],[\unasked],[\unasked],[\unasked],[\unasked],0,[\unasked],[\unasked],[\unasked],[\unasked],[\unasked],Bachelor’s degree,1,[^not chosen],x,[^not chosen],[^not chosen],[^not chosen],[^not chosen],[^not chosen],[^not chosen],[^not chosen],[^not chosen],0,[^not chosen],[^not chosen],[^not chosen],[^not chosen],[^not chosen],[^not chosen],[^not chosen],[^not chosen],[^not chosen],[^not chosen],No
FSua,x,x,[^not chosen],[^not chosen],[^not chosen],[^not chosen],[^not chosen],Remote (fully or mostly),Remote (fully or mostly),Designer,Designer,1,[^not chosen],[^not chosen],x,[^not chosen],[^not chosen],1,[^not chosen],[^not chosen],[^not chosen],[^not chosen],[^not chosen],[^not chosen],Climate,[\unasked],0,[\unasked],[\unasked],[\unasked],[\unasked],[\unasked],[\unasked],[\unasked],[\unasked],[\unasked],[\unasked],0,[\unasked],[\unasked],[\unasked],[\unasked],[\unasked],Master’s (or similar graduate degree),1,[^not chosen],[^not chosen],[^not chosen],[^not chosen],[^not chosen],x,[^not chosen],[^not chosen],[^not chosen],[^not chosen],1,[^not chosen],[^not chosen],[^not chosen],[^not chosen],[^not chosen],x,[^not chosen],[^not chosen],[^not chosen],[^not chosen],Yes
WnxS,[^not chosen],x,[^not chosen],[^not chosen],[^not chosen],[^not chosen],[^not chosen],Hybrid,Remote (fully or mostly),[\unasked],Scientist,1,x,[^not chosen],[^not chosen],[^not chosen],[^not chosen],2,[^not chosen],[^not chosen],x,[^not chosen],[^not chosen],[^not chosen],Aerospace,[\unasked],0,[\unasked],[\unasked],[\unasked],[\unasked],[\unasked],[\unasked],[\unasked],[\unasked],[\unasked],[\unasked],0,[\unasked],[\unasked],[\unasked],[\unasked],[\unasked],"Doctoral degree (e.g., PhD, EdD, PsyD)",1,x,[^not chosen],[^not chosen],[^not chosen],[^not chosen],[^not chosen],[^not chosen],[^not chosen],[^not chosen],[^not chosen],1,[^not chosen],[^not chosen],[^not chosen],[^not chosen],[^not chosen],x,[^not chosen],[^not chosen],[^not chosen],[^not chosen],No
JcAc,[^not chosen],[^not chosen],x,[^not chosen],[^not chosen],[^not chosen],[^not chosen],Remote (fully or mostly),Remote (fully or mostly),[\unasked],[\unasked],0,[\unasked],[\unasked],[\unasked],[\unasked],[\unasked],0,[\unasked],[\unasked],[\unasked],[\unasked],[\unasked],[\unasked],[\unasked],[\unasked],0,[\unasked],[\unasked],[\unasked],[\unasked],[\unasked],[\unasked],[\unasked],[\unasked],[\unasked],5 hours or less,4,Sometimes,Sometimes,Never,Sometimes,Sometimes,Master’s (or similar graduate degree),1,x,[^not chosen],[^not chosen],[^not chosen],[^not chosen],[^not chosen],[^not chosen],[^not chosen],[^not chosen],[^not chosen],1,[^not chosen],[^not chosen],x,[^not chosen],[^not chosen],[^not chosen],[^not chosen],[^not chosen],[^not chosen],[^not chosen],No
BEJN,[^not chosen],x,[^not chosen],[^not chosen],[^not chosen],[^not chosen],[^not chosen],Remote (fully or mostly),Remote (fully or mostly),[\unasked],"Leadership (Manager, Director, VP, etc.)",1,[^not chosen],[^not chosen],x,[^not chosen],[^not chosen],1,[^not chosen],[^not chosen],[^not chosen],[^not chosen],[^not chosen],[^not chosen],Public health; wellness,[\unasked],0,[\unasked],[\unasked],[\unasked],[\unasked],[\unasked],[\unasked],[\unasked],[\unasked],[\unasked],[\unasked],0,[\unasked],[\unasked],[\unasked],[\unasked],[\unasked],Master’s (or similar graduate degree),1,[^not chosen],[^not chosen],[^not chosen],[^not chosen],[^not chosen],[^not chosen],x,[^not chosen],[^not chosen],[^not chosen],1,[^not chosen],[^not chosen],[^not chosen],[^not chosen],x,[^not chosen],[^not chosen],[^not chosen],[^not chosen],[^not chosen],No
YyAH,[^not chosen],x,[^not chosen],[^not chosen],[^not chosen],[^not chosen],[^not chosen],Remote (fully or mostly),Remote (fully or mostly),[\unasked],Designer,1,[^not chosen],x,[^not chosen],[^not chosen],[^not chosen],1,[^not chosen],[^not chosen],[^not chosen],[^not chosen],[^not chosen],x,[^not chosen],[\unasked],0,[\unasked],[\unasked],[\unasked],[\unasked],[\unasked],[\unasked],[\unasked],[\unasked],[\unasked],[\unasked],0,[\unasked],[\unasked],[\unasked],[\unasked],[\unasked],Master’s (or similar graduate degree),1,[^not chosen],[^not chosen],[^not chosen],[^not chosen],[^not chosen],[^not chosen],x,[^not chosen],[^not chosen],[^not chosen],1,[^not chosen],[^not chosen],[^not chosen],[^not chosen],[^not chosen],[^not chosen],[^not chosen],[^not chosen],[^not chosen],Game Design,Yes
APaA,[^not chosen],x,[^not chosen],[^not chosen],[^not chosen],[^not chosen],[^not chosen],Hybrid,Remote (fully or mostly),[\unasked],"Leadership (Manager, Director, VP, etc.)",1,x,[^not chosen],[^not chosen],[^not chosen],[^not chosen],1,[^not chosen],[^not chosen],[^not chosen],[^not chosen],[^not chosen],[^not chosen],Government,[\unasked],0,[\unasked],[\unasked],[\unasked],[\unasked],[\unasked],[\unasked],[\unasked],[\unasked],[\unasked],[\unasked],0,[\unasked],[\unasked],[\unasked],[\unasked],[\unasked],Bachelor’s degree,1,[^not chosen],x,[^not chosen],[^not chosen],[^not chosen],[^not chosen],[^not chosen],[^not chosen],[^not chosen],[^not chosen],0,[^not chosen],[^not chosen],[^not chosen],[^not chosen],[^not chosen],[^not chosen],[^not chosen],[^not chosen],[^not chosen],[^not chosen],No
sSao,[^not chosen],x,[^not chosen],[^not chosen],[^not chosen],[^not chosen],[^not chosen],Remote (fully or mostly),Remote (fully or mostly),[\unasked],Designer,1,[^not chosen],x,[^not chosen],[^not chosen],[^not chosen],1,[^not chosen],[^not chosen],x,[^not chosen],[^not chosen],[^not chosen],[^not chosen],[\unasked],0,[\unasked],[\unasked],[\unasked],[\unasked],[\unasked],[\unasked],[\unasked],[\unasked],[\unasked],[\unasked],0,[\unasked],[\unasked],[\unasked],[\unasked],[\unasked],Bachelor’s degree,1,[^not chosen],x,[^not chosen],[^not chosen],[^not chosen],[^not chosen],[^not chosen],[^not chosen],[^not chosen],[^not chosen],0,[^not chosen],[^not chosen],[^not chosen],[^not chosen],[^not chosen],[^not chosen],[^not chosen],[^not chosen],[^not chosen],[^not chosen],No
alNl,[^not chosen],x,[^not chosen],[^not chosen],[^not chosen],[^not chosen],[^not chosen],Hybrid,Remote (fully or mostly),[\unasked],Analyst,1,x,[^not chosen],[^not chosen],[^not chosen],[^not chosen],1,[^not chosen],[^not chosen],[^not chosen],[^not chosen],[^not chosen],[^not chosen],Science,[\unasked],0,[\unasked],[\unasked],[\unasked],[\unasked],[\unasked],[\unasked],[\unasked],[\unasked],[\unasked],[\unasked],0,[\unasked],[\unasked],[\unasked],[\unasked],[\unasked],"Doctoral degree (e.g., PhD, EdD, PsyD)",2,x,x,[^not chosen],[^not chosen],[^not chosen],[^not chosen],[^not chosen],[^not chosen],[^not chosen],[^not chosen],2,[^not chosen],[^not chosen],[^not chosen],[^not chosen],[^not chosen],x,x,[^not chosen],[^not chosen],[^not chosen],No
KVCl,[^not chosen],x,[^not chosen],[^not chosen],[^not chosen],[^not chosen],[^not chosen],Remote (fully or mostly),Remote (fully or mostly),[\unasked],"Leadership (Manager, Director, VP, etc.)",1,x,[^not chosen],[^not chosen],[^not chosen],[^not chosen],1,[^not chosen],[^not chosen],[^not chosen],[^not chosen],[^not chosen],[^not chosen],Employment,[\unasked],0,[\unasked],[\unasked],[\unasked],[\unasked],[\unasked],[\unasked],[\unasked],[\unasked],[\unasked],[\unasked],0,[\unasked],[\unasked],[\unasked],[\unasked],[\unasked],Master’s (or similar graduate degree),1,[^not chosen],[^not chosen],[^not chosen],[^not chosen],x,[^not chosen],[^not chosen],[^not chosen],[^not chosen],[^not chosen],1,[^not chosen],[^not chosen],[^not chosen],[^not chosen],x,[^not chosen],[^not chosen],[^not chosen],[^not chosen],[^not chosen],No
OFyV,[^not chosen],x,[^not chosen],[^not chosen],[^not chosen],[^not chosen],[^not chosen],Remote (fully or mostly),Remote (fully or mostly),[\unasked],Analyst,1,x,[^not chosen],[^not chosen],[^not chosen],[^not chosen],2,[^not chosen],x,x,[^not chosen],[^not chosen],[^not chosen],[^not chosen],[\unasked],0,[\unasked],[\unasked],[\unasked],[\unasked],[\unasked],[\unasked],[\unasked],[\unasked],[\unasked],[\unasked],0,[\unasked],[\unasked],[\unasked],[\unasked],[\unasked],Bachelor’s degree,1,[^not chosen],x,[^not chosen],[^not chosen],[^not chosen],[^not chosen],[^not chosen],[^not chosen],[^not chosen],[^not chosen],0,[^not chosen],[^not chosen],[^not chosen],[^not chosen],[^not chosen],[^not chosen],[^not chosen],[^not chosen],[^not chosen],[^not chosen],No
APGc,[^not chosen],x,[^not chosen],[^not chosen],[^not chosen],[^not chosen],[^not chosen],Remote (fully or mostly),Remote (fully or mostly),[\unasked],Developer,2,x,[^not chosen],[^not chosen],x,[^not chosen],1,[^not chosen],[^not chosen],[^not chosen],[^not chosen],[^not chosen],[^not chosen],Education,[\unasked],0,[\unasked],[\unasked],[\unasked],[\unasked],[\unasked],[\unasked],[\unasked],[\unasked],[\unasked],[\unasked],0,[\unasked],[\unasked],[\unasked],[\unasked],[\unasked],Master’s (or similar graduate degree),2,x,[^not chosen],[^not chosen],[^not chosen],[^not chosen],[^not chosen],x,[^not chosen],[^not chosen],[^not chosen],1,[^not chosen],x,[^not chosen],[^not chosen],[^not chosen],[^not chosen],[^not chosen],[^not chosen],[^not chosen],[^not chosen],No
nkPn,[^not chosen],x,[^not chosen],[^not chosen],[^not chosen],[^not chosen],[^not chosen],Remote (fully or mostly),Remote (fully or mostly),[\unasked],Teacher,2,x,[^not chosen],[^not chosen],x,[^not chosen],1,[^not chosen],x,[^not chosen],[^not chosen],[^not chosen],[^not chosen],[^not chosen],[\unasked],0,[\unasked],[\unasked],[\unasked],[\unasked],[\unasked],[\unasked],[\unasked],[\unasked],[\unasked],[\unasked],0,[\unasked],[\unasked],[\unasked],[\unasked],[\unasked],Master’s (or similar graduate degree),2,[^not chosen],[^not chosen],[^not chosen],[^not chosen],[^not chosen],[^not chosen],x,[^not chosen],x,[^not chosen],2,[^not chosen],[^not chosen],[^not chosen],[^not chosen],[^not chosen],[^not chosen],x,[^not chosen],x,[^not chosen],No
fEhm,[^not chosen],x,[^not chosen],[^not chosen],[^not chosen],[^not chosen],[^not chosen],Remote (fully or mostly),Remote (fully or mostly),[\unasked],Designer,1,[^not chosen],x,[^not chosen],[^not chosen],[^not chosen],1,[^not chosen],[^not chosen],[^not chosen],[^not chosen],[^not chosen],x,[^not chosen],[\unasked],0,[\unasked],[\unasked],[\unasked],[\unasked],[\unasked],[\unasked],[\unasked],[\unasked],[\unasked],[\unasked],0,[\unasked],[\unasked],[\unasked],[\unasked],[\unasked],Bachelor’s degree,1,x,[^not chosen],[^not chosen],[^not chosen],[^not chosen],[^not chosen],[^not chosen],[^not chosen],[^not chosen],[^not chosen],0,[^not chosen],[^not chosen],[^not chosen],[^not chosen],[^not chosen],[^not chosen],[^not chosen],[^not chosen],[^not chosen],[^not chosen],No
MeMz,[^not chosen],[^not chosen],x,[^not chosen],[^not chosen],[^not chosen],[^not chosen],Remote (fully or mostly),Remote (fully or mostly),[\unasked],[\unasked],0,[\unasked],[\unasked],[\unasked],[\unasked],[\unasked],0,[\unasked],[\unasked],[\unasked],[\unasked],[\unasked],[\unasked],[\unasked],[\unasked],0,[\unasked],[\unasked],[\unasked],[\unasked],[\unasked],[\unasked],[\unasked],[\unasked],[\unasked],6–10 hours,4,Sometimes,Sometimes,Never,Often,Sometimes,Master’s (or similar graduate degree),2,[^not chosen],[^not chosen],x,[^not chosen],[^not chosen],x,[^not chosen],[^not chosen],[^not chosen],[^not chosen],2,[^not chosen],[^not chosen],x,[^not chosen],[^not chosen],[^not chosen],x,[^not chosen],[^not chosen],[^not chosen],I don’t know
TXFc,[^not chosen],x,[^not chosen],[^not chosen],[^not chosen],[^not chosen],[^not chosen],Hybrid,Remote (fully or mostly),[\unasked],None of these describes my role,1,x,[^not chosen],[^not chosen],[^not chosen],[^not chosen],2,[^not chosen],x,[^not chosen],[^not chosen],[^not chosen],[^not chosen],Public Health,[\unasked],0,[\unasked],[\unasked],[\unasked],[\unasked],[\unasked],[\unasked],[\unasked],[\unasked],[\unasked],[\unasked],0,[\unasked],[\unasked],[\unasked],[\unasked],[\unasked],Master’s (or similar graduate degree),1,[^not chosen],[^not chosen],[^not chosen],[^not chosen],[^not chosen],[^not chosen],[^not chosen],[^not chosen],[^not chosen],Public Health,1,[^not chosen],[^not chosen],[^not chosen],[^not chosen],[^not chosen],[^not chosen],[^not chosen],[^not chosen],[^not chosen],Public Health,No
rGKW,[^not chosen],x,[^not chosen],[^not chosen],[^not chosen],[^not chosen],[^not chosen],Remote (fully or mostly),Remote (fully or mostly),[\unasked],Scientist,1,x,[^not chosen],[^not chosen],[^not chosen],[^not chosen],1,[^not chosen],x,[^not chosen],[^not chosen],[^not chosen],[^not chosen],[^not chosen],[\unasked],0,[\unasked],[\unasked],[\unasked],[\unasked],[\unasked],[\unasked],[\unasked],[\unasked],[\unasked],[\unasked],0,[\unasked],[\unasked],[\unasked],[\unasked],[\unasked],Master’s (or similar graduate degree),1,[^not chosen],[^not chosen],[^not chosen],[^not chosen],[^not chosen],x,[^not chosen],[^not chosen],[^not chosen],[^not chosen],1,[^not chosen],[^not chosen],[^not chosen],x,[^not chosen],[^not chosen],[^not chosen],[^not chosen],[^not chosen],[^not chosen],No
DmOc,[^not chosen],x,[^not chosen],[^not chosen],[^not chosen],[^not chosen],[^not chosen],Remote (fully or mostly),Remote (fully or mostly),[\unasked],Analyst,2,x,[^not chosen],x,[^not chosen],[^not chosen],1,[^not chosen],[^not chosen],[^not chosen],[^not chosen],[^not chosen],x,[^not chosen],[\unasked],0,[\unasked],[\unasked],[\unasked],[\unasked],[\unasked],[\unasked],[\unasked],[\unasked],[\unasked],[\unasked],0,[\unasked],[\unasked],[\unasked],[\unasked],[\unasked],Master’s (or similar graduate degree),1,[^not chosen],[^not chosen],[^not chosen],[^not chosen],[^not chosen],[^not chosen],x,[^not chosen],[^not chosen],[^not chosen],1,[^not chosen],[^not chosen],[^not chosen],[^not chosen],x,[^not chosen],[^not chosen],[^not chosen],[^not chosen],[^not chosen],I don’t know
hRyO,[^not chosen],x,[^not chosen],[^not chosen],[^not chosen],[^not chosen],[^not chosen],Remote (fully or mostly),Remote (fully or mostly),[\unasked],Designer,1,[^not chosen],x,[^not chosen],[^not chosen],[^not chosen],1,[^not chosen],[^not chosen],x,[^not chosen],[^not chosen],[^not chosen],[^not chosen],[\unasked],0,[\unasked],[\unasked],[\unasked],[\unasked],[\unasked],[\unasked],[\unasked],[\unasked],[\unasked],[\unasked],0,[\unasked],[\unasked],[\unasked],[\unasked],[\unasked],Master’s (or similar graduate degree),1,[^not chosen],[^not chosen],[^not chosen],[^not chosen],[^not chosen],[^not chosen],x,[^not chosen],[^not chosen],[^not chosen],1,[^not chosen],[^not chosen],[^not chosen],[^not chosen],[^not chosen],x,[^not chosen],[^not chosen],[^not chosen],[^not chosen],Yes
DSGW,[^not chosen],x,[^not chosen],[^not chosen],[^not chosen],[^not chosen],[^not chosen],Remote (fully or mostly),Remote (fully or mostly),[\unasked],Analyst,1,[^not chosen],[^not chosen],[^not chosen],x,[^not chosen],1,[^not chosen],[^not chosen],[^not chosen],[^not chosen],[^not chosen],[^not chosen],higher education,[\unasked],0,[\unasked],[\unasked],[\unasked],[\unasked],[\unasked],[\unasked],[\unasked],[\unasked],[\unasked],[\unasked],0,[\unasked],[\unasked],[\unasked],[\unasked],[\unasked],Master’s (or similar graduate degree),1,x,[^not chosen],[^not chosen],[^not chosen],[^not chosen],[^not chosen],[^not chosen],[^not chosen],[^not chosen],[^not chosen],1,[^not chosen],[^not chosen],[^not chosen],[^not chosen],[^not chosen],x,[^not chosen],[^not chosen],[^not chosen],[^not chosen],No
ZkNw,[^not chosen],x,[^not chosen],[^not chosen],[^not chosen],[^not chosen],[^not chosen],Remote (fully or mostly),Remote (fully or mostly),[\unasked],Analyst,2,x,x,[^not chosen],[^not chosen],[^not chosen],1,[^not chosen],[^not chosen],[^not chosen],[^not chosen],[^not chosen],[^not chosen],International Development,[\unasked],0,[\unasked],[\unasked],[\unasked],[\unasked],[\unasked],[\unasked],[\unasked],[\unasked],[\unasked],[\unasked],0,[\unasked],[\unasked],[\unasked],[\unasked],[\unasked],Bachelor’s degree,1,[^not chosen],[^not chosen],[^not chosen],[^not chosen],[^not chosen],[^not chosen],x,[^not chosen],[^not chosen],[^not chosen],0,[^not chosen],[^not chosen],[^not chosen],[^not chosen],[^not chosen],[^not chosen],[^not chosen],[^not chosen],[^not chosen],[^not chosen],Yes
uyMM,x,[^not chosen],[^not chosen],[^not chosen],[^not chosen],[^not chosen],[^not chosen],Remote (fully or mostly),Remote (fully or mostly),Designer,[\unasked],0,[\unasked],[\unasked],[\unasked],[\unasked],[\unasked],0,[\unasked],[\unasked],[\unasked],[\unasked],[\unasked],[\unasked],[\unasked],[\unasked],0,[\unasked],[\unasked],[\unasked],[\unasked],[\unasked],[\unasked],[\unasked],[\unasked],[\unasked],[\unasked],0,[\unasked],[\unasked],[\unasked],[\unasked],[\unasked],Bachelor’s degree,1,[^not chosen],[^not chosen],[^not chosen],[^not chosen],[^not chosen],x,[^not chosen],[^not chosen],[^not chosen],[^not chosen],0,[^not chosen],[^not chosen],[^not chosen],[^not chosen],[^not chosen],[^not chosen],[^not chosen],[^not chosen],[^not chosen],[^not chosen],Yes
QVVn,[^not chosen],x,[^not chosen],[^not chosen],[^not chosen],[^not chosen],[^not chosen],Remote (fully or mostly),Remote (fully or mostly),[\unasked],Developer,1,[^not chosen],x,[^not chosen],[^not chosen],[^not chosen],1,[^not chosen],[^not chosen],[^not chosen],[^not chosen],[^not chosen],x,[^not chosen],[\unasked],0,[\unasked],[\unasked],[\unasked],[\unasked],[\unasked],[\unasked],[\unasked],[\unasked],[\unasked],[\unasked],0,[\unasked],[\unasked],[\unasked],[\unasked],[\unasked],Master’s (or similar graduate degree),1,[^not chosen],[^not chosen],[^not chosen],[^not chosen],[^not chosen],x,[^not chosen],[^not chosen],[^not chosen],[^not chosen],1,[^not chosen],[^not chosen],[^not chosen],[^not chosen],[^not chosen],[^not chosen],[^not chosen],[^not chosen],[^not chosen],Data Visualization,Yes
cUIX,[^not chosen],x,[^not chosen],[^not chosen],[^not chosen],[^not chosen],[^not chosen],Remote (fully or mostly),Remote (fully or mostly),[\unasked],Designer,1,[^not chosen],x,[^not chosen],[^not chosen],[^not chosen],1,[^not chosen],[^not chosen],x,[^not chosen],[^not chosen],[^not chosen],[^not chosen],[\unasked],0,[\unasked],[\unasked],[\unasked],[\unasked],[\unasked],[\unasked],[\unasked],[\unasked],[\unasked],[\unasked],0,[\unasked],[\unasked],[\unasked],[\unasked],[\unasked],Master’s (or similar graduate degree),1,[^not chosen],[^not chosen],[^not chosen],[^not chosen],[^not chosen],[^not chosen],[^not chosen],[^not chosen],[^not chosen],Architecture,1,[^not chosen],[^not chosen],[^not chosen],[^not chosen],[^not chosen],[^not chosen],[^not chosen],[^not chosen],[^not chosen],Data Visualization,No
zSyl,[^not chosen],x,[^not chosen],[^not chosen],[^not chosen],[^not chosen],[^not chosen],Remote (fully or mostly),Remote (fully or mostly),[\unasked],Analyst,1,[^not chosen],x,[^not chosen],[^not chosen],[^not chosen],1,[^not chosen],[^not chosen],[^not chosen],[^not chosen],[^not chosen],x,[^not chosen],[\unasked],0,[\unasked],[\unasked],[\unasked],[\unasked],[\unasked],[\unasked],[\unasked],[\unasked],[\unasked],[\unasked],0,[\unasked],[\unasked],[\unasked],[\unasked],[\unasked],Bachelor’s degree,1,[^not chosen],[^not chosen],[^not chosen],[^not chosen],[^not chosen],[^not chosen],x,[^not chosen],[^not chosen],[^not chosen],0,[^not chosen],[^not chosen],[^not chosen],[^not chosen],[^not chosen],[^not chosen],[^not chosen],[^not chosen],[^not chosen],[^not chosen],No
wymC,x,x,[^not chosen],[^not chosen],x,[^not chosen],[^not chosen],Remote (fully or mostly),Remote (fully or mostly),Designer,Designer,1,[^not chosen],x,[^not chosen],[^not chosen],[^not chosen],1,[^not chosen],[^not chosen],[^not chosen],x,[^not chosen],[^not chosen],[^not chosen],Arts and Humanities,3,x,x,x,[^not chosen],[^not chosen],[\unasked],[\unasked],[\unasked],[\unasked],[\unasked],0,[\unasked],[\unasked],[\unasked],[\unasked],[\unasked],Master’s (or similar graduate degree),1,x,[^not chosen],[^not chosen],[^not chosen],[^not chosen],[^not chosen],[^not chosen],[^not chosen],[^not chosen],[^not chosen],2,x,[^not chosen],[^not chosen],[^not chosen],[^not chosen],[^not chosen],[^not chosen],[^not chosen],x,[^not chosen],Yes
zEQJ,[^not chosen],x,[^not chosen],[^not chosen],[^not chosen],[^not chosen],[^not chosen],Hybrid,Remote (fully or mostly),[\unasked],Developer,1,[^not chosen],x,[^not chosen],[^not chosen],[^not chosen],1,[^not chosen],[^not chosen],[^not chosen],x,[^not chosen],[^not chosen],[^not chosen],[\unasked],0,[\unasked],[\unasked],[\unasked],[\unasked],[\unasked],[\unasked],[\unasked],[\unasked],[\unasked],[\unasked],0,[\unasked],[\unasked],[\unasked],[\unasked],[\unasked],Master’s (or similar graduate degree),1,[^not chosen],[^not chosen],[^not chosen],[^not chosen],[^not chosen],x,[^not chosen],[^not chosen],[^not chosen],[^not chosen],1,[^not chosen],[^not chosen],[^not chosen],[^not chosen],[^not chosen],x,[^not chosen],[^not chosen],[^not chosen],[^not chosen],No
qMIp,[^not chosen],x,[^not chosen],[^not chosen],[^not chosen],[^not chosen],[^not chosen],Remote (fully or mostly),Remote (fully or mostly),[\unasked],"Leadership (Manager, Director, VP, etc.)",1,[^not chosen],x,[^not chosen],[^not chosen],[^not chosen],1,[^not chosen],[^not chosen],[^not chosen],[^not chosen],x,[^not chosen],[^not chosen],[\unasked],0,[\unasked],[\unasked],[\unasked],[\unasked],[\unasked],[\unasked],[\unasked],[\unasked],[\unasked],[\unasked],0,[\unasked],[\unasked],[\unasked],[\unasked],[\unasked],Master’s (or similar graduate degree),1,x,[^not chosen],[^not chosen],[^not chosen],[^not chosen],[^not chosen],[^not chosen],[^not chosen],[^not chosen],[^not chosen],1,[^not chosen],x,[^not chosen],[^not chosen],[^not chosen],[^not chosen],[^not chosen],[^not chosen],[^not chosen],[^not chosen],Yes
GxzI,[^not chosen],x,[^not chosen],[^not chosen],[^not chosen],[^not chosen],[^not chosen],Remote (fully or mostly),Remote (fully or mostly),[\unasked],Developer,2,[^not chosen],x,x,[^not chosen],[^not chosen],1,[^not chosen],x,[^not chosen],[^not chosen],[^not chosen],[^not chosen],[^not chosen],[\unasked],0,[\unasked],[\unasked],[\unasked],[\unasked],[\unasked],[\unasked],[\unasked],[\unasked],[\unasked],[\unasked],0,[\unasked],[\unasked],[\unasked],[\unasked],[\unasked],Bachelor’s degree,1,[^not chosen],[^not chosen],[^not chosen],[^not chosen],[^not chosen],[^not chosen],[^not chosen],[^not chosen],[^not chosen],Agriculture,0,[^not chosen],[^not chosen],[^not chosen],[^not chosen],[^not chosen],[^not chosen],[^not chosen],[^not chosen],[^not chosen],[^not chosen],No
oDtm,[^not chosen],x,[^not chosen],[^not chosen],[^not chosen],[^not chosen],[^not chosen],Remote (fully or mostly),Remote (fully or mostly),[\unasked],Developer,1,[^not chosen],x,[^not chosen],[^not chosen],[^not chosen],0,[^not chosen],[^not chosen],[^not chosen],[^not chosen],[^not chosen],[^not chosen],[^not chosen],[\unasked],0,[\unasked],[\unasked],[\unasked],[\unasked],[\unasked],[\unasked],[\unasked],[\unasked],[\unasked],[\unasked],0,[\unasked],[\unasked],[\unasked],[\unasked],[\unasked],"Doctoral degree (e.g., PhD, EdD, PsyD)",1,[^not chosen],[^not chosen],[^not chosen],[^not chosen],[^not chosen],x,[^not chosen],[^not chosen],[^not chosen],[^not chosen],1,[^not chosen],[^not chosen],[^not chosen],[^not chosen],[^not chosen],x,[^not chosen],[^not chosen],[^not chosen],[^not chosen],No
UXqu,[^not chosen],x,[^not chosen],[^not chosen],[^not chosen],[^not chosen],[^not chosen],Remote (fully or mostly),Remote (fully or mostly),[\unasked],Analyst,1,[^not chosen],[^not chosen],x,[^not chosen],[^not chosen],1,[^not chosen],[^not chosen],[^not chosen],[^not chosen],[^not chosen],[^not chosen],Education,[\unasked],0,[\unasked],[\unasked],[\unasked],[\unasked],[\unasked],[\unasked],[\unasked],[\unasked],[\unasked],[\unasked],0,[\unasked],[\unasked],[\unasked],[\unasked],[\unasked],Master’s (or similar graduate degree),1,[^not chosen],[^not chosen],[^not chosen],[^not chosen],[^not chosen],[^not chosen],x,[^not chosen],[^not chosen],[^not chosen],1,[^not chosen],[^not chosen],x,[^not chosen],[^not chosen],[^not chosen],[^not chosen],[^not chosen],[^not chosen],[^not chosen],Yes
uRal,x,[^not chosen],[^not chosen],[^not chosen],[^not chosen],x,[^not chosen],Remote (fully or mostly),Remote (fully or mostly),Developer,[\unasked],0,[\unasked],[\unasked],[\unasked],[\unasked],[\unasked],0,[\unasked],[\unasked],[\unasked],[\unasked],[\unasked],[\unasked],[\unasked],[\unasked],0,[\unasked],[\unasked],[\unasked],[\unasked],[\unasked],[\unasked],[\unasked],[\unasked],[\unasked],[\unasked],0,[\unasked],[\unasked],[\unasked],[\unasked],[\unasked],Master’s (or similar graduate degree),1,[^not chosen],[^not chosen],[^not chosen],[^not chosen],[^not chosen],x,[^not chosen],[^not chosen],[^not chosen],[^not chosen],1,[^not chosen],[^not chosen],[^not chosen],[^not chosen],[^not chosen],x,[^not chosen],[^not chosen],[^not chosen],[^not chosen],Yes
jGGm,[^not chosen],[^not chosen],[^not chosen],[^not chosen],x,[^not chosen],[^not chosen],Remote (fully or mostly),Remote (fully or mostly),[\unasked],[\unasked],0,[\unasked],[\unasked],[\unasked],[\unasked],[\unasked],0,[\unasked],[\unasked],[\unasked],[\unasked],[\unasked],[\unasked],[\unasked],Social Sciences,1,x,[^not chosen],[^not chosen],[^not chosen],[^not chosen],[\unasked],[\unasked],[\unasked],[\unasked],[\unasked],0,[\unasked],[\unasked],[\unasked],[\unasked],[\unasked],"Doctoral degree (e.g., PhD, EdD, PsyD)",1,[^not chosen],[^not chosen],[^not chosen],[^not chosen],[^not chosen],[^not chosen],[^not chosen],[^not chosen],x,[^not chosen],1,[^not chosen],[^not chosen],[^not chosen],[^not chosen],[^not chosen],[^not chosen],[^not chosen],[^not chosen],x,[^not chosen],Yes
FAFb,[^not chosen],x,[^not chosen],[^not chosen],[^not chosen],[^not chosen],[^not chosen],Hybrid,Remote (fully or mostly),[\unasked],Engineer,1,[^not chosen],[^not chosen],[^not chosen],x,[^not chosen],1,[^not chosen],[^not chosen],[^not chosen],[^not chosen],[^not chosen],[^not chosen],Education,[\unasked],0,[\unasked],[\unasked],[\unasked],[\unasked],[\unasked],[\unasked],[\unasked],[\unasked],[\unasked],[\unasked],0,[\unasked],[\unasked],[\unasked],[\unasked],[\unasked],Master’s (or similar graduate degree),1,[^not chosen],[^not chosen],[^not chosen],[^not chosen],[^not chosen],x,[^not chosen],[^not chosen],[^not chosen],[^not chosen],1,[^not chosen],x,[^not chosen],[^not chosen],[^not chosen],[^not chosen],[^not chosen],[^not chosen],[^not chosen],[^not chosen],No
kGXU,[^not chosen],x,x,[^not chosen],[^not chosen],[^not chosen],[^not chosen],Remote (fully or mostly),Remote (fully or mostly),[\unasked],Analyst,1,[^not chosen],x,[^not chosen],[^not chosen],[^not chosen],1,[^not chosen],[^not chosen],[^not chosen],[^not chosen],x,[^not chosen],[^not chosen],[\unasked],0,[\unasked],[\unasked],[\unasked],[\unasked],[\unasked],[\unasked],[\unasked],[\unasked],[\unasked],5 hours or less,5,Sometimes,Often,Sometimes,Often,Often,Master’s (or similar graduate degree),2,[^not chosen],[^not chosen],[^not chosen],[^not chosen],[^not chosen],x,[^not chosen],[^not chosen],x,[^not chosen],2,[^not chosen],x,[^not chosen],[^not chosen],[^not chosen],x,[^not chosen],[^not chosen],[^not chosen],[^not chosen],Yes
MPRw,x,[^not chosen],[^not chosen],[^not chosen],[^not chosen],[^not chosen],[^not chosen],Remote (fully or mostly),Remote (fully or mostly),Developer,[\unasked],0,[\unasked],[\unasked],[\unasked],[\unasked],[\unasked],0,[\unasked],[\unasked],[\unasked],[\unasked],[\unasked],[\unasked],[\unasked],[\unasked],0,[\unasked],[\unasked],[\unasked],[\unasked],[\unasked],[\unasked],[\unasked],[\unasked],[\unasked],[\unasked],0,[\unasked],[\unasked],[\unasked],[\unasked],[\unasked],Master’s (or similar graduate degree),1,[^not chosen],[^not chosen],[^not chosen],[^not chosen],[^not chosen],x,[^not chosen],[^not chosen],[^not chosen],[^not chosen],1,[^not chosen],[^not chosen],[^not chosen],[^not chosen],[^not chosen],x,[^not chosen],[^not chosen],[^not chosen],[^not chosen],Yes
qXgU,[^not chosen],x,[^not chosen],[^not chosen],[^not chosen],[^not chosen],[^not chosen],Remote (fully or mostly),Remote (fully or mostly),[\unasked],Analyst,1,[^not chosen],x,[^not chosen],[^not chosen],[^not chosen],1,[^not chosen],[^not chosen],[^not chosen],[^not chosen],[^not chosen],[^not chosen],Education - Consulting,[\unasked],0,[\unasked],[\unasked],[\unasked],[\unasked],[\unasked],[\unasked],[\unasked],[\unasked],[\unasked],[\unasked],0,[\unasked],[\unasked],[\unasked],[\unasked],[\unasked],Master’s (or similar graduate degree),1,[^not chosen],[^not chosen],[^not chosen],[^not chosen],[^not chosen],x,[^not chosen],[^not chosen],[^not chosen],[^not chosen],1,[^not chosen],[^not chosen],x,[^not chosen],[^not chosen],[^not chosen],[^not chosen],[^not chosen],[^not chosen],[^not chosen],No
ekDJ,[^not chosen],x,[^not chosen],[^not chosen],[^not chosen],[^not chosen],[^not chosen],Remote (fully or mostly),Remote (fully or mostly),[\unasked],Developer,3,x,x,x,[^not chosen],[^not chosen],1,[^not chosen],[^not chosen],[^not chosen],[^not chosen],[^not chosen],x,[^not chosen],[\unasked],0,[\unasked],[\unasked],[\unasked],[\unasked],[\unasked],[\unasked],[\unasked],[\unasked],[\unasked],[\unasked],0,[\unasked],[\unasked],[\unasked],[\unasked],[\unasked],Master’s (or similar graduate degree),1,[^not chosen],[^not chosen],[^not chosen],[^not chosen],[^not chosen],x,[^not chosen],[^not chosen],[^not chosen],[^not chosen],1,[^not chosen],[^not chosen],[^not chosen],[^not chosen],[^not chosen],x,[^not chosen],[^not chosen],[^not chosen],[^not chosen],No
tbBt,[^not chosen],x,[^not chosen],[^not chosen],[^not chosen],[^not chosen],[^not chosen],Hybrid,Remote (fully or mostly),[\unasked],Journalist,1,[^not chosen],x,[^not chosen],[^not chosen],[^not chosen],1,[^not chosen],[^not chosen],[^not chosen],x,[^not chosen],[^not chosen],[^not chosen],[\unasked],0,[\unasked],[\unasked],[\unasked],[\unasked],[\unasked],[\unasked],[\unasked],[\unasked],[\unasked],[\unasked],0,[\unasked],[\unasked],[\unasked],[\unasked],[\unasked],Bachelor’s degree,1,x,[^not chosen],[^not chosen],[^not chosen],[^not chosen],[^not chosen],[^not chosen],[^not chosen],[^not chosen],[^not chosen],0,[^not chosen],[^not chosen],[^not chosen],[^not chosen],[^not chosen],[^not chosen],[^not chosen],[^not chosen],[^not chosen],[^not chosen],Yes
Etsp,[^not chosen],x,[^not chosen],x,[^not chosen],[^not chosen],[^not chosen],Remote (fully or mostly),Remote (fully or mostly),[\unasked],Journalist,1,x,[^not chosen],[^not chosen],[^not chosen],[^not chosen],2,[^not chosen],[^not chosen],x,x,[^not chosen],[^not chosen],[^not chosen],[\unasked],0,[\unasked],[\unasked],[\unasked],[\unasked],[\unasked],Full time,Undergraduate/Bachelor’s,"Yes, in a required course",Journalism,[\unasked],0,[\unasked],[\unasked],[\unasked],[\unasked],[\unasked],Bachelor’s degree,3,x,[^not chosen],[^not chosen],[^not chosen],x,[^not chosen],x,[^not chosen],[^not chosen],[^not chosen],0,[^not chosen],[^not chosen],[^not chosen],[^not chosen],[^not chosen],[^not chosen],[^not chosen],[^not chosen],[^not chosen],[^not chosen],No
MdQa,x,x,[^not chosen],[^not chosen],[^not chosen],[^not chosen],[^not chosen],Remote (fully or mostly),Remote (fully or mostly),Designer,Developer,1,[^not chosen],x,[^not chosen],[^not chosen],[^not chosen],2,[^not chosen],[^not chosen],[^not chosen],[^not chosen],x,x,[^not chosen],[\unasked],0,[\unasked],[\unasked],[\unasked],[\unasked],[\unasked],[\unasked],[\unasked],[\unasked],[\unasked],[\unasked],0,[\unasked],[\unasked],[\unasked],[\unasked],[\unasked],Master’s (or similar graduate degree),1,[^not chosen],[^not chosen],[^not chosen],[^not chosen],[^not chosen],x,[^not chosen],[^not chosen],[^not chosen],[^not chosen],2,[^not chosen],[^not chosen],x,[^not chosen],[^not chosen],x,[^not chosen],[^not chosen],[^not chosen],[^not chosen],Yes
MFIJ,[^not chosen],x,[^not chosen],[^not chosen],[^not chosen],[^not chosen],[^not chosen],Hybrid,Remote (fully or mostly),[\unasked],Analyst,1,[^not chosen],x,[^not chosen],[^not chosen],[^not chosen],1,x,[^not chosen],[^not chosen],[^not chosen],[^not chosen],[^not chosen],[^not chosen],[\unasked],0,[\unasked],[\unasked],[\unasked],[\unasked],[\unasked],[\unasked],[\unasked],[\unasked],[\unasked],[\unasked],0,[\unasked],[\unasked],[\unasked],[\unasked],[\unasked],Master’s (or similar graduate degree),1,[^not chosen],[^not chosen],[^not chosen],[^not chosen],[^not chosen],x,[^not chosen],[^not chosen],[^not chosen],[^not chosen],1,[^not chosen],x,[^not chosen],[^not chosen],[^not chosen],[^not chosen],[^not chosen],[^not chosen],[^not chosen],[^not chosen],Yes
epeJ,x,[^not chosen],[^not chosen],[^not chosen],[^not chosen],[^not chosen],[^not chosen],Remote (fully or mostly),Remote (fully or mostly),Designer,[\unasked],0,[\unasked],[\unasked],[\unasked],[\unasked],[\unasked],0,[\unasked],[\unasked],[\unasked],[\unasked],[\unasked],[\unasked],[\unasked],[\unasked],0,[\unasked],[\unasked],[\unasked],[\unasked],[\unasked],[\unasked],[\unasked],[\unasked],[\unasked],[\unasked],0,[\unasked],[\unasked],[\unasked],[\unasked],[\unasked],Bachelor’s degree,1,x,[^not chosen],[^not chosen],[^not chosen],[^not chosen],[^not chosen],[^not chosen],[^not chosen],[^not chosen],[^not chosen],0,[^not chosen],[^not chosen],[^not chosen],[^not chosen],[^not chosen],[^not chosen],[^not chosen],[^not chosen],[^not chosen],[^not chosen],I don’t know
BwFP,x,[^not chosen],[^not chosen],[^not chosen],[^not chosen],[^not chosen],[^not chosen],Remote (fully or mostly),Remote (fully or mostly),Designer,[\unasked],0,[\unasked],[\unasked],[\unasked],[\unasked],[\unasked],0,[\unasked],[\unasked],[\unasked],[\unasked],[\unasked],[\unasked],[\unasked],[\unasked],0,[\unasked],[\unasked],[\unasked],[\unasked],[\unasked],[\unasked],[\unasked],[\unasked],[\unasked],[\unasked],0,[\unasked],[\unasked],[\unasked],[\unasked],[\unasked],Master’s (or similar graduate degree),1,[^not chosen],[^not chosen],[^not chosen],[^not chosen],[^not chosen],[^not chosen],[^not chosen],[^not chosen],[^not chosen],Design,1,[^not chosen],[^not chosen],[^not chosen],[^not chosen],[^not chosen],[^not chosen],[^not chosen],[^not chosen],[^not chosen],Design,No
LvSJ,[^not chosen],[^not chosen],x,[^not chosen],[^not chosen],[^not chosen],[^not chosen],Remote (fully or mostly),Remote (fully or mostly),[\unasked],[\unasked],0,[\unasked],[\unasked],[\unasked],[\unasked],[\unasked],0,[\unasked],[\unasked],[\unasked],[\unasked],[\unasked],[\unasked],[\unasked],[\unasked],0,[\unasked],[\unasked],[\unasked],[\unasked],[\unasked],[\unasked],[\unasked],[\unasked],[\unasked],5 hours or less,5,Sometimes,Sometimes,Sometimes,Sometimes,Sometimes,"Doctoral degree (e.g., PhD, EdD, PsyD)",2,x,[^not chosen],[^not chosen],[^not chosen],[^not chosen],x,[^not chosen],[^not chosen],[^not chosen],[^not chosen],2,x,[^not chosen],[^not chosen],[^not chosen],[^not chosen],x,[^not chosen],[^not chosen],[^not chosen],[^not chosen],Yes
pvIy,[^not chosen],x,[^not chosen],[^not chosen],[^not chosen],[^not chosen],[^not chosen],Hybrid,Remote (fully or mostly),[\unasked],"Leadership (Manager, Director, VP, etc.)",1,[^not chosen],x,[^not chosen],[^not chosen],[^not chosen],1,[^not chosen],[^not chosen],[^not chosen],[^not chosen],[^not chosen],[^not chosen],Insurance,[\unasked],0,[\unasked],[\unasked],[\unasked],[\unasked],[\unasked],[\unasked],[\unasked],[\unasked],[\unasked],[\unasked],0,[\unasked],[\unasked],[\unasked],[\unasked],[\unasked],Bachelor’s degree,1,x,[^not chosen],[^not chosen],[^not chosen],[^not chosen],[^not chosen],[^not chosen],[^not chosen],[^not chosen],[^not chosen],0,[^not chosen],[^not chosen],[^not chosen],[^not chosen],[^not chosen],[^not chosen],[^not chosen],[^not chosen],[^not chosen],[^not chosen],Yes
gxzT,[^not chosen],x,[^not chosen],[^not chosen],[^not chosen],[^not chosen],[^not chosen],Remote (fully or mostly),Remote (fully or mostly),[\unasked],Journalist,1,[^not chosen],x,[^not chosen],[^not chosen],[^not chosen],1,[^not chosen],[^not chosen],x,[^not chosen],[^not chosen],[^not chosen],[^not chosen],[\unasked],0,[\unasked],[\unasked],[\unasked],[\unasked],[\unasked],[\unasked],[\unasked],[\unasked],[\unasked],[\unasked],0,[\unasked],[\unasked],[\unasked],[\unasked],[\unasked],Bachelor’s degree,1,x,[^not chosen],[^not chosen],[^not chosen],[^not chosen],[^not chosen],[^not chosen],[^not chosen],[^not chosen],[^not chosen],0,[^not chosen],[^not chosen],[^not chosen],[^not chosen],[^not chosen],[^not chosen],[^not chosen],[^not chosen],[^not chosen],[^not chosen],No
AAKV,x,x,[^not chosen],x,[^not chosen],[^not chosen],[^not chosen],Remote (fully or mostly),Remote (fully or mostly),Designer,None of these describes my role,1,[^not chosen],[^not chosen],[^not chosen],x,[^not chosen],1,[^not chosen],x,[^not chosen],[^not chosen],[^not chosen],[^not chosen],[^not chosen],[\unasked],0,[\unasked],[\unasked],[\unasked],[\unasked],[\unasked],Part time,[^not answered],No,Graphic Design,[\unasked],0,[\unasked],[\unasked],[\unasked],[\unasked],[\unasked],"Doctoral degree (e.g., PhD, EdD, PsyD)",1,[^not chosen],[^not chosen],[^not chosen],[^not chosen],[^not chosen],x,[^not chosen],[^not chosen],[^not chosen],[^not chosen],1,[^not chosen],[^not chosen],[^not chosen],[^not chosen],[^not chosen],x,[^not chosen],[^not chosen],[^not chosen],[^not chosen],Yes
Zfxa,[^not chosen],x,[^not chosen],[^not chosen],[^not chosen],[^not chosen],[^not chosen],Remote (fully or mostly),Remote (fully or mostly),[\unasked],Developer,1,[^not chosen],x,[^not chosen],[^not chosen],[^not chosen],1,x,[^not chosen],[^not chosen],[^not chosen],[^not chosen],[^not chosen],[^not chosen],[\unasked],0,[\unasked],[\unasked],[\unasked],[\unasked],[\unasked],[\unasked],[\unasked],[\unasked],[\unasked],[\unasked],0,[\unasked],[\unasked],[\unasked],[\unasked],[\unasked],Master’s (or similar graduate degree),1,[^not chosen],[^not chosen],[^not chosen],[^not chosen],[^not chosen],x,[^not chosen],[^not chosen],[^not chosen],[^not chosen],1,[^not chosen],[^not chosen],[^not chosen],[^not chosen],[^not chosen],x,[^not chosen],[^not chosen],[^not chosen],[^not chosen],Yes
cnlu,[^not chosen],[^not chosen],x,[^not chosen],[^not chosen],[^not chosen],[^not chosen],Remote (fully or mostly),Remote (fully or mostly),[\unasked],[\unasked],0,[\unasked],[\unasked],[\unasked],[\unasked],[\unasked],0,[\unasked],[\unasked],[\unasked],[\unasked],[\unasked],[\unasked],[\unasked],[\unasked],0,[\unasked],[\unasked],[\unasked],[\unasked],[\unasked],[\unasked],[\unasked],[\unasked],[\unasked],5 hours or less,3,Sometimes,Never,Never,Sometimes,Often,Master’s (or similar graduate degree),1,[^not chosen],[^not chosen],[^not chosen],[^not chosen],[^not chosen],x,[^not chosen],[^not chosen],[^not chosen],[^not chosen],1,[^not chosen],[^not chosen],[^not chosen],[^not chosen],x,[^not chosen],[^not chosen],[^not chosen],[^not chosen],[^not chosen],Yes
wIGQ,[^not chosen],x,[^not chosen],[^not chosen],[^not chosen],[^not chosen],[^not chosen],Remote (fully or mostly),Remote (fully or mostly),[\unasked],Analyst,1,[^not chosen],x,[^not chosen],[^not chosen],[^not chosen],1,x,[^not chosen],[^not chosen],[^not chosen],[^not chosen],[^not chosen],[^not chosen],[\unasked],0,[\unasked],[\unasked],[\unasked],[\unasked],[\unasked],[\unasked],[\unasked],[\unasked],[\unasked],[\unasked],0,[\unasked],[\unasked],[\unasked],[\unasked],[\unasked],Master’s (or similar graduate degree),1,[^not chosen],[^not chosen],[^not chosen],[^not chosen],[^not chosen],x,[^not chosen],[^not chosen],[^not chosen],[^not chosen],1,[^not chosen],[^not chosen],[^not chosen],[^not chosen],[^not chosen],x,[^not chosen],[^not chosen],[^not chosen],[^not chosen],No
ITCL,[^not chosen],x,[^not chosen],[^not chosen],[^not chosen],[^not chosen],[^not chosen],Hybrid,Remote (fully or mostly),[\unasked],Analyst,1,[^not chosen],x,[^not chosen],[^not chosen],[^not chosen],1,[^not chosen],[^not chosen],[^not chosen],[^not chosen],[^not chosen],[^not chosen],Services,[\unasked],0,[\unasked],[\unasked],[\unasked],[\unasked],[\unasked],[\unasked],[\unasked],[\unasked],[\unasked],[\unasked],0,[\unasked],[\unasked],[\unasked],[\unasked],[\unasked],Bachelor’s degree,1,[^not chosen],[^not chosen],[^not chosen],[^not chosen],[^not chosen],x,[^not chosen],[^not chosen],[^not chosen],[^not chosen],0,[^not chosen],[^not chosen],[^not chosen],[^not chosen],[^not chosen],[^not chosen],[^not chosen],[^not chosen],[^not chosen],[^not chosen],Yes
fdhf,x,[^not chosen],[^not chosen],[^not chosen],[^not chosen],[^not chosen],[^not chosen],Remote (fully or mostly),Remote (fully or mostly),Analyst,[\unasked],0,[\unasked],[\unasked],[\unasked],[\unasked],[\unasked],0,[\unasked],[\unasked],[\unasked],[\unasked],[\unasked],[\unasked],[\unasked],[\unasked],0,[\unasked],[\unasked],[\unasked],[\unasked],[\unasked],[\unasked],[\unasked],[\unasked],[\unasked],[\unasked],0,[\unasked],[\unasked],[\unasked],[\unasked],[\unasked],Bachelor’s degree,1,[^not chosen],[^not chosen],[^not chosen],[^not chosen],[^not chosen],x,[^not chosen],[^not chosen],[^not chosen],[^not chosen],0,[^not chosen],[^not chosen],[^not chosen],[^not chosen],[^not chosen],[^not chosen],[^not chosen],[^not chosen],[^not chosen],[^not chosen],No
jpMC,[^not chosen],x,[^not chosen],[^not chosen],[^not chosen],[^not chosen],[^not chosen],Hybrid,Remote (fully or mostly),[\unasked],Analyst,1,[^not chosen],x,[^not chosen],[^not chosen],[^not chosen],1,[^not chosen],[^not chosen],x,[^not chosen],[^not chosen],[^not chosen],[^not chosen],[\unasked],0,[\unasked],[\unasked],[\unasked],[\unasked],[\unasked],[\unasked],[\unasked],[\unasked],[\unasked],[\unasked],0,[\unasked],[\unasked],[\unasked],[\unasked],[\unasked],Master’s (or similar graduate degree),1,[^not chosen],[^not chosen],[^not chosen],[^not chosen],[^not chosen],[^not chosen],x,[^not chosen],[^not chosen],[^not chosen],1,[^not chosen],[^not chosen],[^not chosen],[^not chosen],[^not chosen],[^not chosen],x,[^not chosen],[^not chosen],[^not chosen],Yes
nOkW,[^not chosen],x,[^not chosen],[^not chosen],[^not chosen],[^not chosen],[^not chosen],Remote (fully or mostly),Remote (fully or mostly),[\unasked],"Leadership (Manager, Director, VP, etc.)",1,[^not chosen],x,[^not chosen],[^not chosen],[^not chosen],1,[^not chosen],[^not chosen],x,[^not chosen],[^not chosen],[^not chosen],[^not chosen],[\unasked],0,[\unasked],[\unasked],[\unasked],[\unasked],[\unasked],[\unasked],[\unasked],[\unasked],[\unasked],[\unasked],0,[\unasked],[\unasked],[\unasked],[\unasked],[\unasked],Master’s (or similar graduate degree),1,[^not chosen],[^not chosen],[^not chosen],[^not chosen],[^not chosen],[^not chosen],[^not chosen],[^not chosen],[^not chosen],International Relations,1,[^not chosen],[^not chosen],[^not chosen],[^not chosen],[^not chosen],[^not chosen],[^not chosen],[^not chosen],[^not chosen],International Relations,No
AHLF,[^not chosen],x,[^not chosen],[^not chosen],[^not chosen],[^not chosen],[^not chosen],Remote (fully or mostly),Remote (fully or mostly),[\unasked],"Leadership (Manager, Director, VP, etc.)",1,[^not chosen],x,[^not chosen],[^not chosen],[^not chosen],1,[^not chosen],[^not chosen],[^not chosen],[^not chosen],[^not chosen],x,[^not chosen],[\unasked],0,[\unasked],[\unasked],[\unasked],[\unasked],[\unasked],[\unasked],[\unasked],[\unasked],[\unasked],[\unasked],0,[\unasked],[\unasked],[\unasked],[\unasked],[\unasked],Master’s (or similar graduate degree),1,x,[^not chosen],[^not chosen],[^not chosen],[^not chosen],[^not chosen],[^not chosen],[^not chosen],[^not chosen],[^not chosen],1,[^not chosen],[^not chosen],[^not chosen],x,[^not chosen],[^not chosen],[^not chosen],[^not chosen],[^not chosen],[^not chosen],Yes
lMEV,[^not chosen],x,[^not chosen],[^not chosen],[^not chosen],[^not chosen],[^not chosen],Remote (fully or mostly),Remote (fully or mostly),[\unasked],Journalist,2,x,x,[^not chosen],[^not chosen],[^not chosen],1,[^not chosen],[^not chosen],[^not chosen],x,[^not chosen],[^not chosen],[^not chosen],[\unasked],0,[\unasked],[\unasked],[\unasked],[\unasked],[\unasked],[\unasked],[\unasked],[\unasked],[\unasked],[\unasked],0,[\unasked],[\unasked],[\unasked],[\unasked],[\unasked],Bachelor’s degree,2,[^not chosen],[^not chosen],[^not chosen],[^not chosen],[^not chosen],x,[^not chosen],[^not chosen],x,[^not chosen],0,[^not chosen],[^not chosen],[^not chosen],[^not chosen],[^not chosen],[^not chosen],[^not chosen],[^not chosen],[^not chosen],[^not chosen],Yes
KsjZ,[^not chosen],x,[^not chosen],[^not chosen],[^not chosen],[^not chosen],[^not chosen],Hybrid,Remote (fully or mostly),[\unasked],Analyst,1,[^not chosen],x,[^not chosen],[^not chosen],[^not chosen],1,[^not chosen],[^not chosen],[^not chosen],[^not chosen],[^not chosen],[^not chosen],Property & Casualty Insurance,[\unasked],0,[\unasked],[\unasked],[\unasked],[\unasked],[\unasked],[\unasked],[\unasked],[\unasked],[\unasked],[\unasked],0,[\unasked],[\unasked],[\unasked],[\unasked],[\unasked],Bachelor’s degree,1,[^not chosen],[^not chosen],[^not chosen],[^not chosen],[^not chosen],[^not chosen],x,[^not chosen],[^not chosen],[^not chosen],0,[^not chosen],[^not chosen],[^not chosen],[^not chosen],[^not chosen],[^not chosen],[^not chosen],[^not chosen],[^not chosen],[^not chosen],Yes
YyGp,[^not chosen],x,[^not chosen],[^not chosen],[^not chosen],[^not chosen],[^not chosen],Remote (fully or mostly),Remote (fully or mostly),[\unasked],Developer,1,[^not chosen],x,[^not chosen],[^not chosen],[^not chosen],1,[^not chosen],[^not chosen],[^not chosen],[^not chosen],[^not chosen],[^not chosen],Tech,[\unasked],0,[\unasked],[\unasked],[\unasked],[\unasked],[\unasked],[\unasked],[\unasked],[\unasked],[\unasked],[\unasked],0,[\unasked],[\unasked],[\unasked],[\unasked],[\unasked],Master’s (or similar graduate degree),0,[^not chosen],[^not chosen],[^not chosen],[^not chosen],[^not chosen],[^not chosen],[^not chosen],[^not chosen],[^not chosen],[^not chosen],1,[^not chosen],[^not chosen],[^not chosen],[^not chosen],[^not chosen],[^not chosen],[^not chosen],[^not chosen],[^not chosen],"Engineering,",Yes
wPcY,[^not chosen],x,[^not chosen],[^not chosen],[^not chosen],[^not chosen],[^not chosen],Remote (fully or mostly),Remote (fully or mostly),[\unasked],"Leadership (Manager, Director, VP, etc.)",1,[^not chosen],x,[^not chosen],[^not chosen],[^not chosen],1,[^not chosen],[^not chosen],x,[^not chosen],[^not chosen],[^not chosen],[^not chosen],[\unasked],0,[\unasked],[\unasked],[\unasked],[\unasked],[\unasked],[\unasked],[\unasked],[\unasked],[\unasked],[\unasked],0,[\unasked],[\unasked],[\unasked],[\unasked],[\unasked],Master’s (or similar graduate degree),5,x,x,[^not chosen],[^not chosen],[^not chosen],x,x,[^not chosen],x,[^not chosen],2,[^not chosen],x,[^not chosen],[^not chosen],[^not chosen],x,[^not chosen],[^not chosen],[^not chosen],[^not chosen],Yes
tVlm,x,[^not chosen],x,x,[^not chosen],[^not chosen],[^not chosen],Remote (fully or mostly),Remote (fully or mostly),Designer,[\unasked],0,[\unasked],[\unasked],[\unasked],[\unasked],[\unasked],0,[\unasked],[\unasked],[\unasked],[\unasked],[\unasked],[\unasked],[\unasked],[\unasked],0,[\unasked],[\unasked],[\unasked],[\unasked],[\unasked],Part time,Graduate/Master’s,"Yes, in a required course",Data Analysis and Visualization,6–10 hours,5,Often,Often,Sometimes,Rarely,Often,Bachelor’s degree,1,x,[^not chosen],[^not chosen],[^not chosen],[^not chosen],[^not chosen],[^not chosen],[^not chosen],[^not chosen],[^not chosen],0,[^not chosen],[^not chosen],[^not chosen],[^not chosen],[^not chosen],[^not chosen],[^not chosen],[^not chosen],[^not chosen],[^not chosen],Yes
uyoQ,[^not chosen],x,[^not chosen],[^not chosen],[^not chosen],[^not chosen],[^not chosen],Remote (fully or mostly),Remote (fully or mostly),[\unasked],Analyst,1,[^not chosen],x,[^not chosen],[^not chosen],[^not chosen],1,[^not chosen],[^not chosen],[^not chosen],[^not chosen],[^not chosen],x,[^not chosen],[\unasked],0,[\unasked],[\unasked],[\unasked],[\unasked],[\unasked],[\unasked],[\unasked],[\unasked],[\unasked],[\unasked],0,[\unasked],[\unasked],[\unasked],[\unasked],[\unasked],Master’s (or similar graduate degree),1,[^not chosen],[^not chosen],[^not chosen],[^not chosen],[^not chosen],[^not chosen],x,[^not chosen],[^not chosen],[^not chosen],1,[^not chosen],[^not chosen],x,[^not chosen],[^not chosen],[^not chosen],[^not chosen],[^not chosen],[^not chosen],[^not chosen],Yes
SmDY,x,[^not chosen],[^not chosen],[^not chosen],[^not chosen],[^not chosen],[^not chosen],Remote (fully or mostly),Remote (fully or mostly),Engineer,[\unasked],0,[\unasked],[\unasked],[\unasked],[\unasked],[\unasked],0,[\unasked],[\unasked],[\unasked],[\unasked],[\unasked],[\unasked],[\unasked],[\unasked],0,[\unasked],[\unasked],[\unasked],[\unasked],[\unasked],[\unasked],[\unasked],[\unasked],[\unasked],[\unasked],0,[\unasked],[\unasked],[\unasked],[\unasked],[\unasked],Bachelor’s degree,1,[^not chosen],[^not chosen],[^not chosen],[^not chosen],[^not chosen],x,[^not chosen],[^not chosen],[^not chosen],[^not chosen],0,[^not chosen],[^not chosen],[^not chosen],[^not chosen],[^not chosen],[^not chosen],[^not chosen],[^not chosen],[^not chosen],[^not chosen],I don’t know
kSCs,[^not chosen],x,[^not chosen],[^not chosen],[^not chosen],[^not chosen],[^not chosen],Hybrid,Remote (fully or mostly),[\unasked],Analyst,1,[^not chosen],[^not chosen],x,[^not chosen],[^not chosen],1,[^not chosen],x,[^not chosen],[^not chosen],[^not chosen],[^not chosen],[^not chosen],[\unasked],0,[\unasked],[\unasked],[\unasked],[\unasked],[\unasked],[\unasked],[\unasked],[\unasked],[\unasked],[\unasked],0,[\unasked],[\unasked],[\unasked],[\unasked],[\unasked],Master’s (or similar graduate degree),1,[^not chosen],[^not chosen],[^not chosen],[^not chosen],[^not chosen],x,[^not chosen],[^not chosen],[^not chosen],[^not chosen],1,[^not chosen],[^not chosen],[^not chosen],[^not chosen],[^not chosen],[^not chosen],[^not chosen],[^not chosen],[^not chosen],Leadership,I don’t know
ydug,[^not chosen],x,[^not chosen],[^not chosen],[^not chosen],[^not chosen],[^not chosen],Remote (fully or mostly),Remote (fully or mostly),[\unasked],Designer,1,[^not chosen],x,[^not chosen],[^not chosen],[^not chosen],1,[^not chosen],[^not chosen],[^not chosen],[^not chosen],[^not chosen],x,[^not chosen],[\unasked],0,[\unasked],[\unasked],[\unasked],[\unasked],[\unasked],[\unasked],[\unasked],[\unasked],[\unasked],[\unasked],0,[\unasked],[\unasked],[\unasked],[\unasked],[\unasked],Bachelor’s degree,1,x,[^not chosen],[^not chosen],[^not chosen],[^not chosen],[^not chosen],[^not chosen],[^not chosen],[^not chosen],[^not chosen],0,[^not chosen],[^not chosen],[^not chosen],[^not chosen],[^not chosen],[^not chosen],[^not chosen],[^not chosen],[^not chosen],[^not chosen],Yes
AOdJ,[^not chosen],x,[^not chosen],x,[^not chosen],[^not chosen],[^not chosen],Remote (fully or mostly),Remote (fully or mostly),[\unasked],Designer,2,x,[^not chosen],[^not chosen],x,[^not chosen],1,[^not chosen],[^not chosen],[^not chosen],[^not chosen],[^not chosen],[^not chosen],National statistics,[\unasked],0,[\unasked],[\unasked],[\unasked],[\unasked],[\unasked],Part time,PhD/Doctorate,"Yes, in an elective course",Design,[\unasked],0,[\unasked],[\unasked],[\unasked],[\unasked],[\unasked],Master’s (or similar graduate degree),2,x,[^not chosen],[^not chosen],[^not chosen],[^not chosen],[^not chosen],x,[^not chosen],[^not chosen],[^not chosen],2,x,[^not chosen],[^not chosen],[^not chosen],[^not chosen],[^not chosen],x,[^not chosen],[^not chosen],[^not chosen],No
Ktun,[^not chosen],x,[^not chosen],[^not chosen],[^not chosen],[^not chosen],[^not chosen],Remote (fully or mostly),Remote (fully or mostly),[\unasked],"Leadership (Manager, Director, VP, etc.)",1,[^not chosen],[^not chosen],[^not chosen],x,[^not chosen],0,[^not chosen],[^not chosen],[^not chosen],[^not chosen],[^not chosen],[^not chosen],[^not chosen],[\unasked],0,[\unasked],[\unasked],[\unasked],[\unasked],[\unasked],[\unasked],[\unasked],[\unasked],[\unasked],[\unasked],0,[\unasked],[\unasked],[\unasked],[\unasked],[\unasked],Master’s (or similar graduate degree),1,[^not chosen],[^not chosen],[^not chosen],[^not chosen],[^not chosen],[^not chosen],x,[^not chosen],[^not chosen],[^not chosen],1,[^not chosen],[^not chosen],[^not chosen],[^not chosen],[^not chosen],[^not chosen],[^not chosen],[^not chosen],x,[^not chosen],No
toJz,x,x,x,[^not chosen],[^not chosen],[^not chosen],[^not chosen],Remote (fully or mostly),Remote (fully or mostly),Analyst,Teacher,1,[^not chosen],[^not chosen],x,[^not chosen],[^not chosen],1,[^not chosen],[^not chosen],[^not chosen],[^not chosen],[^not chosen],x,[^not chosen],[\unasked],0,[\unasked],[\unasked],[\unasked],[\unasked],[\unasked],[\unasked],[\unasked],[\unasked],[\unasked],5 hours or less,5,Often,Rarely,Sometimes,Rarely,Often,Master’s (or similar graduate degree),1,[^not chosen],[^not chosen],[^not chosen],[^not chosen],[^not chosen],[^not chosen],x,[^not chosen],[^not chosen],[^not chosen],1,[^not chosen],[^not chosen],[^not chosen],[^not chosen],[^not chosen],[^not chosen],x,[^not chosen],[^not chosen],[^not chosen],Yes
bONJ,[^not chosen],x,[^not chosen],[^not chosen],[^not chosen],[^not chosen],[^not chosen],Remote (fully or mostly),Remote (fully or mostly),[\unasked],"Leadership (Manager, Director, VP, etc.)",1,[^not chosen],x,[^not chosen],[^not chosen],[^not chosen],2,[^not chosen],x,x,[^not chosen],[^not chosen],[^not chosen],[^not chosen],[\unasked],0,[\unasked],[\unasked],[\unasked],[\unasked],[\unasked],[\unasked],[\unasked],[\unasked],[\unasked],[\unasked],0,[\unasked],[\unasked],[\unasked],[\unasked],[\unasked],Master’s (or similar graduate degree),2,[^not chosen],x,[^not chosen],[^not chosen],[^not chosen],[^not chosen],x,[^not chosen],[^not chosen],[^not chosen],1,[^not chosen],[^not chosen],[^not chosen],[^not chosen],[^not chosen],[^not chosen],x,[^not chosen],[^not chosen],[^not chosen],I don’t know
yjtk,[^not chosen],x,[^not chosen],[^not chosen],[^not chosen],[^not chosen],[^not chosen],Remote (fully or mostly),Remote (fully or mostly),[\unasked],"Leadership (Manager, Director, VP, etc.)",1,[^not chosen],x,[^not chosen],[^not chosen],[^not chosen],1,[^not chosen],[^not chosen],x,[^not chosen],[^not chosen],[^not chosen],[^not chosen],[\unasked],0,[\unasked],[\unasked],[\unasked],[\unasked],[\unasked],[\unasked],[\unasked],[\unasked],[\unasked],[\unasked],0,[\unasked],[\unasked],[\unasked],[\unasked],[\unasked],Bachelor’s degree,1,[^not chosen],x,[^not chosen],[^not chosen],[^not chosen],[^not chosen],[^not chosen],[^not chosen],[^not chosen],[^not chosen],0,[^not chosen],[^not chosen],[^not chosen],[^not chosen],[^not chosen],[^not chosen],[^not chosen],[^not chosen],[^not chosen],[^not chosen],Yes
pFyQ,x,x,[^not chosen],[^not chosen],x,[^not chosen],[^not chosen],Remote (fully or mostly),Remote (fully or mostly),Designer,Designer,1,[^not chosen],x,[^not chosen],[^not chosen],[^not chosen],1,[^not chosen],x,[^not chosen],[^not chosen],[^not chosen],[^not chosen],[^not chosen],"Science, Math, and Technology",2,x,x,[^not chosen],[^not chosen],[^not chosen],[\unasked],[\unasked],[\unasked],[\unasked],[\unasked],0,[\unasked],[\unasked],[\unasked],[\unasked],[\unasked],Bachelor’s degree,1,[^not chosen],[^not chosen],[^not chosen],[^not chosen],[^not chosen],x,[^not chosen],[^not chosen],[^not chosen],[^not chosen],0,[^not chosen],[^not chosen],[^not chosen],[^not chosen],[^not chosen],[^not chosen],[^not chosen],[^not chosen],[^not chosen],[^not chosen],Yes
yUxB,[^not chosen],x,[^not chosen],[^not chosen],[^not chosen],[^not chosen],[^not chosen],Remote (fully or mostly),Remote (fully or mostly),[\unasked],Analyst,1,[^not chosen],[^not chosen],[^not chosen],x,[^not chosen],1,[^not chosen],[^not chosen],[^not chosen],[^not chosen],[^not chosen],[^not chosen],higher education,[\unasked],0,[\unasked],[\unasked],[\unasked],[\unasked],[\unasked],[\unasked],[\unasked],[\unasked],[\unasked],[\unasked],0,[\unasked],[\unasked],[\unasked],[\unasked],[\unasked],Master’s (or similar graduate degree),1,[^not chosen],x,[^not chosen],[^not chosen],[^not chosen],[^not chosen],[^not chosen],[^not chosen],[^not chosen],[^not chosen],1,[^not chosen],x,[^not chosen],[^not chosen],[^not chosen],[^not chosen],[^not chosen],[^not chosen],[^not chosen],[^not chosen],Yes
yHKo,[^not chosen],x,[^not chosen],[^not chosen],[^not chosen],[^not chosen],[^not chosen],Remote (fully or mostly),Remote (fully or mostly),[\unasked],Engineer,1,[^not chosen],x,[^not chosen],[^not chosen],[^not chosen],1,[^not chosen],[^not chosen],x,[^not chosen],[^not chosen],[^not chosen],[^not chosen],[\unasked],0,[\unasked],[\unasked],[\unasked],[\unasked],[\unasked],[\unasked],[\unasked],[\unasked],[\unasked],[\unasked],0,[\unasked],[\unasked],[\unasked],[\unasked],[\unasked],"Doctoral degree (e.g., PhD, EdD, PsyD)",1,[^not chosen],[^not chosen],[^not chosen],[^not chosen],[^not chosen],x,[^not chosen],[^not chosen],[^not chosen],[^not chosen],1,[^not chosen],[^not chosen],[^not chosen],[^not chosen],[^not chosen],x,[^not chosen],[^not chosen],[^not chosen],[^not chosen],No
jBav,[^not chosen],x,[^not chosen],[^not chosen],[^not chosen],[^not chosen],[^not chosen],Remote (fully or mostly),Remote (fully or mostly),[\unasked],"Leadership (Manager, Director, VP, etc.)",3,x,x,[^not chosen],x,[^not chosen],1,[^not chosen],[^not chosen],[^not chosen],[^not chosen],[^not chosen],x,[^not chosen],[\unasked],0,[\unasked],[\unasked],[\unasked],[\unasked],[\unasked],[\unasked],[\unasked],[\unasked],[\unasked],[\unasked],0,[\unasked],[\unasked],[\unasked],[\unasked],[\unasked],Master’s (or similar graduate degree),1,[^not chosen],[^not chosen],[^not chosen],[^not chosen],[^not chosen],x,[^not chosen],[^not chosen],[^not chosen],[^not chosen],2,[^not chosen],x,[^not chosen],[^not chosen],[^not chosen],x,[^not chosen],[^not chosen],[^not chosen],[^not chosen],I don’t know
avSQ,[^not chosen],x,x,[^not chosen],[^not chosen],[^not chosen],[^not chosen],Hybrid,Remote (fully or mostly),[\unasked],"Leadership (Manager, Director, VP, etc.)",1,[^not chosen],x,[^not chosen],[^not chosen],[^not chosen],2,[^not chosen],[^not chosen],x,[^not chosen],x,[^not chosen],[^not chosen],[\unasked],0,[\unasked],[\unasked],[\unasked],[\unasked],[\unasked],[\unasked],[\unasked],[\unasked],[\unasked],5 hours or less,4,Rarely,Rarely,Never,Often,Sometimes,Master’s (or similar graduate degree),1,[^not chosen],x,[^not chosen],[^not chosen],[^not chosen],[^not chosen],[^not chosen],[^not chosen],[^not chosen],[^not chosen],1,[^not chosen],x,[^not chosen],[^not chosen],[^not chosen],[^not chosen],[^not chosen],[^not chosen],[^not chosen],[^not chosen],No
Jzml,[^not chosen],x,[^not chosen],[^not chosen],[^not chosen],[^not chosen],[^not chosen],Remote (fully or mostly),Remote (fully or mostly),[\unasked],,2,x,[^not chosen],x,[^not chosen],[^not chosen],1,[^not chosen],[^not chosen],[^not chosen],[^not chosen],[^not chosen],x,[^not chosen],[\unasked],0,[\unasked],[\unasked],[\unasked],[\unasked],[\unasked],[\unasked],[\unasked],[\unasked],[\unasked],[\unasked],0,[\unasked],[\unasked],[\unasked],[\unasked],[\unasked],Master’s (or similar graduate degree),2,x,[^not chosen],[^not chosen],[^not chosen],[^not chosen],[^not chosen],x,[^not chosen],[^not chosen],[^not chosen],1,[^not chosen],[^not chosen],[^not chosen],x,[^not chosen],[^not chosen],[^not chosen],[^not chosen],[^not chosen],[^not chosen],No
SwAF,[^not chosen],x,[^not chosen],[^not chosen],[^not chosen],[^not chosen],[^not chosen],Remote (fully or mostly),Remote (fully or mostly),[\unasked],"Leadership (Manager, Director, VP, etc.)",1,[^not chosen],x,[^not chosen],[^not chosen],[^not chosen],1,[^not chosen],[^not chosen],[^not chosen],x,[^not chosen],[^not chosen],[^not chosen],[\unasked],0,[\unasked],[\unasked],[\unasked],[\unasked],[\unasked],[\unasked],[\unasked],[\unasked],[\unasked],[\unasked],0,[\unasked],[\unasked],[\unasked],[\unasked],[\unasked],Bachelor’s degree,1,[^not chosen],[^not chosen],[^not chosen],[^not chosen],[^not chosen],[^not chosen],[^not chosen],[^not chosen],[^not chosen],Journalism,0,[^not chosen],[^not chosen],[^not chosen],[^not chosen],[^not chosen],[^not chosen],[^not chosen],[^not chosen],[^not chosen],[^not chosen],Yes
TWGL,[^not chosen],x,[^not chosen],[^not chosen],[^not chosen],[^not chosen],[^not chosen],Remote (fully or mostly),Remote (fully or mostly),[\unasked],Developer,1,[^not chosen],[^not chosen],[^not chosen],x,[^not chosen],1,[^not chosen],[^not chosen],[^not chosen],[^not chosen],[^not chosen],[^not chosen],Higher education,[\unasked],0,[\unasked],[\unasked],[\unasked],[\unasked],[\unasked],[\unasked],[\unasked],[\unasked],[\unasked],[\unasked],0,[\unasked],[\unasked],[\unasked],[\unasked],[\unasked],Master’s (or similar graduate degree),2,x,[^not chosen],[^not chosen],[^not chosen],[^not chosen],x,[^not chosen],[^not chosen],[^not chosen],[^not chosen],1,[^not chosen],[^not chosen],[^not chosen],[^not chosen],[^not chosen],x,[^not chosen],[^not chosen],[^not chosen],[^not chosen],Yes
YVsi,[^not chosen],x,[^not chosen],[^not chosen],[^not chosen],[^not chosen],[^not chosen],On site (fully or mostly),Remote (fully or mostly),[\unasked],Analyst,1,x,[^not chosen],[^not chosen],[^not chosen],[^not chosen],1,[^not chosen],x,[^not chosen],[^not chosen],[^not chosen],[^not chosen],[^not chosen],[\unasked],0,[\unasked],[\unasked],[\unasked],[\unasked],[\unasked],[\unasked],[\unasked],[\unasked],[\unasked],[\unasked],0,[\unasked],[\unasked],[\unasked],[\unasked],[\unasked],Master’s (or similar graduate degree),1,[^not chosen],[^not chosen],[^not chosen],[^not chosen],[^not chosen],x,[^not chosen],[^not chosen],[^not chosen],[^not chosen],2,[^not chosen],[^not chosen],[^not chosen],x,x,[^not chosen],[^not chosen],[^not chosen],[^not chosen],[^not chosen],Yes
zqQd,[^not chosen],x,[^not chosen],[^not chosen],[^not chosen],[^not chosen],[^not chosen],Hybrid,Remote (fully or mostly),[\unasked],None of these describes my role,1,[^not chosen],x,[^not chosen],[^not chosen],[^not chosen],1,[^not chosen],[^not chosen],[^not chosen],x,[^not chosen],[^not chosen],[^not chosen],[\unasked],0,[\unasked],[\unasked],[\unasked],[\unasked],[\unasked],[\unasked],[\unasked],[\unasked],[\unasked],[\unasked],0,[\unasked],[\unasked],[\unasked],[\unasked],[\unasked],Bachelor’s degree,1,x,[^not chosen],[^not chosen],[^not chosen],[^not chosen],[^not chosen],[^not chosen],[^not chosen],[^not chosen],[^not chosen],0,[^not chosen],[^not chosen],[^not chosen],[^not chosen],[^not chosen],[^not chosen],[^not chosen],[^not chosen],[^not chosen],[^not chosen],No
RpJI,[^not chosen],x,[^not chosen],[^not chosen],[^not chosen],[^not chosen],[^not chosen],Hybrid,Remote (fully or mostly),[\unasked],"Leadership (Manager, Director, VP, etc.)",1,[^not chosen],[^not chosen],x,[^not chosen],[^not chosen],1,[^not chosen],x,[^not chosen],[^not chosen],[^not chosen],[^not chosen],[^not chosen],[\unasked],0,[\unasked],[\unasked],[\unasked],[\unasked],[\unasked],[\unasked],[\unasked],[\unasked],[\unasked],[\unasked],0,[\unasked],[\unasked],[\unasked],[\unasked],[\unasked],Bachelor’s degree,1,[^not chosen],[^not chosen],[^not chosen],[^not chosen],[^not chosen],[^not chosen],x,[^not chosen],[^not chosen],[^not chosen],0,[^not chosen],[^not chosen],[^not chosen],[^not chosen],[^not chosen],[^not chosen],[^not chosen],[^not chosen],[^not chosen],[^not chosen],No
EUNt,[^not chosen],x,[^not chosen],[^not chosen],[^not chosen],[^not chosen],[^not chosen],Remote (fully or mostly),Remote (fully or mostly),[\unasked],Analyst,2,[^not chosen],[^not chosen],x,x,[^not chosen],1,[^not chosen],[^not chosen],[^not chosen],[^not chosen],[^not chosen],[^not chosen],Education,[\unasked],0,[\unasked],[\unasked],[\unasked],[\unasked],[\unasked],[\unasked],[\unasked],[\unasked],[\unasked],[\unasked],0,[\unasked],[\unasked],[\unasked],[\unasked],[\unasked],"Doctoral degree (e.g., PhD, EdD, PsyD)",1,x,[^not chosen],[^not chosen],[^not chosen],[^not chosen],[^not chosen],[^not chosen],[^not chosen],[^not chosen],[^not chosen],1,[^not chosen],[^not chosen],x,[^not chosen],[^not chosen],[^not chosen],[^not chosen],[^not chosen],[^not chosen],[^not chosen],I don’t know
FdCg,[^not chosen],[^not chosen],x,[^not chosen],[^not chosen],[^not chosen],[^not chosen],[^not answered],Remote (fully or mostly),[\unasked],[\unasked],0,[\unasked],[\unasked],[\unasked],[\unasked],[\unasked],0,[\unasked],[\unasked],[\unasked],[\unasked],[\unasked],[\unasked],[\unasked],[\unasked],0,[\unasked],[\unasked],[\unasked],[\unasked],[\unasked],[\unasked],[\unasked],[\unasked],[\unasked],5 hours or less,5,Often,Often,Sometimes,Often,Often,Master’s (or similar graduate degree),1,[^not chosen],[^not chosen],[^not chosen],[^not chosen],x,[^not chosen],[^not chosen],[^not chosen],[^not chosen],[^not chosen],1,[^not chosen],[^not chosen],[^not chosen],[^not chosen],x,[^not chosen],[^not chosen],[^not chosen],[^not chosen],[^not chosen],No
nRDn,[^not chosen],x,[^not chosen],[^not chosen],[^not chosen],[^not chosen],[^not chosen],Remote (fully or mostly),Remote (fully or mostly),[\unasked],Analyst,1,[^not chosen],x,[^not chosen],[^not chosen],[^not chosen],1,[^not chosen],x,[^not chosen],[^not chosen],[^not chosen],[^not chosen],[^not chosen],[\unasked],0,[\unasked],[\unasked],[\unasked],[\unasked],[\unasked],[\unasked],[\unasked],[\unasked],[\unasked],[\unasked],0,[\unasked],[\unasked],[\unasked],[\unasked],[\unasked],Bachelor’s degree,2,[^not chosen],[^not chosen],[^not chosen],x,x,[^not chosen],[^not chosen],[^not chosen],[^not chosen],[^not chosen],0,[^not chosen],[^not chosen],[^not chosen],[^not chosen],[^not chosen],[^not chosen],[^not chosen],[^not chosen],[^not chosen],[^not chosen],No
jpOo,x,x,[^not chosen],[^not chosen],[^not chosen],[^not chosen],[^not chosen],Remote (fully or mostly),Remote (fully or mostly),Developer,"Leadership (Manager, Director, VP, etc.)",4,x,x,x,x,[^not chosen],4,x,x,x,[^not chosen],[^not chosen],x,[^not chosen],[\unasked],0,[\unasked],[\unasked],[\unasked],[\unasked],[\unasked],[\unasked],[\unasked],[\unasked],[\unasked],[\unasked],0,[\unasked],[\unasked],[\unasked],[\unasked],[\unasked],"Doctoral degree (e.g., PhD, EdD, PsyD)",2,x,[^not chosen],[^not chosen],[^not chosen],[^not chosen],x,[^not chosen],[^not chosen],[^not chosen],[^not chosen],2,[^not chosen],[^not chosen],[^not chosen],x,[^not chosen],x,[^not chosen],[^not chosen],[^not chosen],[^not chosen],Yes
oxyg,[^not chosen],x,[^not chosen],[^not chosen],[^not chosen],[^not chosen],[^not chosen],Remote (fully or mostly),Remote (fully or mostly),[\unasked],Developer,1,[^not chosen],[^not chosen],x,[^not chosen],[^not chosen],1,[^not chosen],[^not chosen],[^not chosen],x,[^not chosen],[^not chosen],[^not chosen],[\unasked],0,[\unasked],[\unasked],[\unasked],[\unasked],[\unasked],[\unasked],[\unasked],[\unasked],[\unasked],[\unasked],0,[\unasked],[\unasked],[\unasked],[\unasked],[\unasked],Master’s (or similar graduate degree),1,x,[^not chosen],[^not chosen],[^not chosen],[^not chosen],[^not chosen],[^not chosen],[^not chosen],[^not chosen],[^not chosen],1,[^not chosen],[^not chosen],[^not chosen],[^not chosen],[^not chosen],[^not chosen],x,[^not chosen],[^not chosen],[^not chosen],Yes
ljcg,x,x,x,[^not chosen],[^not chosen],[^not chosen],[^not chosen],Remote (fully or mostly),Remote (fully or mostly),Designer,Analyst,1,[^not chosen],x,[^not chosen],[^not chosen],[^not chosen],1,[^not chosen],[^not chosen],[^not chosen],[^not chosen],[^not chosen],[^not chosen],Other (please specify and use semicolons (;) to separate distinct items),[\unasked],0,[\unasked],[\unasked],[\unasked],[\unasked],[\unasked],[\unasked],[\unasked],[\unasked],[\unasked],5 hours or less,4,Rarely,Rarely,Never,Rarely,Rarely,Master’s (or similar graduate degree),1,x,[^not chosen],[^not chosen],[^not chosen],[^not chosen],[^not chosen],[^not chosen],[^not chosen],[^not chosen],[^not chosen],1,[^not chosen],x,[^not chosen],[^not chosen],[^not chosen],[^not chosen],[^not chosen],[^not chosen],[^not chosen],[^not chosen],Yes
LJTX,[^not chosen],x,x,[^not chosen],[^not chosen],[^not chosen],[^not chosen],Remote (fully or mostly),Remote (fully or mostly),[\unasked],Engineer,1,[^not chosen],x,[^not chosen],[^not chosen],[^not chosen],1,[^not chosen],[^not chosen],[^not chosen],[^not chosen],[^not chosen],[^not chosen],Sports,[\unasked],0,[\unasked],[\unasked],[\unasked],[\unasked],[\unasked],[\unasked],[\unasked],[\unasked],[\unasked],6–10 hours,4,Often,Often,Never,Sometimes,Sometimes,Bachelor’s degree,1,[^not chosen],[^not chosen],[^not chosen],[^not chosen],[^not chosen],x,[^not chosen],[^not chosen],[^not chosen],[^not chosen],0,[^not chosen],[^not chosen],[^not chosen],[^not chosen],[^not chosen],[^not chosen],[^not chosen],[^not chosen],[^not chosen],[^not chosen],Yes
JbOj,x,x,[^not chosen],[^not chosen],[^not chosen],[^not chosen],[^not chosen],Remote (fully or mostly),Remote (fully or mostly),Designer,Designer,1,[^not chosen],x,[^not chosen],[^not chosen],[^not chosen],1,[^not chosen],[^not chosen],[^not chosen],[^not chosen],[^not chosen],x,[^not chosen],[\unasked],0,[\unasked],[\unasked],[\unasked],[\unasked],[\unasked],[\unasked],[\unasked],[\unasked],[\unasked],[\unasked],0,[\unasked],[\unasked],[\unasked],[\unasked],[\unasked],Bachelor’s degree,1,x,[^not chosen],[^not chosen],[^not chosen],[^not chosen],[^not chosen],[^not chosen],[^not chosen],[^not chosen],[^not chosen],0,[^not chosen],[^not chosen],[^not chosen],[^not chosen],[^not chosen],[^not chosen],[^not chosen],[^not chosen],[^not chosen],[^not chosen],Yes
acmp,[^not chosen],x,[^not chosen],[^not chosen],[^not chosen],[^not chosen],[^not chosen],Remote (fully or mostly),Remote (fully or mostly),[\unasked],Analyst,1,[^not chosen],[^not chosen],x,[^not chosen],[^not chosen],1,[^not chosen],[^not chosen],[^not chosen],[^not chosen],[^not chosen],[^not chosen],"Racial justice, advocacy and policy change",[\unasked],0,[\unasked],[\unasked],[\unasked],[\unasked],[\unasked],[\unasked],[\unasked],[\unasked],[\unasked],[\unasked],0,[\unasked],[\unasked],[\unasked],[\unasked],[\unasked],Master’s (or similar graduate degree),1,x,[^not chosen],[^not chosen],[^not chosen],[^not chosen],[^not chosen],[^not chosen],[^not chosen],[^not chosen],[^not chosen],1,[^not chosen],[^not chosen],[^not chosen],[^not chosen],[^not chosen],x,[^not chosen],[^not chosen],[^not chosen],[^not chosen],I don’t know
AcMx,[^not chosen],x,[^not chosen],[^not chosen],[^not chosen],[^not chosen],[^not chosen],Remote (fully or mostly),Remote (fully or mostly),[\unasked],Developer,2,x,x,[^not chosen],[^not chosen],[^not chosen],1,[^not chosen],[^not chosen],[^not chosen],[^not chosen],[^not chosen],[^not chosen],data; education; research,[\unasked],0,[\unasked],[\unasked],[\unasked],[\unasked],[\unasked],[\unasked],[\unasked],[\unasked],[\unasked],[\unasked],0,[\unasked],[\unasked],[\unasked],[\unasked],[\unasked],Master’s (or similar graduate degree),1,[^not chosen],[^not chosen],[^not chosen],[^not chosen],[^not chosen],[^not chosen],x,[^not chosen],[^not chosen],[^not chosen],1,[^not chosen],[^not chosen],[^not chosen],[^not chosen],[^not chosen],[^not chosen],x,[^not chosen],[^not chosen],[^not chosen],No
PdWc,[^not chosen],x,[^not chosen],[^not chosen],[^not chosen],[^not chosen],[^not chosen],Remote (fully or mostly),Remote (fully or mostly),[\unasked],Designer,1,x,[^not chosen],[^not chosen],[^not chosen],[^not chosen],3,[^not chosen],x,x,[^not chosen],[^not chosen],x,[^not chosen],[\unasked],0,[\unasked],[\unasked],[\unasked],[\unasked],[\unasked],[\unasked],[\unasked],[\unasked],[\unasked],[\unasked],0,[\unasked],[\unasked],[\unasked],[\unasked],[\unasked],Bachelor’s degree,1,x,[^not chosen],[^not chosen],[^not chosen],[^not chosen],[^not chosen],[^not chosen],[^not chosen],[^not chosen],[^not chosen],0,[^not chosen],[^not chosen],[^not chosen],[^not chosen],[^not chosen],[^not chosen],[^not chosen],[^not chosen],[^not chosen],[^not chosen],No
GZIG,[^not chosen],x,[^not chosen],[^not chosen],[^not chosen],[^not chosen],[^not chosen],Remote (fully or mostly),Remote (fully or mostly),[\unasked],Analyst,2,x,x,[^not chosen],[^not chosen],[^not chosen],1,[^not chosen],[^not chosen],[^not chosen],[^not chosen],[^not chosen],[^not chosen],Mobility; Fleet Rental; Car Rental,[\unasked],0,[\unasked],[\unasked],[\unasked],[\unasked],[\unasked],[\unasked],[\unasked],[\unasked],[\unasked],[\unasked],0,[\unasked],[\unasked],[\unasked],[\unasked],[\unasked],Master’s (or similar graduate degree),1,x,[^not chosen],[^not chosen],[^not chosen],[^not chosen],[^not chosen],[^not chosen],[^not chosen],[^not chosen],[^not chosen],2,[^not chosen],x,x,[^not chosen],[^not chosen],[^not chosen],[^not chosen],[^not chosen],[^not chosen],[^not chosen],Yes
hPyj,[^not chosen],x,x,[^not chosen],[^not chosen],[^not chosen],[^not chosen],Remote (fully or mostly),Remote (fully or mostly),[\unasked],Developer,1,[^not chosen],x,[^not chosen],[^not chosen],[^not chosen],1,[^not chosen],[^not chosen],[^not chosen],[^not chosen],[^not chosen],[^not chosen],Video gaming/simulation,[\unasked],0,[\unasked],[\unasked],[\unasked],[\unasked],[\unasked],[\unasked],[\unasked],[\unasked],[\unasked],5 hours or less,4,Sometimes,Often,Never,Often,Often,Master’s (or similar graduate degree),1,x,[^not chosen],[^not chosen],[^not chosen],[^not chosen],[^not chosen],[^not chosen],[^not chosen],[^not chosen],[^not chosen],1,[^not chosen],[^not chosen],[^not chosen],[^not chosen],[^not chosen],x,[^not chosen],[^not chosen],[^not chosen],[^not chosen],Yes
UfWN,[^not chosen],[^not chosen],x,x,[^not chosen],[^not chosen],[^not chosen],Hybrid,Remote (fully or mostly),[\unasked],[\unasked],0,[\unasked],[\unasked],[\unasked],[\unasked],[\unasked],0,[\unasked],[\unasked],[\unasked],[\unasked],[\unasked],[\unasked],[\unasked],[\unasked],0,[\unasked],[\unasked],[\unasked],[\unasked],[\unasked],Full time,Graduate/Master’s,"Yes, in a required course",Data Science Master,5 hours or less,5,Often,Often,Sometimes,Often,Often,Bachelor’s degree,1,[^not chosen],[^not chosen],[^not chosen],[^not chosen],[^not chosen],x,[^not chosen],[^not chosen],[^not chosen],[^not chosen],0,[^not chosen],[^not chosen],[^not chosen],[^not chosen],[^not chosen],[^not chosen],[^not chosen],[^not chosen],[^not chosen],[^not chosen],Yes
wDEh,[^not chosen],[^not chosen],x,[^not chosen],[^not chosen],[^not chosen],[^not chosen],Remote (fully or mostly),Remote (fully or mostly),[\unasked],[\unasked],0,[\unasked],[\unasked],[\unasked],[\unasked],[\unasked],0,[\unasked],[\unasked],[\unasked],[\unasked],[\unasked],[\unasked],[\unasked],[\unasked],0,[\unasked],[\unasked],[\unasked],[\unasked],[\unasked],[\unasked],[\unasked],[\unasked],[\unasked],11–20 hours,5,Often,Often,Rarely,Rarely,Often,Master’s (or similar graduate degree),1,[^not chosen],[^not chosen],[^not chosen],[^not chosen],[^not chosen],x,[^not chosen],[^not chosen],[^not chosen],[^not chosen],1,[^not chosen],x,[^not chosen],[^not chosen],[^not chosen],[^not chosen],[^not chosen],[^not chosen],[^not chosen],[^not chosen],Yes
ANjs,[^not chosen],x,[^not chosen],[^not chosen],[^not chosen],[^not chosen],[^not chosen],Remote (fully or mostly),Remote (fully or mostly),[\unasked],Designer,1,[^not chosen],x,[^not chosen],[^not chosen],[^not chosen],2,[^not chosen],[^not chosen],x,[^not chosen],[^not chosen],x,[^not chosen],[\unasked],0,[\unasked],[\unasked],[\unasked],[\unasked],[\unasked],[\unasked],[\unasked],[\unasked],[\unasked],[\unasked],0,[\unasked],[\unasked],[\unasked],[\unasked],[\unasked],Bachelor’s degree,1,[^not chosen],x,[^not chosen],[^not chosen],[^not chosen],[^not chosen],[^not chosen],[^not chosen],[^not chosen],[^not chosen],0,[^not chosen],[^not chosen],[^not chosen],[^not chosen],[^not chosen],[^not chosen],[^not chosen],[^not chosen],[^not chosen],[^not chosen],Yes
xtSZ,[^not chosen],x,[^not chosen],[^not chosen],x,[^not chosen],[^not chosen],Hybrid,Remote (fully or mostly),[\unasked],Analyst,1,[^not chosen],[^not chosen],[^not chosen],x,[^not chosen],0,[^not chosen],[^not chosen],[^not chosen],[^not chosen],[^not chosen],[^not chosen],[^not chosen],"Science, Math, and Technology",2,x,x,[^not chosen],[^not chosen],[^not chosen],[\unasked],[\unasked],[\unasked],[\unasked],[\unasked],0,[\unasked],[\unasked],[\unasked],[\unasked],[\unasked],Master’s (or similar graduate degree),2,x,[^not chosen],[^not chosen],[^not chosen],[^not chosen],x,[^not chosen],[^not chosen],[^not chosen],[^not chosen],1,[^not chosen],[^not chosen],[^not chosen],[^not chosen],[^not chosen],x,[^not chosen],[^not chosen],[^not chosen],[^not chosen],No
ssBG,[^not chosen],[^not chosen],[^not chosen],[^not chosen],x,[^not chosen],[^not chosen],On site (fully or mostly),Remote (fully or mostly),[\unasked],[\unasked],0,[\unasked],[\unasked],[\unasked],[\unasked],[\unasked],0,[\unasked],[\unasked],[\unasked],[\unasked],[\unasked],[\unasked],[\unasked],Public and Social Services,1,[^not chosen],[^not chosen],[^not chosen],[^not chosen],Assessment reports for the district,[\unasked],[\unasked],[\unasked],[\unasked],[\unasked],0,[\unasked],[\unasked],[\unasked],[\unasked],[\unasked],Master’s (or similar graduate degree),1,x,[^not chosen],[^not chosen],[^not chosen],[^not chosen],[^not chosen],[^not chosen],[^not chosen],[^not chosen],[^not chosen],1,[^not chosen],[^not chosen],x,[^not chosen],[^not chosen],[^not chosen],[^not chosen],[^not chosen],[^not chosen],[^not chosen],Yes
koyH,[^not chosen],x,[^not chosen],[^not chosen],[^not chosen],[^not chosen],[^not chosen],Remote (fully or mostly),Remote (fully or mostly),[\unasked],Analyst,1,[^not chosen],[^not chosen],[^not chosen],x,[^not chosen],0,[^not chosen],[^not chosen],[^not chosen],[^not chosen],[^not chosen],[^not chosen],[^not chosen],[\unasked],0,[\unasked],[\unasked],[\unasked],[\unasked],[\unasked],[\unasked],[\unasked],[\unasked],[\unasked],[\unasked],0,[\unasked],[\unasked],[\unasked],[\unasked],[\unasked],Master’s (or similar graduate degree),1,x,[^not chosen],[^not chosen],[^not chosen],[^not chosen],[^not chosen],[^not chosen],[^not chosen],[^not chosen],[^not chosen],1,[^not chosen],x,[^not chosen],[^not chosen],[^not chosen],[^not chosen],[^not chosen],[^not chosen],[^not chosen],[^not chosen],Yes
OfvA,[^not chosen],x,[^not chosen],[^not chosen],[^not chosen],[^not chosen],[^not chosen],Hybrid,Remote (fully or mostly),[\unasked],Analyst,1,[^not chosen],[^not chosen],x,[^not chosen],[^not chosen],0,[^not chosen],[^not chosen],[^not chosen],[^not chosen],[^not chosen],[^not chosen],[^not chosen],[\unasked],0,[\unasked],[\unasked],[\unasked],[\unasked],[\unasked],[\unasked],[\unasked],[\unasked],[\unasked],[\unasked],0,[\unasked],[\unasked],[\unasked],[\unasked],[\unasked],[\unfinished],0,[\unfinished],[\unfinished],[\unfinished],[\unfinished],[\unfinished],[\unfinished],[\unfinished],[\unfinished],[\unfinished],[\unfinished],0,[\unfinished],[\unfinished],[\unfinished],[\unfinished],[\unfinished],[\unfinished],[\unfinished],[\unfinished],[\unfinished],[\unfinished],[\unfinished]
RKZB,[^not chosen],x,[^not chosen],[^not chosen],[^not chosen],[^not chosen],[^not chosen],Remote (fully or mostly),Remote (fully or mostly),[\unasked],Journalist,1,[^not chosen],x,[^not chosen],[^not chosen],[^not chosen],4,[^not chosen],[^not chosen],x,x,x,x,[^not chosen],[\unasked],0,[\unasked],[\unasked],[\unasked],[\unasked],[\unasked],[\unasked],[\unasked],[\unasked],[\unasked],[\unasked],0,[\unasked],[\unasked],[\unasked],[\unasked],[\unasked],[\unfinished],0,[\unfinished],[\unfinished],[\unfinished],[\unfinished],[\unfinished],[\unfinished],[\unfinished],[\unfinished],[\unfinished],[\unfinished],0,[\unfinished],[\unfinished],[\unfinished],[\unfinished],[\unfinished],[\unfinished],[\unfinished],[\unfinished],[\unfinished],[\unfinished],[\unfinished]
BZzJ,[^not chosen],x,[^not chosen],[^not chosen],[^not chosen],[^not chosen],[^not chosen],Remote (fully or mostly),Remote (fully or mostly),[\unasked],Developer,1,[^not chosen],x,[^not chosen],[^not chosen],[^not chosen],1,x,[^not chosen],[^not chosen],[^not chosen],[^not chosen],[^not chosen],[^not chosen],[\unasked],0,[\unasked],[\unasked],[\unasked],[\unasked],[\unasked],[\unasked],[\unasked],[\unasked],[\unasked],[\unasked],0,[\unasked],[\unasked],[\unasked],[\unasked],[\unasked],[\unfinished],0,[\unfinished],[\unfinished],[\unfinished],[\unfinished],[\unfinished],[\unfinished],[\unfinished],[\unfinished],[\unfinished],[\unfinished],0,[\unfinished],[\unfinished],[\unfinished],[\unfinished],[\unfinished],[\unfinished],[\unfinished],[\unfinished],[\unfinished],[\unfinished],[\unfinished]
ziWj,[^not chosen],x,[^not chosen],[^not chosen],[^not chosen],[^not chosen],[^not chosen],Remote (fully or mostly),Remote (fully or mostly),[\unasked],Analyst,1,[^not chosen],x,[^not chosen],[^not chosen],[^not chosen],1,[^not chosen],[^not chosen],[^not chosen],[^not chosen],[^not chosen],[^not chosen],Retail,[\unasked],0,[\unasked],[\unasked],[\unasked],[\unasked],[\unasked],[\unasked],[\unasked],[\unasked],[\unasked],[\unasked],0,[\unasked],[\unasked],[\unasked],[\unasked],[\unasked],[\unfinished],0,[\unfinished],[\unfinished],[\unfinished],[\unfinished],[\unfinished],[\unfinished],[\unfinished],[\unfinished],[\unfinished],[\unfinished],0,[\unfinished],[\unfinished],[\unfinished],[\unfinished],[\unfinished],[\unfinished],[\unfinished],[\unfinished],[\unfinished],[\unfinished],[\unfinished]
XBYW,[^not chosen],[^not chosen],[^not chosen],[^not chosen],x,[^not chosen],[^not chosen],Remote (fully or mostly),Remote (fully or mostly),[\unasked],[\unasked],0,[\unasked],[\unasked],[\unasked],[\unasked],[\unasked],0,[\unasked],[\unasked],[\unasked],[\unasked],[\unasked],[\unasked],[\unasked],"Science, Math, and Technology",1,[^not chosen],x,[^not chosen],[^not chosen],[^not chosen],[\unasked],[\unasked],[\unasked],[\unasked],[\unasked],0,[\unasked],[\unasked],[\unasked],[\unasked],[\unasked],[\unfinished],0,[\unfinished],[\unfinished],[\unfinished],[\unfinished],[\unfinished],[\unfinished],[\unfinished],[\unfinished],[\unfinished],[\unfinished],0,[\unfinished],[\unfinished],[\unfinished],[\unfinished],[\unfinished],[\unfinished],[\unfinished],[\unfinished],[\unfinished],[\unfinished],[\unfinished]
uzPA,x,x,[^not chosen],[^not chosen],[^not chosen],[^not chosen],[^not chosen],Hybrid,Remote (fully or mostly),Designer,Analyst,1,[^not chosen],[^not chosen],[^not chosen],[^not chosen],K-12 Education,1,[^not chosen],[^not chosen],[^not chosen],[^not chosen],[^not chosen],[^not chosen],Education,[\unasked],0,[\unasked],[\unasked],[\unasked],[\unasked],[\unasked],[\unasked],[\unasked],[\unasked],[\unasked],[\unasked],0,[\unasked],[\unasked],[\unasked],[\unasked],[\unasked],[\unfinished],0,[\unfinished],[\unfinished],[\unfinished],[\unfinished],[\unfinished],[\unfinished],[\unfinished],[\unfinished],[\unfinished],[\unfinished],0,[\unfinished],[\unfinished],[\unfinished],[\unfinished],[\unfinished],[\unfinished],[\unfinished],[\unfinished],[\unfinished],[\unfinished],[\unfinished]
tMAx,[^not chosen],x,x,[^not chosen],[^not chosen],[^not chosen],[^not chosen],Remote (fully or mostly),Remote (fully or mostly),[\unasked],None of these describes my role,1,[^not chosen],[^not chosen],x,[^not chosen],[^not chosen],1,[^not chosen],x,[^not chosen],[^not chosen],[^not chosen],[^not chosen],[^not chosen],[\unasked],0,[\unasked],[\unasked],[\unasked],[\unasked],[\unasked],[\unasked],[\unasked],[\unasked],[\unasked],5 hours or less,3,Sometimes,Never,Sometimes,Never,Sometimes,[\unfinished],0,[\unfinished],[\unfinished],[\unfinished],[\unfinished],[\unfinished],[\unfinished],[\unfinished],[\unfinished],[\unfinished],[\unfinished],0,[\unfinished],[\unfinished],[\unfinished],[\unfinished],[\unfinished],[\unfinished],[\unfinished],[\unfinished],[\unfinished],[\unfinished],[\unfinished]
gsla,[^not chosen],[^not chosen],[^not chosen],x,[^not chosen],[^not chosen],[^not chosen],Hybrid,Remote (fully or mostly),[\unasked],[\unasked],0,[\unasked],[\unasked],[\unasked],[\unasked],[\unasked],0,[\unasked],[\unasked],[\unasked],[\unasked],[\unasked],[\unasked],[\unasked],[\unasked],0,[\unasked],[\unasked],[\unasked],[\unasked],[\unasked],Part time,PhD/Doctorate,No,Library,[\unasked],0,[\unasked],[\unasked],[\unasked],[\unasked],[\unasked],[\unfinished],0,[\unfinished],[\unfinished],[\unfinished],[\unfinished],[\unfinished],[\unfinished],[\unfinished],[\unfinished],[\unfinished],[\unfinished],0,[\unfinished],[\unfinished],[\unfinished],[\unfinished],[\unfinished],[\unfinished],[\unfinished],[\unfinished],[\unfinished],[\unfinished],[\unfinished]
jTrJ,[^not chosen],x,[^not chosen],[^not chosen],[^not chosen],[^not chosen],[^not chosen],Remote (fully or mostly),Remote (fully or mostly),[\unasked],Analyst,1,[^not chosen],x,[^not chosen],[^not chosen],[^not chosen],1,[^not chosen],[^not chosen],x,[^not chosen],[^not chosen],[^not chosen],[^not chosen],[\unasked],0,[\unasked],[\unasked],[\unasked],[\unasked],[\unasked],[\unasked],[\unasked],[\unasked],[\unasked],[\unasked],0,[\unasked],[\unasked],[\unasked],[\unasked],[\unasked],[\unfinished],0,[\unfinished],[\unfinished],[\unfinished],[\unfinished],[\unfinished],[\unfinished],[\unfinished],[\unfinished],[\unfinished],[\unfinished],0,[\unfinished],[\unfinished],[\unfinished],[\unfinished],[\unfinished],[\unfinished],[\unfinished],[\unfinished],[\unfinished],[\unfinished],[\unfinished]
zMqS,[^not chosen],x,[^not chosen],[^not chosen],[^not chosen],[^not chosen],[^not chosen],Remote (fully or mostly),Remote (fully or mostly),[\unasked],[\unfinished],0,[\unfinished],[\unfinished],[\unfinished],[\unfinished],[\unfinished],0,[\unfinished],[\unfinished],[\unfinished],[\unfinished],[\unfinished],[\unfinished],[\unfinished],[\unasked],0,[\unasked],[\unasked],[\unasked],[\unasked],[\unasked],[\unasked],[\unasked],[\unasked],[\unasked],[\unasked],0,[\unasked],[\unasked],[\unasked],[\unasked],[\unasked],[\unfinished],0,[\unfinished],[\unfinished],[\unfinished],[\unfinished],[\unfinished],[\unfinished],[\unfinished],[\unfinished],[\unfinished],[\unfinished],0,[\unfinished],[\unfinished],[\unfinished],[\unfinished],[\unfinished],[\unfinished],[\unfinished],[\unfinished],[\unfinished],[\unfinished],[\unfinished]
yNbe,x,[^not chosen],[^not chosen],[^not chosen],x,[^not chosen],[^not chosen],Remote (fully or mostly),Remote (fully or mostly),[\unfinished],[\unasked],0,[\unasked],[\unasked],[\unasked],[\unasked],[\unasked],0,[\unasked],[\unasked],[\unasked],[\unasked],[\unasked],[\unasked],[\unasked],[\unfinished],0,[^not chosen],[^not chosen],[^not chosen],[^not chosen],[^not chosen],[\unasked],[\unasked],[\unasked],[\unasked],[\unasked],0,[\unasked],[\unasked],[\unasked],[\unasked],[\unasked],[\unfinished],0,[\unfinished],[\unfinished],[\unfinished],[\unfinished],[\unfinished],[\unfinished],[\unfinished],[\unfinished],[\unfinished],[\unfinished],0,[\unfinished],[\unfinished],[\unfinished],[\unfinished],[\unfinished],[\unfinished],[\unfinished],[\unfinished],[\unfinished],[\unfinished],[\unfinished]
OklG,x,[^not chosen],[^not chosen],[^not chosen],[^not chosen],[^not chosen],[^not chosen],Remote (fully or mostly),Remote (fully or mostly),[\unfinished],[\unasked],0,[\unasked],[\unasked],[\unasked],[\unasked],[\unasked],0,[\unasked],[\unasked],[\unasked],[\unasked],[\unasked],[\unasked],[\unasked],[\unasked],0,[\unasked],[\unasked],[\unasked],[\unasked],[\unasked],[\unasked],[\unasked],[\unasked],[\unasked],[\unasked],0,[\unasked],[\unasked],[\unasked],[\unasked],[\unasked],[\unfinished],0,[\unfinished],[\unfinished],[\unfinished],[\unfinished],[\unfinished],[\unfinished],[\unfinished],[\unfinished],[\unfinished],[\unfinished],0,[\unfinished],[\unfinished],[\unfinished],[\unfinished],[\unfinished],[\unfinished],[\unfinished],[\unfinished],[\unfinished],[\unfinished],[\unfinished]
BvFO,[^not chosen],[^not chosen],x,[^not chosen],[^not chosen],[^not chosen],[^not chosen],Remote (fully or mostly),Remote (fully or mostly),[\unasked],[\unasked],0,[\unasked],[\unasked],[\unasked],[\unasked],[\unasked],0,[\unasked],[\unasked],[\unasked],[\unasked],[\unasked],[\unasked],[\unasked],[\unasked],0,[\unasked],[\unasked],[\unasked],[\unasked],[\unasked],[\unasked],[\unasked],[\unasked],[\unasked],6–10 hours,5,Sometimes,Often,Sometimes,Often,Often,[\unfinished],0,[\unfinished],[\unfinished],[\unfinished],[\unfinished],[\unfinished],[\unfinished],[\unfinished],[\unfinished],[\unfinished],[\unfinished],0,[\unfinished],[\unfinished],[\unfinished],[\unfinished],[\unfinished],[\unfinished],[\unfinished],[\unfinished],[\unfinished],[\unfinished],[\unfinished]
tinL,x,[^not chosen],[^not chosen],[^not chosen],[^not chosen],[^not chosen],[^not chosen],Remote (fully or mostly),Remote (fully or mostly),None of these describes my role,[\unasked],0,[\unasked],[\unasked],[\unasked],[\unasked],[\unasked],0,[\unasked],[\unasked],[\unasked],[\unasked],[\unasked],[\unasked],[\unasked],[\unasked],0,[\unasked],[\unasked],[\unasked],[\unasked],[\unasked],[\unasked],[\unasked],[\unasked],[\unasked],[\unasked],0,[\unasked],[\unasked],[\unasked],[\unasked],[\unasked],[\unfinished],0,[\unfinished],[\unfinished],[\unfinished],[\unfinished],[\unfinished],[\unfinished],[\unfinished],[\unfinished],[\unfinished],[\unfinished],0,[\unfinished],[\unfinished],[\unfinished],[\unfinished],[\unfinished],[\unfinished],[\unfinished],[\unfinished],[\unfinished],[\unfinished],[\unfinished]
gZnX,[^not chosen],x,[^not chosen],[^not chosen],[^not chosen],[^not chosen],[^not chosen],Hybrid,Remote (fully or mostly),[\unasked],Analyst,1,[^not chosen],x,[^not chosen],[^not chosen],[^not chosen],1,[^not chosen],[^not chosen],x,[^not chosen],[^not chosen],[^not chosen],[^not chosen],[\unasked],0,[\unasked],[\unasked],[\unasked],[\unasked],[\unasked],[\unasked],[\unasked],[\unasked],[\unasked],[\unasked],0,[\unasked],[\unasked],[\unasked],[\unasked],[\unasked],[\unfinished],0,[\unfinished],[\unfinished],[\unfinished],[\unfinished],[\unfinished],[\unfinished],[\unfinished],[\unfinished],[\unfinished],[\unfinished],0,[\unfinished],[\unfinished],[\unfinished],[\unfinished],[\unfinished],[\unfinished],[\unfinished],[\unfinished],[\unfinished],[\unfinished],[\unfinished]
HiNF,[^not chosen],x,[^not chosen],[^not chosen],[^not chosen],[^not chosen],[^not chosen],On site (fully or mostly),Remote (fully or mostly),[\unasked],Developer,1,[^not chosen],x,[^not chosen],[^not chosen],[^not chosen],1,[^not chosen],[^not chosen],[^not chosen],[^not chosen],[^not chosen],[^not chosen],Sports,[\unasked],0,[\unasked],[\unasked],[\unasked],[\unasked],[\unasked],[\unasked],[\unasked],[\unasked],[\unasked],[\unasked],0,[\unasked],[\unasked],[\unasked],[\unasked],[\unasked],[\unfinished],0,[\unfinished],[\unfinished],[\unfinished],[\unfinished],[\unfinished],[\unfinished],[\unfinished],[\unfinished],[\unfinished],[\unfinished],0,[\unfinished],[\unfinished],[\unfinished],[\unfinished],[\unfinished],[\unfinished],[\unfinished],[\unfinished],[\unfinished],[\unfinished],[\unfinished]
YJxE,x,[^not chosen],[^not chosen],[^not chosen],[^not chosen],[^not chosen],[^not chosen],Remote (fully or mostly),Remote (fully or mostly),Engineer,[\unasked],0,[\unasked],[\unasked],[\unasked],[\unasked],[\unasked],0,[\unasked],[\unasked],[\unasked],[\unasked],[\unasked],[\unasked],[\unasked],[\unasked],0,[\unasked],[\unasked],[\unasked],[\unasked],[\unasked],[\unasked],[\unasked],[\unasked],[\unasked],[\unasked],0,[\unasked],[\unasked],[\unasked],[\unasked],[\unasked],[\unfinished],0,[\unfinished],[\unfinished],[\unfinished],[\unfinished],[\unfinished],[\unfinished],[\unfinished],[\unfinished],[\unfinished],[\unfinished],0,[\unfinished],[\unfinished],[\unfinished],[\unfinished],[\unfinished],[\unfinished],[\unfinished],[\unfinished],[\unfinished],[\unfinished],[\unfinished]
lPTA,x,x,x,[^not chosen],[^not chosen],[^not chosen],[^not chosen],Remote (fully or mostly),Remote (fully or mostly),[\unfinished],[\unfinished],0,[\unfinished],[\unfinished],[\unfinished],[\unfinished],[\unfinished],0,[\unfinished],[\unfinished],[\unfinished],[\unfinished],[\unfinished],[\unfinished],[\unfinished],[\unasked],0,[\unasked],[\unasked],[\unasked],[\unasked],[\unasked],[\unasked],[\unasked],[\unasked],[\unasked],[\unfinished],0,[\unfinished],[\unfinished],[\unfinished],[\unfinished],[\unfinished],[\unfinished],0,[\unfinished],[\unfinished],[\unfinished],[\unfinished],[\unfinished],[\unfinished],[\unfinished],[\unfinished],[\unfinished],[\unfinished],0,[\unfinished],[\unfinished],[\unfinished],[\unfinished],[\unfinished],[\unfinished],[\unfinished],[\unfinished],[\unfinished],[\unfinished],[\unfinished]
FTyc,x,x,[^not chosen],[^not chosen],[^not chosen],[^not chosen],[^not chosen],Remote (fully or mostly),Remote (fully or mostly),[\unfinished],[\unfinished],0,[\unfinished],[\unfinished],[\unfinished],[\unfinished],[\unfinished],0,[\unfinished],[\unfinished],[\unfinished],[\unfinished],[\unfinished],[\unfinished],[\unfinished],[\unasked],0,[\unasked],[\unasked],[\unasked],[\unasked],[\unasked],[\unasked],[\unasked],[\unasked],[\unasked],[\unasked],0,[\unasked],[\unasked],[\unasked],[\unasked],[\unasked],[\unfinished],0,[\unfinished],[\unfinished],[\unfinished],[\unfinished],[\unfinished],[\unfinished],[\unfinished],[\unfinished],[\unfinished],[\unfinished],0,[\unfinished],[\unfinished],[\unfinished],[\unfinished],[\unfinished],[\unfinished],[\unfinished],[\unfinished],[\unfinished],[\unfinished],[\unfinished]
WUqZ,[^not chosen],x,[^not chosen],[^not chosen],[^not chosen],[^not chosen],[^not chosen],Hybrid,Remote (fully or mostly),[\unasked],Analyst,2,x,x,[^not chosen],[^not chosen],[^not chosen],3,[^not chosen],x,x,[^not chosen],[^not chosen],x,[^not chosen],[\unasked],0,[\unasked],[\unasked],[\unasked],[\unasked],[\unasked],[\unasked],[\unasked],[\unasked],[\unasked],[\unasked],0,[\unasked],[\unasked],[\unasked],[\unasked],[\unasked],[\unfinished],0,[\unfinished],[\unfinished],[\unfinished],[\unfinished],[\unfinished],[\unfinished],[\unfinished],[\unfinished],[\unfinished],[\unfinished],0,[\unfinished],[\unfinished],[\unfinished],[\unfinished],[\unfinished],[\unfinished],[\unfinished],[\unfinished],[\unfinished],[\unfinished],[\unfinished]
rtRE,[^not chosen],x,[^not chosen],[^not chosen],[^not chosen],[^not chosen],[^not chosen],Remote (fully or mostly),Remote (fully or mostly),[\unasked],[\unfinished],0,[\unfinished],[\unfinished],[\unfinished],[\unfinished],[\unfinished],0,[\unfinished],[\unfinished],[\unfinished],[\unfinished],[\unfinished],[\unfinished],[\unfinished],[\unasked],0,[\unasked],[\unasked],[\unasked],[\unasked],[\unasked],[\unasked],[\unasked],[\unasked],[\unasked],[\unasked],0,[\unasked],[\unasked],[\unasked],[\unasked],[\unasked],[\unfinished],0,[\unfinished],[\unfinished],[\unfinished],[\unfinished],[\unfinished],[\unfinished],[\unfinished],[\unfinished],[\unfinished],[\unfinished],0,[\unfinished],[\unfinished],[\unfinished],[\unfinished],[\unfinished],[\unfinished],[\unfinished],[\unfinished],[\unfinished],[\unfinished],[\unfinished]
eEXt,x,[^not chosen],x,x,[^not chosen],[^not chosen],[^not chosen],Remote (fully or mostly),Remote (fully or mostly),Designer,[\unasked],0,[\unasked],[\unasked],[\unasked],[\unasked],[\unasked],0,[\unasked],[\unasked],[\unasked],[\unasked],[\unasked],[\unasked],[\unasked],[\unasked],0,[\unasked],[\unasked],[\unasked],[\unasked],[\unasked],Full time,Graduate/Master’s,"Yes, in a required course",Data Analytics and Visualization,5 hours or less,4,Often,Sometimes,Never,Often,Sometimes,[\unfinished],0,[\unfinished],[\unfinished],[\unfinished],[\unfinished],[\unfinished],[\unfinished],[\unfinished],[\unfinished],[\unfinished],[\unfinished],0,[\unfinished],[\unfinished],[\unfinished],[\unfinished],[\unfinished],[\unfinished],[\unfinished],[\unfinished],[\unfinished],[\unfinished],[\unfinished]
ItPt,x,[^not chosen],[^not chosen],[^not chosen],[^not chosen],[^not chosen],[^not chosen],Remote (fully or mostly),Remote (fully or mostly),Engineer,[\unasked],0,[\unasked],[\unasked],[\unasked],[\unasked],[\unasked],0,[\unasked],[\unasked],[\unasked],[\unasked],[\unasked],[\unasked],[\unasked],[\unasked],0,[\unasked],[\unasked],[\unasked],[\unasked],[\unasked],[\unasked],[\unasked],[\unasked],[\unasked],[\unasked],0,[\unasked],[\unasked],[\unasked],[\unasked],[\unasked],[\unfinished],0,[\unfinished],[\unfinished],[\unfinished],[\unfinished],[\unfinished],[\unfinished],[\unfinished],[\unfinished],[\unfinished],[\unfinished],0,[\unfinished],[\unfinished],[\unfinished],[\unfinished],[\unfinished],[\unfinished],[\unfinished],[\unfinished],[\unfinished],[\unfinished],[\unfinished]
AvgR,[^not chosen],x,[^not chosen],[^not chosen],[^not chosen],[^not chosen],[^not chosen],Hybrid,Remote (fully or mostly),[\unasked],Engineer,1,[^not chosen],x,[^not chosen],[^not chosen],[^not chosen],1,[^not chosen],[^not chosen],x,[^not chosen],[^not chosen],[^not chosen],[^not chosen],[\unasked],0,[\unasked],[\unasked],[\unasked],[\unasked],[\unasked],[\unasked],[\unasked],[\unasked],[\unasked],[\unasked],0,[\unasked],[\unasked],[\unasked],[\unasked],[\unasked],[\unfinished],0,[\unfinished],[\unfinished],[\unfinished],[\unfinished],[\unfinished],[\unfinished],[\unfinished],[\unfinished],[\unfinished],[\unfinished],0,[\unfinished],[\unfinished],[\unfinished],[\unfinished],[\unfinished],[\unfinished],[\unfinished],[\unfinished],[\unfinished],[\unfinished],[\unfinished]
CAMq,x,x,[^not chosen],[^not chosen],[^not chosen],[^not chosen],[^not chosen],Remote (fully or mostly),Remote (fully or mostly),Analyst,Analyst,1,[^not chosen],[^not chosen],[^not chosen],x,[^not chosen],1,[^not chosen],[^not chosen],[^not chosen],[^not chosen],[^not chosen],x,[^not chosen],[\unasked],0,[\unasked],[\unasked],[\unasked],[\unasked],[\unasked],[\unasked],[\unasked],[\unasked],[\unasked],[\unasked],0,[\unasked],[\unasked],[\unasked],[\unasked],[\unasked],[\unfinished],0,[\unfinished],[\unfinished],[\unfinished],[\unfinished],[\unfinished],[\unfinished],[\unfinished],[\unfinished],[\unfinished],[\unfinished],0,[\unfinished],[\unfinished],[\unfinished],[\unfinished],[\unfinished],[\unfinished],[\unfinished],[\unfinished],[\unfinished],[\unfinished],[\unfinished]
Uslf,x,[^not chosen],[^not chosen],[^not chosen],[^not chosen],x,[^not chosen],Remote (fully or mostly),Remote (fully or mostly),Designer,[\unasked],0,[\unasked],[\unasked],[\unasked],[\unasked],[\unasked],0,[\unasked],[\unasked],[\unasked],[\unasked],[\unasked],[\unasked],[\unasked],[\unasked],0,[\unasked],[\unasked],[\unasked],[\unasked],[\unasked],[\unasked],[\unasked],[\unasked],[\unasked],[\unasked],0,[\unasked],[\unasked],[\unasked],[\unasked],[\unasked],[\unfinished],0,[\unfinished],[\unfinished],[\unfinished],[\unfinished],[\unfinished],[\unfinished],[\unfinished],[\unfinished],[\unfinished],[\unfinished],0,[\unfinished],[\unfinished],[\unfinished],[\unfinished],[\unfinished],[\unfinished],[\unfinished],[\unfinished],[\unfinished],[\unfinished],[\unfinished]
XvlX,[^not chosen],[^not chosen],x,[^not chosen],[^not chosen],[^not chosen],[^not chosen],Remote (fully or mostly),Remote (fully or mostly),[\unasked],[\unasked],0,[\unasked],[\unasked],[\unasked],[\unasked],[\unasked],0,[\unasked],[\unasked],[\unasked],[\unasked],[\unasked],[\unasked],[\unasked],[\unasked],0,[\unasked],[\unasked],[\unasked],[\unasked],[\unasked],[\unasked],[\unasked],[\unasked],[\unasked],11–20 hours,5,Rarely,Rarely,Often,Rarely,Often,[\unfinished],0,[\unfinished],[\unfinished],[\unfinished],[\unfinished],[\unfinished],[\unfinished],[\unfinished],[\unfinished],[\unfinished],[\unfinished],0,[\unfinished],[\unfinished],[\unfinished],[\unfinished],[\unfinished],[\unfinished],[\unfinished],[\unfinished],[\unfinished],[\unfinished],[\unfinished]
zxRF,[^not chosen],x,[^not chosen],[^not chosen],[^not chosen],[^not chosen],[^not chosen],Hybrid,Remote (fully or mostly),[\unasked],Analyst,1,[^not chosen],x,[^not chosen],[^not chosen],[^not chosen],1,[^not chosen],[^not chosen],[^not chosen],[^not chosen],[^not chosen],[^not chosen],Media,[\unasked],0,[\unasked],[\unasked],[\unasked],[\unasked],[\unasked],[\unasked],[\unasked],[\unasked],[\unasked],[\unasked],0,[\unasked],[\unasked],[\unasked],[\unasked],[\unasked],[\unfinished],0,[\unfinished],[\unfinished],[\unfinished],[\unfinished],[\unfinished],[\unfinished],[\unfinished],[\unfinished],[\unfinished],[\unfinished],0,[\unfinished],[\unfinished],[\unfinished],[\unfinished],[\unfinished],[\unfinished],[\unfinished],[\unfinished],[\unfinished],[\unfinished],[\unfinished]
XSIN,[^not chosen],x,[^not chosen],[^not chosen],[^not chosen],[^not chosen],[^not chosen],Remote (fully or mostly),Remote (fully or mostly),[\unasked],Analyst,1,[^not chosen],[^not chosen],[^not chosen],x,[^not chosen],1,[^not chosen],x,[^not chosen],[^not chosen],[^not chosen],[^not chosen],[^not chosen],[\unasked],0,[\unasked],[\unasked],[\unasked],[\unasked],[\unasked],[\unasked],[\unasked],[\unasked],[\unasked],[\unasked],0,[\unasked],[\unasked],[\unasked],[\unasked],[\unasked],[\unfinished],0,[\unfinished],[\unfinished],[\unfinished],[\unfinished],[\unfinished],[\unfinished],[\unfinished],[\unfinished],[\unfinished],[\unfinished],0,[\unfinished],[\unfinished],[\unfinished],[\unfinished],[\unfinished],[\unfinished],[\unfinished],[\unfinished],[\unfinished],[\unfinished],[\unfinished]
gjft,[^not chosen],x,[^not chosen],[^not chosen],[^not chosen],[^not chosen],[^not chosen],Hybrid,Remote (fully or mostly),[\unasked],[\unfinished],0,[\unfinished],[\unfinished],[\unfinished],[\unfinished],[\unfinished],0,[\unfinished],[\unfinished],[\unfinished],[\unfinished],[\unfinished],[\unfinished],[\unfinished],[\unasked],0,[\unasked],[\unasked],[\unasked],[\unasked],[\unasked],[\unasked],[\unasked],[\unasked],[\unasked],[\unasked],0,[\unasked],[\unasked],[\unasked],[\unasked],[\unasked],[\unfinished],0,[\unfinished],[\unfinished],[\unfinished],[\unfinished],[\unfinished],[\unfinished],[\unfinished],[\unfinished],[\unfinished],[\unfinished],0,[\unfinished],[\unfinished],[\unfinished],[\unfinished],[\unfinished],[\unfinished],[\unfinished],[\unfinished],[\unfinished],[\unfinished],[\unfinished]
dLHn,x,x,[^not chosen],[^not chosen],[^not chosen],[^not chosen],[^not chosen],On site (fully or mostly),Remote (fully or mostly),Designer,[\unfinished],0,[\unfinished],[\unfinished],[\unfinished],[\unfinished],[\unfinished],0,[\unfinished],[\unfinished],[\unfinished],[\unfinished],[\unfinished],[\unfinished],[\unfinished],[\unasked],0,[\unasked],[\unasked],[\unasked],[\unasked],[\unasked],[\unasked],[\unasked],[\unasked],[\unasked],[\unasked],0,[\unasked],[\unasked],[\unasked],[\unasked],[\unasked],[\unfinished],0,[\unfinished],[\unfinished],[\unfinished],[\unfinished],[\unfinished],[\unfinished],[\unfinished],[\unfinished],[\unfinished],[\unfinished],0,[\unfinished],[\unfinished],[\unfinished],[\unfinished],[\unfinished],[\unfinished],[\unfinished],[\unfinished],[\unfinished],[\unfinished],[\unfinished]
AiWb,[^not chosen],x,[^not chosen],[^not chosen],[^not chosen],[^not chosen],[^not chosen],Remote (fully or mostly),Remote (fully or mostly),[\unasked],"Leadership (Manager, Director, VP, etc.)",1,[^not chosen],x,[^not chosen],[^not chosen],[^not chosen],1,[^not chosen],[^not chosen],x,[^not chosen],[^not chosen],[^not chosen],[^not chosen],[\unasked],0,[\unasked],[\unasked],[\unasked],[\unasked],[\unasked],[\unasked],[\unasked],[\unasked],[\unasked],[\unasked],0,[\unasked],[\unasked],[\unasked],[\unasked],[\unasked],[\unfinished],0,[\unfinished],[\unfinished],[\unfinished],[\unfinished],[\unfinished],[\unfinished],[\unfinished],[\unfinished],[\unfinished],[\unfinished],0,[\unfinished],[\unfinished],[\unfinished],[\unfinished],[\unfinished],[\unfinished],[\unfinished],[\unfinished],[\unfinished],[\unfinished],[\unfinished]
tVQV,x,[^not chosen],x,[^not chosen],[^not chosen],[^not chosen],[^not chosen],Remote (fully or mostly),Remote (fully or mostly),Analyst,[\unasked],0,[\unasked],[\unasked],[\unasked],[\unasked],[\unasked],0,[\unasked],[\unasked],[\unasked],[\unasked],[\unasked],[\unasked],[\unasked],[\unasked],0,[\unasked],[\unasked],[\unasked],[\unasked],[\unasked],[\unasked],[\unasked],[\unasked],[\unasked],5 hours or less,5,Often,Often,Sometimes,Often,Often,[\unfinished],0,[\unfinished],[\unfinished],[\unfinished],[\unfinished],[\unfinished],[\unfinished],[\unfinished],[\unfinished],[\unfinished],[\unfinished],0,[\unfinished],[\unfinished],[\unfinished],[\unfinished],[\unfinished],[\unfinished],[\unfinished],[\unfinished],[\unfinished],[\unfinished],[\unfinished]
gDij,[^not chosen],x,[^not chosen],[^not chosen],[^not chosen],[^not chosen],[^not chosen],Remote (fully or mostly),Remote (fully or mostly),[\unasked],[\unfinished],0,[\unfinished],[\unfinished],[\unfinished],[\unfinished],[\unfinished],0,[\unfinished],[\unfinished],[\unfinished],[\unfinished],[\unfinished],[\unfinished],[\unfinished],[\unasked],0,[\unasked],[\unasked],[\unasked],[\unasked],[\unasked],[\unasked],[\unasked],[\unasked],[\unasked],[\unasked],0,[\unasked],[\unasked],[\unasked],[\unasked],[\unasked],[\unfinished],0,[\unfinished],[\unfinished],[\unfinished],[\unfinished],[\unfinished],[\unfinished],[\unfinished],[\unfinished],[\unfinished],[\unfinished],0,[\unfinished],[\unfinished],[\unfinished],[\unfinished],[\unfinished],[\unfinished],[\unfinished],[\unfinished],[\unfinished],[\unfinished],[\unfinished]
VmIB,[^not chosen],[^not chosen],x,x,[^not chosen],[^not chosen],[^not chosen],Remote (fully or mostly),Remote (fully or mostly),[\unasked],[\unasked],0,[\unasked],[\unasked],[\unasked],[\unasked],[\unasked],0,[\unasked],[\unasked],[\unasked],[\unasked],[\unasked],[\unasked],[\unasked],[\unasked],0,[\unasked],[\unasked],[\unasked],[\unasked],[\unasked],Full time,Graduate/Master’s,No,[^not answered],5 hours or less,4,Rarely,Sometimes,Never,Sometimes,Often,[\unfinished],0,[\unfinished],[\unfinished],[\unfinished],[\unfinished],[\unfinished],[\unfinished],[\unfinished],[\unfinished],[\unfinished],[\unfinished],0,[\unfinished],[\unfinished],[\unfinished],[\unfinished],[\unfinished],[\unfinished],[\unfinished],[\unfinished],[\unfinished],[\unfinished],[\unfinished]
MueB,[^not chosen],x,[^not chosen],[^not chosen],[^not chosen],[^not chosen],[^not chosen],Remote (fully or mostly),Remote (fully or mostly),[\unasked],[\unfinished],0,[\unfinished],[\unfinished],[\unfinished],[\unfinished],[\unfinished],0,[\unfinished],[\unfinished],[\unfinished],[\unfinished],[\unfinished],[\unfinished],[\unfinished],[\unasked],0,[\unasked],[\unasked],[\unasked],[\unasked],[\unasked],[\unasked],[\unasked],[\unasked],[\unasked],[\unasked],0,[\unasked],[\unasked],[\unasked],[\unasked],[\unasked],[\unfinished],0,[\unfinished],[\unfinished],[\unfinished],[\unfinished],[\unfinished],[\unfinished],[\unfinished],[\unfinished],[\unfinished],[\unfinished],0,[\unfinished],[\unfinished],[\unfinished],[\unfinished],[\unfinished],[\unfinished],[\unfinished],[\unfinished],[\unfinished],[\unfinished],[\unfinished]
CKGT,[^not chosen],[^not chosen],x,[^not chosen],[^not chosen],[^not chosen],[^not chosen],Remote (fully or mostly),Remote (fully or mostly),[\unasked],[\unasked],0,[\unasked],[\unasked],[\unasked],[\unasked],[\unasked],0,[\unasked],[\unasked],[\unasked],[\unasked],[\unasked],[\unasked],[\unasked],[\unasked],0,[\unasked],[\unasked],[\unasked],[\unasked],[\unasked],[\unasked],[\unasked],[\unasked],[\unasked],[\unfinished],0,[\unfinished],[\unfinished],[\unfinished],[\unfinished],[\unfinished],[\unfinished],0,[\unfinished],[\unfinished],[\unfinished],[\unfinished],[\unfinished],[\unfinished],[\unfinished],[\unfinished],[\unfinished],[\unfinished],0,[\unfinished],[\unfinished],[\unfinished],[\unfinished],[\unfinished],[\unfinished],[\unfinished],[\unfinished],[\unfinished],[\unfinished],[\unfinished]
EEGJ,[^not chosen],x,[^not chosen],[^not chosen],[^not chosen],[^not chosen],[^not chosen],Hybrid,Remote (fully or mostly),[\unasked],Analyst,1,x,[^not chosen],[^not chosen],[^not chosen],[^not chosen],1,[^not chosen],[^not chosen],x,[^not chosen],[^not chosen],[^not chosen],[^not chosen],[\unasked],0,[\unasked],[\unasked],[\unasked],[\unasked],[\unasked],[\unasked],[\unasked],[\unasked],[\unasked],[\unasked],0,[\unasked],[\unasked],[\unasked],[\unasked],[\unasked],[\unfinished],0,[\unfinished],[\unfinished],[\unfinished],[\unfinished],[\unfinished],[\unfinished],[\unfinished],[\unfinished],[\unfinished],[\unfinished],0,[\unfinished],[\unfinished],[\unfinished],[\unfinished],[\unfinished],[\unfinished],[\unfinished],[\unfinished],[\unfinished],[\unfinished],[\unfinished]
pInF,x,[^not chosen],[^not chosen],[^not chosen],[^not chosen],[^not chosen],[^not chosen],Remote (fully or mostly),Remote (fully or mostly),Designer,[\unasked],0,[\unasked],[\unasked],[\unasked],[\unasked],[\unasked],0,[\unasked],[\unasked],[\unasked],[\unasked],[\unasked],[\unasked],[\unasked],[\unasked],0,[\unasked],[\unasked],[\unasked],[\unasked],[\unasked],[\unasked],[\unasked],[\unasked],[\unasked],[\unasked],0,[\unasked],[\unasked],[\unasked],[\unasked],[\unasked],[\unfinished],0,[\unfinished],[\unfinished],[\unfinished],[\unfinished],[\unfinished],[\unfinished],[\unfinished],[\unfinished],[\unfinished],[\unfinished],0,[\unfinished],[\unfinished],[\unfinished],[\unfinished],[\unfinished],[\unfinished],[\unfinished],[\unfinished],[\unfinished],[\unfinished],[\unfinished]
jWTL,[^not chosen],[^not chosen],x,[^not chosen],x,[^not chosen],[^not chosen],Remote (fully or mostly),Remote (fully or mostly),Developer,[\unasked],0,[\unasked],[\unasked],[\unasked],[\unasked],[\unasked],0,[\unasked],[\unasked],[\unasked],[\unasked],[\unasked],[\unasked],[\unasked],"Science, Math, and Technology",2,x,x,[^not chosen],[^not chosen],[^not chosen],[\unasked],[\unasked],[\unasked],[\unasked],6–10 hours,5,Often,Often,Rarely,Sometimes,Often,[\unfinished],0,[\unfinished],[\unfinished],[\unfinished],[\unfinished],[\unfinished],[\unfinished],[\unfinished],[\unfinished],[\unfinished],[\unfinished],0,[\unfinished],[\unfinished],[\unfinished],[\unfinished],[\unfinished],[\unfinished],[\unfinished],[\unfinished],[\unfinished],[\unfinished],[\unfinished]
zulf,[^not chosen],x,[^not chosen],[^not chosen],[^not chosen],[^not chosen],[^not chosen],Remote (fully or mostly),Remote (fully or mostly),[\unasked],Analyst,1,[^not chosen],x,[^not chosen],[^not chosen],[^not chosen],5,x,x,x,[^not chosen],x,x,[^not chosen],[\unasked],0,[\unasked],[\unasked],[\unasked],[\unasked],[\unasked],[\unasked],[\unasked],[\unasked],[\unasked],[\unasked],0,[\unasked],[\unasked],[\unasked],[\unasked],[\unasked],[\unfinished],0,[\unfinished],[\unfinished],[\unfinished],[\unfinished],[\unfinished],[\unfinished],[\unfinished],[\unfinished],[\unfinished],[\unfinished],0,[\unfinished],[\unfinished],[\unfinished],[\unfinished],[\unfinished],[\unfinished],[\unfinished],[\unfinished],[\unfinished],[\unfinished],[\unfinished]
nUEa,[^not chosen],x,x,[^not chosen],[^not chosen],[^not chosen],[^not chosen],Remote (fully or mostly),Remote (fully or mostly),[\unasked],[\unfinished],0,[\unfinished],[\unfinished],[\unfinished],[\unfinished],[\unfinished],0,[\unfinished],[\unfinished],[\unfinished],[\unfinished],[\unfinished],[\unfinished],[\unfinished],[\unasked],0,[\unasked],[\unasked],[\unasked],[\unasked],[\unasked],[\unasked],[\unasked],[\unasked],[\unasked],[\unfinished],0,[\unfinished],[\unfinished],[\unfinished],[\unfinished],[\unfinished],[\unfinished],0,[\unfinished],[\unfinished],[\unfinished],[\unfinished],[\unfinished],[\unfinished],[\unfinished],[\unfinished],[\unfinished],[\unfinished],0,[\unfinished],[\unfinished],[\unfinished],[\unfinished],[\unfinished],[\unfinished],[\unfinished],[\unfinished],[\unfinished],[\unfinished],[\unfinished]
UKBE,x,[^not chosen],[^not chosen],[^not chosen],[^not chosen],[^not chosen],[^not chosen],Remote (fully or mostly),Remote (fully or mostly),Developer,[\unasked],0,[\unasked],[\unasked],[\unasked],[\unasked],[\unasked],0,[\unasked],[\unasked],[\unasked],[\unasked],[\unasked],[\unasked],[\unasked],[\unasked],0,[\unasked],[\unasked],[\unasked],[\unasked],[\unasked],[\unasked],[\unasked],[\unasked],[\unasked],[\unasked],0,[\unasked],[\unasked],[\unasked],[\unasked],[\unasked],[\unfinished],0,[\unfinished],[\unfinished],[\unfinished],[\unfinished],[\unfinished],[\unfinished],[\unfinished],[\unfinished],[\unfinished],[\unfinished],0,[\unfinished],[\unfinished],[\unfinished],[\unfinished],[\unfinished],[\unfinished],[\unfinished],[\unfinished],[\unfinished],[\unfinished],[\unfinished]
KRwd,x,[^not chosen],[^not chosen],[^not chosen],[^not chosen],[^not chosen],[^not chosen],Remote (fully or mostly),Remote (fully or mostly),Analyst,[\unasked],0,[\unasked],[\unasked],[\unasked],[\unasked],[\unasked],0,[\unasked],[\unasked],[\unasked],[\unasked],[\unasked],[\unasked],[\unasked],[\unasked],0,[\unasked],[\unasked],[\unasked],[\unasked],[\unasked],[\unasked],[\unasked],[\unasked],[\unasked],[\unasked],0,[\unasked],[\unasked],[\unasked],[\unasked],[\unasked],[\unfinished],0,[\unfinished],[\unfinished],[\unfinished],[\unfinished],[\unfinished],[\unfinished],[\unfinished],[\unfinished],[\unfinished],[\unfinished],0,[\unfinished],[\unfinished],[\unfinished],[\unfinished],[\unfinished],[\unfinished],[\unfinished],[\unfinished],[\unfinished],[\unfinished],[\unfinished]
PWze,[^not chosen],x,[^not chosen],[^not chosen],[^not chosen],[^not chosen],[^not chosen],Remote (fully or mostly),Remote (fully or mostly),[\unasked],"Leadership (Manager, Director, VP, etc.)",1,x,[^not chosen],[^not chosen],[^not chosen],[^not chosen],1,[^not chosen],[^not chosen],[^not chosen],[^not chosen],[^not chosen],[^not chosen],Education,[\unasked],0,[\unasked],[\unasked],[\unasked],[\unasked],[\unasked],[\unasked],[\unasked],[\unasked],[\unasked],[\unasked],0,[\unasked],[\unasked],[\unasked],[\unasked],[\unasked],[\unfinished],0,[\unfinished],[\unfinished],[\unfinished],[\unfinished],[\unfinished],[\unfinished],[\unfinished],[\unfinished],[\unfinished],[\unfinished],0,[\unfinished],[\unfinished],[\unfinished],[\unfinished],[\unfinished],[\unfinished],[\unfinished],[\unfinished],[\unfinished],[\unfinished],[\unfinished]
iRFT,[^not chosen],x,[^not chosen],[^not chosen],[^not chosen],[^not chosen],[^not chosen],Remote (fully or mostly),Remote (fully or mostly),[\unasked],Designer,1,[^not chosen],x,[^not chosen],[^not chosen],[^not chosen],1,[^not chosen],[^not chosen],[^not chosen],[^not chosen],[^not chosen],x,[^not chosen],[\unasked],0,[\unasked],[\unasked],[\unasked],[\unasked],[\unasked],[\unasked],[\unasked],[\unasked],[\unasked],[\unasked],0,[\unasked],[\unasked],[\unasked],[\unasked],[\unasked],[\unfinished],0,[\unfinished],[\unfinished],[\unfinished],[\unfinished],[\unfinished],[\unfinished],[\unfinished],[\unfinished],[\unfinished],[\unfinished],0,[\unfinished],[\unfinished],[\unfinished],[\unfinished],[\unfinished],[\unfinished],[\unfinished],[\unfinished],[\unfinished],[\unfinished],[\unfinished]
DZFw,[^not chosen],x,[^not chosen],[^not chosen],[^not chosen],[^not chosen],[^not chosen],Hybrid,Remote (fully or mostly),[\unasked],Engineer,1,[^not chosen],x,[^not chosen],[^not chosen],[^not chosen],1,[^not chosen],[^not chosen],x,[^not chosen],[^not chosen],[^not chosen],[^not chosen],[\unasked],0,[\unasked],[\unasked],[\unasked],[\unasked],[\unasked],[\unasked],[\unasked],[\unasked],[\unasked],[\unasked],0,[\unasked],[\unasked],[\unasked],[\unasked],[\unasked],[\unfinished],0,[\unfinished],[\unfinished],[\unfinished],[\unfinished],[\unfinished],[\unfinished],[\unfinished],[\unfinished],[\unfinished],[\unfinished],0,[\unfinished],[\unfinished],[\unfinished],[\unfinished],[\unfinished],[\unfinished],[\unfinished],[\unfinished],[\unfinished],[\unfinished],[\unfinished]
EFbY,[^not chosen],x,[^not chosen],[^not chosen],[^not chosen],[^not chosen],[^not chosen],Remote (fully or mostly),Remote (fully or mostly),[\unasked],"Leadership (Manager, Director, VP, etc.)",1,[^not chosen],x,[^not chosen],[^not chosen],[^not chosen],1,[^not chosen],[^not chosen],[^not chosen],[^not chosen],[^not chosen],x,[^not chosen],[\unasked],0,[\unasked],[\unasked],[\unasked],[\unasked],[\unasked],[\unasked],[\unasked],[\unasked],[\unasked],[\unasked],0,[\unasked],[\unasked],[\unasked],[\unasked],[\unasked],[\unfinished],0,[\unfinished],[\unfinished],[\unfinished],[\unfinished],[\unfinished],[\unfinished],[\unfinished],[\unfinished],[\unfinished],[\unfinished],0,[\unfinished],[\unfinished],[\unfinished],[\unfinished],[\unfinished],[\unfinished],[\unfinished],[\unfinished],[\unfinished],[\unfinished],[\unfinished]
Nmhq,[^not chosen],x,[^not chosen],[^not chosen],[^not chosen],[^not chosen],[^not chosen],Remote (fully or mostly),Remote (fully or mostly),[\unasked],Developer,1,[^not chosen],x,[^not chosen],[^not chosen],[^not chosen],1,[^not chosen],[^not chosen],x,[^not chosen],[^not chosen],[^not chosen],[^not chosen],[\unasked],0,[\unasked],[\unasked],[\unasked],[\unasked],[\unasked],[\unasked],[\unasked],[\unasked],[\unasked],[\unasked],0,[\unasked],[\unasked],[\unasked],[\unasked],[\unasked],[\unfinished],0,[\unfinished],[\unfinished],[\unfinished],[\unfinished],[\unfinished],[\unfinished],[\unfinished],[\unfinished],[\unfinished],[\unfinished],0,[\unfinished],[\unfinished],[\unfinished],[\unfinished],[\unfinished],[\unfinished],[\unfinished],[\unfinished],[\unfinished],[\unfinished],[\unfinished]
xZMw,[^not chosen],x,[^not chosen],[^not chosen],[^not chosen],[^not chosen],[^not chosen],Remote (fully or mostly),Remote (fully or mostly),[\unasked],None of these describes my role,1,[^not chosen],x,[^not chosen],[^not chosen],[^not chosen],1,[^not chosen],[^not chosen],[^not chosen],[^not chosen],[^not chosen],[^not chosen],Food and Beverage Manufacturing,[\unasked],0,[\unasked],[\unasked],[\unasked],[\unasked],[\unasked],[\unasked],[\unasked],[\unasked],[\unasked],[\unasked],0,[\unasked],[\unasked],[\unasked],[\unasked],[\unasked],[\unfinished],0,[\unfinished],[\unfinished],[\unfinished],[\unfinished],[\unfinished],[\unfinished],[\unfinished],[\unfinished],[\unfinished],[\unfinished],0,[\unfinished],[\unfinished],[\unfinished],[\unfinished],[\unfinished],[\unfinished],[\unfinished],[\unfinished],[\unfinished],[\unfinished],[\unfinished]
XzXy,[^not chosen],x,[^not chosen],[^not chosen],[^not chosen],[^not chosen],[^not chosen],On site (fully or mostly),On site (fully or mostly),[\unasked],Analyst,1,[^not chosen],x,[^not chosen],[^not chosen],[^not chosen],1,[^not chosen],[^not chosen],[^not chosen],[^not chosen],[^not chosen],[^not chosen],Manufacturing,[\unasked],0,[\unasked],[\unasked],[\unasked],[\unasked],[\unasked],[\unasked],[\unasked],[\unasked],[\unasked],[\unasked],0,[\unasked],[\unasked],[\unasked],[\unasked],[\unasked],Master’s (or similar graduate degree),1,[^not chosen],[^not chosen],[^not chosen],[^not chosen],[^not chosen],[^not chosen],[^not chosen],[^not chosen],[^not chosen],Biblical Studies & Youth Counseling,1,[^not chosen],x,[^not chosen],[^not chosen],[^not chosen],[^not chosen],[^not chosen],[^not chosen],[^not chosen],[^not chosen],No
hCtL,x,[^not chosen],[^not chosen],[^not chosen],x,[^not chosen],[^not chosen],On site (fully or mostly),On site (fully or mostly),Analyst,[\unasked],0,[\unasked],[\unasked],[\unasked],[\unasked],[\unasked],0,[\unasked],[\unasked],[\unasked],[\unasked],[\unasked],[\unasked],[\unasked],Social Sciences,4,x,x,x,x,[^not chosen],[\unasked],[\unasked],[\unasked],[\unasked],[\unasked],0,[\unasked],[\unasked],[\unasked],[\unasked],[\unasked],"Doctoral degree (e.g., PhD, EdD, PsyD)",1,[^not chosen],[^not chosen],[^not chosen],[^not chosen],[^not chosen],[^not chosen],x,[^not chosen],[^not chosen],[^not chosen],1,[^not chosen],[^not chosen],[^not chosen],[^not chosen],[^not chosen],[^not chosen],x,[^not chosen],[^not chosen],[^not chosen],I don’t know
TUCS,[^not chosen],x,[^not chosen],[^not chosen],[^not chosen],[^not chosen],[^not chosen],On site (fully or mostly),On site (fully or mostly),[\unasked],Teacher,1,[^not chosen],[^not chosen],x,[^not chosen],[^not chosen],1,[^not chosen],[^not chosen],[^not chosen],[^not chosen],[^not chosen],[^not chosen],Informal Education,[\unasked],0,[\unasked],[\unasked],[\unasked],[\unasked],[\unasked],[\unasked],[\unasked],[\unasked],[\unasked],[\unasked],0,[\unasked],[\unasked],[\unasked],[\unasked],[\unasked],Bachelor’s degree,1,[^not chosen],[^not chosen],[^not chosen],[^not chosen],[^not chosen],x,[^not chosen],[^not chosen],[^not chosen],[^not chosen],0,[^not chosen],[^not chosen],[^not chosen],[^not chosen],[^not chosen],[^not chosen],[^not chosen],[^not chosen],[^not chosen],[^not chosen],Yes
awdB,[^not chosen],x,[^not chosen],[^not chosen],[^not chosen],[^not chosen],[^not chosen],On site (fully or mostly),On site (fully or mostly),[\unasked],Analyst,1,[^not chosen],x,[^not chosen],[^not chosen],[^not chosen],1,x,[^not chosen],[^not chosen],[^not chosen],[^not chosen],[^not chosen],[^not chosen],[\unasked],0,[\unasked],[\unasked],[\unasked],[\unasked],[\unasked],[\unasked],[\unasked],[\unasked],[\unasked],[\unasked],0,[\unasked],[\unasked],[\unasked],[\unasked],[\unasked],High school diploma,0,[^not chosen],[^not chosen],[^not chosen],[^not chosen],[^not chosen],[^not chosen],[^not chosen],[^not chosen],[^not chosen],[^not chosen],0,[^not chosen],[^not chosen],[^not chosen],[^not chosen],[^not chosen],[^not chosen],[^not chosen],[^not chosen],[^not chosen],[^not chosen],Yes
agxW,[^not chosen],x,[^not chosen],[^not chosen],[^not chosen],[^not chosen],[^not chosen],On site (fully or mostly),On site (fully or mostly),[\unasked],Analyst,1,[^not chosen],[^not chosen],[^not chosen],x,[^not chosen],1,[^not chosen],[^not chosen],[^not chosen],[^not chosen],[^not chosen],[^not chosen],Higher Education,[\unasked],0,[\unasked],[\unasked],[\unasked],[\unasked],[\unasked],[\unasked],[\unasked],[\unasked],[\unasked],[\unasked],0,[\unasked],[\unasked],[\unasked],[\unasked],[\unasked],Master’s (or similar graduate degree),1,[^not chosen],[^not chosen],[^not chosen],[^not chosen],[^not chosen],x,[^not chosen],[^not chosen],[^not chosen],[^not chosen],1,[^not chosen],[^not chosen],[^not chosen],[^not chosen],[^not chosen],x,[^not chosen],[^not chosen],[^not chosen],[^not chosen],Yes
TvtI,[^not chosen],x,[^not chosen],[^not chosen],[^not chosen],[^not chosen],[^not chosen],Hybrid,On site (fully or mostly),[\unasked],"Leadership (Manager, Director, VP, etc.)",1,[^not chosen],[^not chosen],x,[^not chosen],[^not chosen],1,[^not chosen],x,[^not chosen],[^not chosen],[^not chosen],[^not chosen],[^not chosen],[\unasked],0,[\unasked],[\unasked],[\unasked],[\unasked],[\unasked],[\unasked],[\unasked],[\unasked],[\unasked],[\unasked],0,[\unasked],[\unasked],[\unasked],[\unasked],[\unasked],Bachelor’s degree,1,[^not chosen],[^not chosen],[^not chosen],[^not chosen],[^not chosen],x,[^not chosen],[^not chosen],[^not chosen],[^not chosen],0,[^not chosen],[^not chosen],[^not chosen],[^not chosen],[^not chosen],[^not chosen],[^not chosen],[^not chosen],[^not chosen],[^not chosen],Yes
sCNo,[^not chosen],x,[^not chosen],[^not chosen],[^not chosen],[^not chosen],[^not chosen],On site (fully or mostly),On site (fully or mostly),[\unasked],Designer,1,[^not chosen],x,[^not chosen],[^not chosen],[^not chosen],1,[^not chosen],[^not chosen],[^not chosen],x,[^not chosen],[^not chosen],[^not chosen],[\unasked],0,[\unasked],[\unasked],[\unasked],[\unasked],[\unasked],[\unasked],[\unasked],[\unasked],[\unasked],[\unasked],0,[\unasked],[\unasked],[\unasked],[\unasked],[\unasked],Technical school,0,[^not chosen],[^not chosen],[^not chosen],[^not chosen],[^not chosen],[^not chosen],[^not chosen],[^not chosen],[^not chosen],[^not chosen],0,[^not chosen],[^not chosen],[^not chosen],[^not chosen],[^not chosen],[^not chosen],[^not chosen],[^not chosen],[^not chosen],[^not chosen],No
TPmi,[^not chosen],x,[^not chosen],[^not chosen],[^not chosen],[^not chosen],[^not chosen],On site (fully or mostly),On site (fully or mostly),[\unasked],None of these describes my role,1,[^not chosen],x,[^not chosen],[^not chosen],[^not chosen],1,[^not chosen],[^not chosen],x,[^not chosen],[^not chosen],[^not chosen],[^not chosen],[\unasked],0,[\unasked],[\unasked],[\unasked],[\unasked],[\unasked],[\unasked],[\unasked],[\unasked],[\unasked],[\unasked],0,[\unasked],[\unasked],[\unasked],[\unasked],[\unasked],Master’s (or similar graduate degree),2,x,[^not chosen],[^not chosen],[^not chosen],[^not chosen],x,[^not chosen],[^not chosen],[^not chosen],[^not chosen],1,x,[^not chosen],[^not chosen],[^not chosen],[^not chosen],[^not chosen],[^not chosen],[^not chosen],[^not chosen],[^not chosen],Yes
XBTP,[^not chosen],x,[^not chosen],[^not chosen],[^not chosen],[^not chosen],[^not chosen],Hybrid,On site (fully or mostly),[\unasked],Analyst,3,x,[^not chosen],x,x,[^not chosen],1,[^not chosen],x,[^not chosen],[^not chosen],[^not chosen],[^not chosen],[^not chosen],[\unasked],0,[\unasked],[\unasked],[\unasked],[\unasked],[\unasked],[\unasked],[\unasked],[\unasked],[\unasked],[\unasked],0,[\unasked],[\unasked],[\unasked],[\unasked],[\unasked],Master’s (or similar graduate degree),1,[^not chosen],[^not chosen],[^not chosen],[^not chosen],[^not chosen],[^not chosen],[^not chosen],[^not chosen],[^not chosen],Communications,1,[^not chosen],x,[^not chosen],[^not chosen],[^not chosen],[^not chosen],[^not chosen],[^not chosen],[^not chosen],[^not chosen],No
kcch,[^not chosen],x,[^not chosen],[^not chosen],x,[^not chosen],[^not chosen],On site (fully or mostly),On site (fully or mostly),[\unasked],Analyst,1,[^not chosen],[^not chosen],[^not chosen],x,[^not chosen],1,[^not chosen],[^not chosen],[^not chosen],[^not chosen],[^not chosen],[^not chosen],Library,Social Sciences,2,x,[^not chosen],[^not chosen],[^not chosen],Program Assessment,[\unasked],[\unasked],[\unasked],[\unasked],[\unasked],0,[\unasked],[\unasked],[\unasked],[\unasked],[\unasked],Master’s (or similar graduate degree),1,x,[^not chosen],[^not chosen],[^not chosen],[^not chosen],[^not chosen],[^not chosen],[^not chosen],[^not chosen],[^not chosen],1,[^not chosen],[^not chosen],[^not chosen],[^not chosen],[^not chosen],[^not chosen],[^not chosen],[^not chosen],[^not chosen],Information and Library Science,No
eRYN,x,[^not chosen],[^not chosen],[^not chosen],[^not chosen],[^not chosen],[^not chosen],On site (fully or mostly),On site (fully or mostly),Analyst,[\unasked],0,[\unasked],[\unasked],[\unasked],[\unasked],[\unasked],0,[\unasked],[\unasked],[\unasked],[\unasked],[\unasked],[\unasked],[\unasked],[\unasked],0,[\unasked],[\unasked],[\unasked],[\unasked],[\unasked],[\unasked],[\unasked],[\unasked],[\unasked],[\unasked],0,[\unasked],[\unasked],[\unasked],[\unasked],[\unasked],Bachelor’s degree,1,[^not chosen],[^not chosen],[^not chosen],[^not chosen],[^not chosen],[^not chosen],[^not chosen],x,[^not chosen],[^not chosen],0,[^not chosen],[^not chosen],[^not chosen],[^not chosen],[^not chosen],[^not chosen],[^not chosen],[^not chosen],[^not chosen],[^not chosen],Yes
UJfX,[^not chosen],x,[^not chosen],[^not chosen],x,[^not chosen],[^not chosen],On site (fully or mostly),On site (fully or mostly),[\unasked],"Leadership (Manager, Director, VP, etc.)",1,[^not chosen],x,[^not chosen],[^not chosen],[^not chosen],3,x,[^not chosen],x,[^not chosen],[^not chosen],x,[^not chosen],"Science, Math, and Technology",3,[^not chosen],x,x,x,[^not chosen],[\unasked],[\unasked],[\unasked],[\unasked],[\unasked],0,[\unasked],[\unasked],[\unasked],[\unasked],[\unasked],"Doctoral degree (e.g., PhD, EdD, PsyD)",1,[^not chosen],[^not chosen],[^not chosen],[^not chosen],[^not chosen],x,[^not chosen],[^not chosen],[^not chosen],[^not chosen],1,[^not chosen],[^not chosen],[^not chosen],[^not chosen],[^not chosen],x,[^not chosen],[^not chosen],[^not chosen],[^not chosen],Yes
hxUL,[^not chosen],[^not chosen],[^not chosen],[^not chosen],x,[^not chosen],[^not chosen],On site (fully or mostly),On site (fully or mostly),[\unasked],[\unasked],0,[\unasked],[\unasked],[\unasked],[\unasked],[\unasked],0,[\unasked],[\unasked],[\unasked],[\unasked],[\unasked],[\unasked],[\unasked],Social Sciences,2,x,x,[^not chosen],[^not chosen],[^not chosen],[\unasked],[\unasked],[\unasked],[\unasked],[\unasked],0,[\unasked],[\unasked],[\unasked],[\unasked],[\unasked],"Doctoral degree (e.g., PhD, EdD, PsyD)",1,[^not chosen],[^not chosen],[^not chosen],[^not chosen],[^not chosen],[^not chosen],x,[^not chosen],[^not chosen],[^not chosen],1,[^not chosen],[^not chosen],[^not chosen],[^not chosen],[^not chosen],x,[^not chosen],[^not chosen],[^not chosen],[^not chosen],Yes
LOrr,[^not chosen],x,[^not chosen],[^not chosen],x,[^not chosen],[^not chosen],On site (fully or mostly),On site (fully or mostly),[\unasked],None of these describes my role,2,x,[^not chosen],[^not chosen],x,[^not chosen],1,[^not chosen],x,[^not chosen],[^not chosen],[^not chosen],[^not chosen],[^not chosen],Health and Medicine,2,x,[^not chosen],x,[^not chosen],[^not chosen],[\unasked],[\unasked],[\unasked],[\unasked],[\unasked],0,[\unasked],[\unasked],[\unasked],[\unasked],[\unasked],Master’s (or similar graduate degree),1,[^not chosen],[^not chosen],[^not chosen],x,[^not chosen],[^not chosen],[^not chosen],[^not chosen],[^not chosen],[^not chosen],1,[^not chosen],[^not chosen],[^not chosen],x,[^not chosen],[^not chosen],[^not chosen],[^not chosen],[^not chosen],[^not chosen],Yes
odBW,[^not chosen],x,[^not chosen],[^not chosen],[^not chosen],[^not chosen],[^not chosen],On site (fully or mostly),On site (fully or mostly),[\unasked],"Leadership (Manager, Director, VP, etc.)",1,[^not chosen],x,[^not chosen],[^not chosen],[^not chosen],3,x,x,x,[^not chosen],[^not chosen],[^not chosen],[^not chosen],[\unasked],0,[\unasked],[\unasked],[\unasked],[\unasked],[\unasked],[\unasked],[\unasked],[\unasked],[\unasked],[\unasked],0,[\unasked],[\unasked],[\unasked],[\unasked],[\unasked],Master’s (or similar graduate degree),1,[^not chosen],[^not chosen],[^not chosen],[^not chosen],[^not chosen],[^not chosen],[^not chosen],[^not chosen],[^not chosen],Architecture,1,[^not chosen],[^not chosen],[^not chosen],[^not chosen],[^not chosen],[^not chosen],[^not chosen],[^not chosen],[^not chosen],Architecture,Yes
YjJr,[^not chosen],x,[^not chosen],[^not chosen],[^not chosen],[^not chosen],[^not chosen],On site (fully or mostly),On site (fully or mostly),[\unasked],Scientist,1,[^not chosen],[^not chosen],x,[^not chosen],[^not chosen],1,[^not chosen],[^not chosen],[^not chosen],[^not chosen],[^not chosen],[^not chosen],Research,[\unasked],0,[\unasked],[\unasked],[\unasked],[\unasked],[\unasked],[\unasked],[\unasked],[\unasked],[\unasked],[\unasked],0,[\unasked],[\unasked],[\unasked],[\unasked],[\unasked],"Doctoral degree (e.g., PhD, EdD, PsyD)",1,[^not chosen],[^not chosen],[^not chosen],[^not chosen],[^not chosen],[^not chosen],x,[^not chosen],[^not chosen],[^not chosen],1,[^not chosen],[^not chosen],[^not chosen],[^not chosen],[^not chosen],[^not chosen],x,[^not chosen],[^not chosen],[^not chosen],Yes
zSes,[^not chosen],x,[^not chosen],[^not chosen],x,[^not chosen],[^not chosen],On site (fully or mostly),On site (fully or mostly),[\unasked],Designer,4,x,x,x,x,[^not chosen],3,[^not chosen],[^not chosen],x,[^not chosen],x,x,[^not chosen],Arts and Humanities,1,[^not chosen],x,[^not chosen],[^not chosen],[^not chosen],[\unasked],[\unasked],[\unasked],[\unasked],[\unasked],0,[\unasked],[\unasked],[\unasked],[\unasked],[\unasked],Master’s (or similar graduate degree),1,x,[^not chosen],[^not chosen],[^not chosen],[^not chosen],[^not chosen],[^not chosen],[^not chosen],[^not chosen],[^not chosen],1,x,[^not chosen],[^not chosen],[^not chosen],[^not chosen],[^not chosen],[^not chosen],[^not chosen],[^not chosen],[^not chosen],Yes
ISxT,[^not chosen],x,[^not chosen],[^not chosen],[^not chosen],[^not chosen],[^not chosen],Hybrid,On site (fully or mostly),[\unasked],"Leadership (Manager, Director, VP, etc.)",1,[^not chosen],x,[^not chosen],[^not chosen],[^not chosen],1,[^not chosen],[^not chosen],x,[^not chosen],[^not chosen],[^not chosen],[^not chosen],[\unasked],0,[\unasked],[\unasked],[\unasked],[\unasked],[\unasked],[\unasked],[\unasked],[\unasked],[\unasked],[\unasked],0,[\unasked],[\unasked],[\unasked],[\unasked],[\unasked],Bachelor’s degree,0,[^not chosen],[^not chosen],[^not chosen],[^not chosen],[^not chosen],[^not chosen],[^not chosen],[^not chosen],[^not chosen],[^not chosen],0,[^not chosen],[^not chosen],[^not chosen],[^not chosen],[^not chosen],[^not chosen],[^not chosen],[^not chosen],[^not chosen],[^not chosen],No
OWLk,[^not chosen],x,[^not chosen],[^not chosen],[^not chosen],[^not chosen],[^not chosen],On site (fully or mostly),On site (fully or mostly),[\unasked],"Leadership (Manager, Director, VP, etc.)",2,[^not chosen],x,x,[^not chosen],[^not chosen],1,[^not chosen],[^not chosen],[^not chosen],[^not chosen],[^not chosen],x,[^not chosen],[\unasked],0,[\unasked],[\unasked],[\unasked],[\unasked],[\unasked],[\unasked],[\unasked],[\unasked],[\unasked],[\unasked],0,[\unasked],[\unasked],[\unasked],[\unasked],[\unasked],Bachelor’s degree,2,[^not chosen],[^not chosen],[^not chosen],[^not chosen],[^not chosen],x,[^not chosen],[^not chosen],x,[^not chosen],0,[^not chosen],[^not chosen],[^not chosen],[^not chosen],[^not chosen],[^not chosen],[^not chosen],[^not chosen],[^not chosen],[^not chosen],I don’t know
mSIS,[^not chosen],[^not chosen],[^not chosen],x,[^not chosen],[^not chosen],[^not chosen],[^not answered],On site (fully or mostly),[\unasked],[\unasked],0,[\unasked],[\unasked],[\unasked],[\unasked],[\unasked],0,[\unasked],[\unasked],[\unasked],[\unasked],[\unasked],[\unasked],[\unasked],[\unasked],0,[\unasked],[\unasked],[\unasked],[\unasked],[\unasked],Part time,Graduate/Master’s,"Yes, in a required course",Data Visualization and Analytics,[\unasked],0,[\unasked],[\unasked],[\unasked],[\unasked],[\unasked],Bachelor’s degree,1,[^not chosen],[^not chosen],[^not chosen],[^not chosen],[^not chosen],x,[^not chosen],[^not chosen],[^not chosen],[^not chosen],0,[^not chosen],[^not chosen],[^not chosen],[^not chosen],[^not chosen],[^not chosen],[^not chosen],[^not chosen],[^not chosen],[^not chosen],Yes
Jaao,[^not chosen],x,[^not chosen],[^not chosen],x,[^not chosen],[^not chosen],On site (fully or mostly),On site (fully or mostly),[\unasked],"Leadership (Manager, Director, VP, etc.)",1,[^not chosen],x,[^not chosen],[^not chosen],[^not chosen],1,[^not chosen],[^not chosen],[^not chosen],x,[^not chosen],[^not chosen],[^not chosen],Health and Medicine,1,[^not chosen],x,[^not chosen],[^not chosen],[^not chosen],[\unasked],[\unasked],[\unasked],[\unasked],[\unasked],0,[\unasked],[\unasked],[\unasked],[\unasked],[\unasked],"Doctoral degree (e.g., PhD, EdD, PsyD)",1,[^not chosen],[^not chosen],[^not chosen],[^not chosen],[^not chosen],x,[^not chosen],[^not chosen],[^not chosen],[^not chosen],1,[^not chosen],[^not chosen],[^not chosen],[^not chosen],[^not chosen],x,[^not chosen],[^not chosen],[^not chosen],[^not chosen],Yes
fvol,[^not chosen],x,[^not chosen],[^not chosen],[^not chosen],[^not chosen],[^not chosen],Hybrid,On site (fully or mostly),[\unasked],"Leadership (Manager, Director, VP, etc.)",1,[^not chosen],x,[^not chosen],[^not chosen],[^not chosen],1,x,[^not chosen],[^not chosen],[^not chosen],[^not chosen],[^not chosen],[^not chosen],[\unasked],0,[\unasked],[\unasked],[\unasked],[\unasked],[\unasked],[\unasked],[\unasked],[\unasked],[\unasked],[\unasked],0,[\unasked],[\unasked],[\unasked],[\unasked],[\unasked],Master’s (or similar graduate degree),2,x,[^not chosen],[^not chosen],[^not chosen],[^not chosen],[^not chosen],x,[^not chosen],[^not chosen],[^not chosen],1,[^not chosen],[^not chosen],[^not chosen],[^not chosen],[^not chosen],x,[^not chosen],[^not chosen],[^not chosen],[^not chosen],Yes
RzTY,[^not chosen],x,[^not chosen],[^not chosen],[^not chosen],[^not chosen],[^not chosen],On site (fully or mostly),On site (fully or mostly),[\unasked],Analyst,1,x,[^not chosen],[^not chosen],[^not chosen],[^not chosen],1,[^not chosen],[^not chosen],[^not chosen],[^not chosen],[^not chosen],[^not chosen],Education,[\unasked],0,[\unasked],[\unasked],[\unasked],[\unasked],[\unasked],[\unasked],[\unasked],[\unasked],[\unasked],[\unasked],0,[\unasked],[\unasked],[\unasked],[\unasked],[\unasked],Master’s (or similar graduate degree),1,[^not chosen],[^not chosen],[^not chosen],[^not chosen],[^not chosen],[^not chosen],x,[^not chosen],[^not chosen],[^not chosen],1,[^not chosen],[^not chosen],x,[^not chosen],[^not chosen],[^not chosen],[^not chosen],[^not chosen],[^not chosen],[^not chosen],No
YmZP,[^not chosen],x,[^not chosen],[^not chosen],[^not chosen],[^not chosen],[^not chosen],On site (fully or mostly),On site (fully or mostly),[\unasked],Analyst,1,x,[^not chosen],[^not chosen],[^not chosen],[^not chosen],1,[^not chosen],[^not chosen],[^not chosen],[^not chosen],[^not chosen],[^not chosen],public library,[\unasked],0,[\unasked],[\unasked],[\unasked],[\unasked],[\unasked],[\unasked],[\unasked],[\unasked],[\unasked],[\unasked],0,[\unasked],[\unasked],[\unasked],[\unasked],[\unasked],Bachelor’s degree,1,[^not chosen],[^not chosen],[^not chosen],[^not chosen],[^not chosen],[^not chosen],[^not chosen],[^not chosen],[^not chosen],History,0,[^not chosen],[^not chosen],[^not chosen],[^not chosen],[^not chosen],[^not chosen],[^not chosen],[^not chosen],[^not chosen],[^not chosen],Yes
EApe,[^not chosen],x,[^not chosen],[^not chosen],[^not chosen],[^not chosen],[^not chosen],On site (fully or mostly),On site (fully or mostly),[\unasked],Scientist,1,x,[^not chosen],[^not chosen],[^not chosen],[^not chosen],1,[^not chosen],[^not chosen],[^not chosen],[^not chosen],[^not chosen],[^not chosen],Other (please specify and use semicolons (;) to separate distinct items),[\unasked],0,[\unasked],[\unasked],[\unasked],[\unasked],[\unasked],[\unasked],[\unasked],[\unasked],[\unasked],[\unasked],0,[\unasked],[\unasked],[\unasked],[\unasked],[\unasked],Master’s (or similar graduate degree),2,x,[^not chosen],[^not chosen],[^not chosen],[^not chosen],x,[^not chosen],[^not chosen],[^not chosen],[^not chosen],1,[^not chosen],[^not chosen],[^not chosen],[^not chosen],[^not chosen],x,[^not chosen],[^not chosen],[^not chosen],[^not chosen],No
EWKT,[^not chosen],x,[^not chosen],[^not chosen],[^not chosen],[^not chosen],[^not chosen],Hybrid,On site (fully or mostly),[\unasked],Analyst,1,x,[^not chosen],[^not chosen],[^not chosen],[^not chosen],1,[^not chosen],x,[^not chosen],[^not chosen],[^not chosen],[^not chosen],[^not chosen],[\unasked],0,[\unasked],[\unasked],[\unasked],[\unasked],[\unasked],[\unasked],[\unasked],[\unasked],[\unasked],[\unasked],0,[\unasked],[\unasked],[\unasked],[\unasked],[\unasked],Master’s (or similar graduate degree),1,[^not chosen],[^not chosen],[^not chosen],[^not chosen],[^not chosen],[^not chosen],[^not chosen],[^not chosen],[^not chosen],Economics; Foreign Affairs,1,[^not chosen],[^not chosen],[^not chosen],[^not chosen],x,[^not chosen],[^not chosen],[^not chosen],[^not chosen],[^not chosen],No
rvHa,[^not chosen],x,[^not chosen],[^not chosen],[^not chosen],[^not chosen],[^not chosen],On site (fully or mostly),On site (fully or mostly),[\unasked],Analyst,1,[^not chosen],[^not chosen],x,[^not chosen],[^not chosen],1,[^not chosen],[^not chosen],[^not chosen],[^not chosen],[^not chosen],[^not chosen],Performing Arts,[\unasked],0,[\unasked],[\unasked],[\unasked],[\unasked],[\unasked],[\unasked],[\unasked],[\unasked],[\unasked],[\unasked],0,[\unasked],[\unasked],[\unasked],[\unasked],[\unasked],Master’s (or similar graduate degree),1,[^not chosen],x,[^not chosen],[^not chosen],[^not chosen],[^not chosen],[^not chosen],[^not chosen],[^not chosen],[^not chosen],3,x,x,[^not chosen],[^not chosen],[^not chosen],[^not chosen],[^not chosen],[^not chosen],[^not chosen],Arts Management,Yes
iAjv,[^not chosen],x,x,[^not chosen],[^not chosen],[^not chosen],[^not chosen],On site (fully or mostly),On site (fully or mostly),[\unasked],Analyst,1,[^not chosen],x,[^not chosen],[^not chosen],[^not chosen],1,[^not chosen],[^not chosen],[^not chosen],[^not chosen],x,[^not chosen],[^not chosen],[\unasked],0,[\unasked],[\unasked],[\unasked],[\unasked],[\unasked],[\unasked],[\unasked],[\unasked],[\unasked],6–10 hours,4,Often,Rarely,Never,Sometimes,Often,High school diploma,0,[^not chosen],[^not chosen],[^not chosen],[^not chosen],[^not chosen],[^not chosen],[^not chosen],[^not chosen],[^not chosen],[^not chosen],0,[^not chosen],[^not chosen],[^not chosen],[^not chosen],[^not chosen],[^not chosen],[^not chosen],[^not chosen],[^not chosen],[^not chosen],Yes
ELdZ,[^not chosen],x,[^not chosen],[^not chosen],[^not chosen],[^not chosen],[^not chosen],On site (fully or mostly),On site (fully or mostly),[\unasked],Developer,1,[^not chosen],x,[^not chosen],[^not chosen],[^not chosen],1,[^not chosen],[^not chosen],x,[^not chosen],[^not chosen],[^not chosen],[^not chosen],[\unasked],0,[\unasked],[\unasked],[\unasked],[\unasked],[\unasked],[\unasked],[\unasked],[\unasked],[\unasked],[\unasked],0,[\unasked],[\unasked],[\unasked],[\unasked],[\unasked],Bachelor’s degree,1,[^not chosen],[^not chosen],[^not chosen],[^not chosen],[^not chosen],[^not chosen],x,[^not chosen],[^not chosen],[^not chosen],0,[^not chosen],[^not chosen],[^not chosen],[^not chosen],[^not chosen],[^not chosen],[^not chosen],[^not chosen],[^not chosen],[^not chosen],Yes
pANg,x,x,[^not chosen],[^not chosen],x,[^not chosen],[^not chosen],On site (fully or mostly),On site (fully or mostly),"Leadership (Manager, Director, VP, etc.)","Leadership (Manager, Director, VP, etc.)",4,x,x,x,x,[^not chosen],3,[^not chosen],x,x,[^not chosen],x,[^not chosen],[^not chosen],Arts and Humanities,1,[^not chosen],x,[^not chosen],[^not chosen],[^not chosen],[\unasked],[\unasked],[\unasked],[\unasked],[\unasked],0,[\unasked],[\unasked],[\unasked],[\unasked],[\unasked],Master’s (or similar graduate degree),1,[^not chosen],[^not chosen],[^not chosen],[^not chosen],[^not chosen],[^not chosen],[^not chosen],[^not chosen],[^not chosen],Design,1,[^not chosen],[^not chosen],[^not chosen],[^not chosen],[^not chosen],[^not chosen],[^not chosen],[^not chosen],[^not chosen],Design,Yes
MrED,[^not chosen],x,[^not chosen],[^not chosen],[^not chosen],[^not chosen],[^not chosen],On site (fully or mostly),On site (fully or mostly),[\unasked],Analyst,1,x,[^not chosen],[^not chosen],[^not chosen],[^not chosen],1,[^not chosen],[^not chosen],[^not chosen],[^not chosen],[^not chosen],[^not chosen],Legal,[\unasked],0,[\unasked],[\unasked],[\unasked],[\unasked],[\unasked],[\unasked],[\unasked],[\unasked],[\unasked],[\unasked],0,[\unasked],[\unasked],[\unasked],[\unasked],[\unasked],Bachelor’s degree,1,x,[^not chosen],[^not chosen],[^not chosen],[^not chosen],[^not chosen],[^not chosen],[^not chosen],[^not chosen],[^not chosen],0,[^not chosen],[^not chosen],[^not chosen],[^not chosen],[^not chosen],[^not chosen],[^not chosen],[^not chosen],[^not chosen],[^not chosen],No
FmBl,[^not chosen],x,[^not chosen],[^not chosen],[^not chosen],[^not chosen],[^not chosen],On site (fully or mostly),On site (fully or mostly),[\unasked],None of these describes my role,1,x,[^not chosen],[^not chosen],[^not chosen],[^not chosen],1,[^not chosen],[^not chosen],[^not chosen],[^not chosen],[^not chosen],x,[^not chosen],[\unasked],0,[\unasked],[\unasked],[\unasked],[\unasked],[\unasked],[\unasked],[\unasked],[\unasked],[\unasked],[\unasked],0,[\unasked],[\unasked],[\unasked],[\unasked],[\unasked],Master’s (or similar graduate degree),3,x,[^not chosen],[^not chosen],[^not chosen],[^not chosen],x,[^not chosen],[^not chosen],x,[^not chosen],3,x,[^not chosen],[^not chosen],[^not chosen],[^not chosen],x,[^not chosen],[^not chosen],x,[^not chosen],No
WfYj,[^not chosen],x,[^not chosen],[^not chosen],[^not chosen],[^not chosen],[^not chosen],Hybrid,On site (fully or mostly),[\unasked],Designer,2,x,[^not chosen],[^not chosen],x,[^not chosen],1,[^not chosen],[^not chosen],[^not chosen],[^not chosen],[^not chosen],[^not chosen],Government,[\unasked],0,[\unasked],[\unasked],[\unasked],[\unasked],[\unasked],[\unasked],[\unasked],[\unasked],[\unasked],[\unasked],0,[\unasked],[\unasked],[\unasked],[\unasked],[\unasked],Bachelor’s degree,1,[^not chosen],[^not chosen],[^not chosen],[^not chosen],[^not chosen],[^not chosen],[^not chosen],[^not chosen],[^not chosen],N/A,0,[^not chosen],[^not chosen],[^not chosen],[^not chosen],[^not chosen],[^not chosen],[^not chosen],[^not chosen],[^not chosen],[^not chosen],Yes
pmuu,[^not chosen],x,[^not chosen],[^not chosen],[^not chosen],[^not chosen],[^not chosen],On site (fully or mostly),On site (fully or mostly),[\unasked],Analyst,1,x,[^not chosen],[^not chosen],[^not chosen],[^not chosen],1,[^not chosen],[^not chosen],[^not chosen],[^not chosen],[^not chosen],[^not chosen],Librarial,[\unasked],0,[\unasked],[\unasked],[\unasked],[\unasked],[\unasked],[\unasked],[\unasked],[\unasked],[\unasked],[\unasked],0,[\unasked],[\unasked],[\unasked],[\unasked],[\unasked],Master’s (or similar graduate degree),1,x,[^not chosen],[^not chosen],[^not chosen],[^not chosen],[^not chosen],[^not chosen],[^not chosen],[^not chosen],[^not chosen],1,x,[^not chosen],[^not chosen],[^not chosen],[^not chosen],[^not chosen],[^not chosen],[^not chosen],[^not chosen],[^not chosen],Yes
HzYs,[^not chosen],x,[^not chosen],[^not chosen],[^not chosen],[^not chosen],[^not chosen],Hybrid,On site (fully or mostly),[\unasked],Analyst,1,[^not chosen],x,[^not chosen],[^not chosen],[^not chosen],1,[^not chosen],[^not chosen],[^not chosen],[^not chosen],[^not chosen],[^not chosen],Engineering and Construction,[\unasked],0,[\unasked],[\unasked],[\unasked],[\unasked],[\unasked],[\unasked],[\unasked],[\unasked],[\unasked],[\unasked],0,[\unasked],[\unasked],[\unasked],[\unasked],[\unasked],Master’s (or similar graduate degree),1,[^not chosen],[^not chosen],[^not chosen],[^not chosen],[^not chosen],x,[^not chosen],[^not chosen],[^not chosen],[^not chosen],1,[^not chosen],[^not chosen],[^not chosen],[^not chosen],[^not chosen],x,[^not chosen],[^not chosen],[^not chosen],[^not chosen],I don’t know
bYvu,[^not chosen],x,[^not chosen],[^not chosen],[^not chosen],[^not chosen],[^not chosen],On site (fully or mostly),On site (fully or mostly),[\unasked],Analyst,2,[^not chosen],[^not chosen],x,x,[^not chosen],1,[^not chosen],[^not chosen],[^not chosen],[^not chosen],[^not chosen],[^not chosen],"Museum, informal education, youth development",[\unasked],0,[\unasked],[\unasked],[\unasked],[\unasked],[\unasked],[\unasked],[\unasked],[\unasked],[\unasked],[\unasked],0,[\unasked],[\unasked],[\unasked],[\unasked],[\unasked],Master’s (or similar graduate degree),1,x,[^not chosen],[^not chosen],[^not chosen],[^not chosen],[^not chosen],[^not chosen],[^not chosen],[^not chosen],[^not chosen],4,x,[^not chosen],x,[^not chosen],[^not chosen],[^not chosen],x,[^not chosen],[^not chosen],Museology,No
VXbm,[^not chosen],x,[^not chosen],[^not chosen],[^not chosen],[^not chosen],[^not chosen],On site (fully or mostly),On site (fully or mostly),[\unasked],"Leadership (Manager, Director, VP, etc.)",1,[^not chosen],x,[^not chosen],[^not chosen],[^not chosen],1,x,[^not chosen],[^not chosen],[^not chosen],[^not chosen],[^not chosen],[^not chosen],[\unasked],0,[\unasked],[\unasked],[\unasked],[\unasked],[\unasked],[\unasked],[\unasked],[\unasked],[\unasked],[\unasked],0,[\unasked],[\unasked],[\unasked],[\unasked],[\unasked],Bachelor’s degree,1,[^not chosen],[^not chosen],[^not chosen],[^not chosen],[^not chosen],x,[^not chosen],[^not chosen],[^not chosen],[^not chosen],0,[^not chosen],[^not chosen],[^not chosen],[^not chosen],[^not chosen],[^not chosen],[^not chosen],[^not chosen],[^not chosen],[^not chosen],Yes
HATW,[^not chosen],x,x,[^not chosen],[^not chosen],[^not chosen],[^not chosen],On site (fully or mostly),On site (fully or mostly),[\unasked],None of these describes my role,2,x,[^not chosen],[^not chosen],x,[^not chosen],1,[^not chosen],[^not chosen],[^not chosen],[^not chosen],[^not chosen],[^not chosen],Program Evaluation; Public Health,[\unasked],0,[\unasked],[\unasked],[\unasked],[\unasked],[\unasked],[\unasked],[\unasked],[\unasked],[\unasked],5 hours or less,4,Sometimes,Sometimes,Never,Rarely,Sometimes,Master’s (or similar graduate degree),1,[^not chosen],[^not chosen],[^not chosen],[^not chosen],[^not chosen],x,[^not chosen],[^not chosen],[^not chosen],[^not chosen],2,[^not chosen],[^not chosen],[^not chosen],[^not chosen],[^not chosen],x,x,[^not chosen],[^not chosen],[^not chosen],Yes
HFik,[^not chosen],[^not chosen],[^not chosen],[^not chosen],x,[^not chosen],[^not chosen],On site (fully or mostly),On site (fully or mostly),[\unasked],[\unasked],0,[\unasked],[\unasked],[\unasked],[\unasked],[\unasked],0,[\unasked],[\unasked],[\unasked],[\unasked],[\unasked],[\unasked],[\unasked],Multi-/Interdisciplinary Studies,2,[^not chosen],x,x,[^not chosen],[^not chosen],[\unasked],[\unasked],[\unasked],[\unasked],[\unasked],0,[\unasked],[\unasked],[\unasked],[\unasked],[\unasked],Master’s (or similar graduate degree),1,[^not chosen],[^not chosen],[^not chosen],[^not chosen],[^not chosen],[^not chosen],[^not chosen],[^not chosen],[^not chosen],Information design,1,[^not chosen],[^not chosen],[^not chosen],[^not chosen],[^not chosen],[^not chosen],[^not chosen],[^not chosen],[^not chosen],Information design,I don’t know
eatW,[^not chosen],x,[^not chosen],[^not chosen],[^not chosen],[^not chosen],[^not chosen],On site (fully or mostly),On site (fully or mostly),[\unasked],"Leadership (Manager, Director, VP, etc.)",1,[^not chosen],x,[^not chosen],[^not chosen],[^not chosen],2,[^not chosen],[^not chosen],x,x,[^not chosen],[^not chosen],[^not chosen],[\unasked],0,[\unasked],[\unasked],[\unasked],[\unasked],[\unasked],[\unasked],[\unasked],[\unasked],[\unasked],[\unasked],0,[\unasked],[\unasked],[\unasked],[\unasked],[\unasked],Bachelor’s degree,1,x,[^not chosen],[^not chosen],[^not chosen],[^not chosen],[^not chosen],[^not chosen],[^not chosen],[^not chosen],[^not chosen],0,[^not chosen],[^not chosen],[^not chosen],[^not chosen],[^not chosen],[^not chosen],[^not chosen],[^not chosen],[^not chosen],[^not chosen],I don’t know
dfuo,[^not chosen],x,[^not chosen],[^not chosen],[^not chosen],[^not chosen],[^not chosen],On site (fully or mostly),On site (fully or mostly),[\unasked],Engineer,1,[^not chosen],x,[^not chosen],[^not chosen],[^not chosen],1,[^not chosen],[^not chosen],[^not chosen],x,[^not chosen],[^not chosen],[^not chosen],[\unasked],0,[\unasked],[\unasked],[\unasked],[\unasked],[\unasked],[\unasked],[\unasked],[\unasked],[\unasked],[\unasked],0,[\unasked],[\unasked],[\unasked],[\unasked],[\unasked],Master’s (or similar graduate degree),1,[^not chosen],[^not chosen],[^not chosen],[^not chosen],[^not chosen],x,[^not chosen],[^not chosen],[^not chosen],[^not chosen],1,x,[^not chosen],[^not chosen],[^not chosen],[^not chosen],[^not chosen],[^not chosen],[^not chosen],[^not chosen],[^not chosen],No
hifA,[^not chosen],[^not chosen],[^not chosen],[^not chosen],x,[^not chosen],[^not chosen],Hybrid,On site (fully or mostly),[\unasked],[\unasked],0,[\unasked],[\unasked],[\unasked],[\unasked],[\unasked],0,[\unasked],[\unasked],[\unasked],[\unasked],[\unasked],[\unasked],[\unasked],"Science, Math, and Technology",2,[^not chosen],x,x,[^not chosen],[^not chosen],[\unasked],[\unasked],[\unasked],[\unasked],[\unasked],0,[\unasked],[\unasked],[\unasked],[\unasked],[\unasked],"Doctoral degree (e.g., PhD, EdD, PsyD)",1,[^not chosen],[^not chosen],[^not chosen],[^not chosen],[^not chosen],x,[^not chosen],[^not chosen],[^not chosen],[^not chosen],1,[^not chosen],x,[^not chosen],[^not chosen],[^not chosen],[^not chosen],[^not chosen],[^not chosen],[^not chosen],[^not chosen],Yes
QCoy,[^not chosen],x,[^not chosen],[^not chosen],[^not chosen],[^not chosen],[^not chosen],Hybrid,On site (fully or mostly),[\unasked],"Leadership (Manager, Director, VP, etc.)",1,[^not chosen],x,[^not chosen],[^not chosen],[^not chosen],1,[^not chosen],[^not chosen],x,[^not chosen],[^not chosen],[^not chosen],[^not chosen],[\unasked],0,[\unasked],[\unasked],[\unasked],[\unasked],[\unasked],[\unasked],[\unasked],[\unasked],[\unasked],[\unasked],0,[\unasked],[\unasked],[\unasked],[\unasked],[\unasked],Master’s (or similar graduate degree),1,[^not chosen],[^not chosen],[^not chosen],[^not chosen],[^not chosen],x,[^not chosen],[^not chosen],[^not chosen],[^not chosen],1,[^not chosen],[^not chosen],[^not chosen],[^not chosen],[^not chosen],x,[^not chosen],[^not chosen],[^not chosen],[^not chosen],Yes
VOSd,[^not chosen],x,[^not chosen],[^not chosen],[^not chosen],[^not chosen],[^not chosen],On site (fully or mostly),On site (fully or mostly),[\unasked],None of these describes my role,1,[^not chosen],x,[^not chosen],[^not chosen],[^not chosen],1,[^not chosen],x,[^not chosen],[^not chosen],[^not chosen],[^not chosen],[^not chosen],[\unasked],0,[\unasked],[\unasked],[\unasked],[\unasked],[\unasked],[\unasked],[\unasked],[\unasked],[\unasked],[\unasked],0,[\unasked],[\unasked],[\unasked],[\unasked],[\unasked],High school diploma,0,[^not chosen],[^not chosen],[^not chosen],[^not chosen],[^not chosen],[^not chosen],[^not chosen],[^not chosen],[^not chosen],[^not chosen],0,[^not chosen],[^not chosen],[^not chosen],[^not chosen],[^not chosen],[^not chosen],[^not chosen],[^not chosen],[^not chosen],[^not chosen],Yes
DMRm,x,x,x,[^not chosen],[^not chosen],[^not chosen],[^not chosen],On site (fully or mostly),On site (fully or mostly),Developer,Designer,0,[^not chosen],[^not chosen],[^not chosen],[^not chosen],[^not chosen],1,[^not chosen],[^not chosen],x,[^not chosen],[^not chosen],[^not chosen],[^not chosen],[\unasked],0,[\unasked],[\unasked],[\unasked],[\unasked],[\unasked],[\unasked],[\unasked],[\unasked],[\unasked],6–10 hours,5,Rarely,Rarely,Rarely,Often,Sometimes,Master’s (or similar graduate degree),1,[^not chosen],[^not chosen],[^not chosen],[^not chosen],[^not chosen],x,[^not chosen],[^not chosen],[^not chosen],[^not chosen],1,[^not chosen],[^not chosen],[^not chosen],[^not chosen],[^not chosen],x,[^not chosen],[^not chosen],[^not chosen],[^not chosen],Yes
cCPy,[^not chosen],x,[^not chosen],[^not chosen],[^not chosen],[^not chosen],[^not chosen],On site (fully or mostly),On site (fully or mostly),[\unasked],"Leadership (Manager, Director, VP, etc.)",1,[^not chosen],x,[^not chosen],[^not chosen],[^not chosen],1,x,[^not chosen],[^not chosen],[^not chosen],[^not chosen],[^not chosen],[^not chosen],[\unasked],0,[\unasked],[\unasked],[\unasked],[\unasked],[\unasked],[\unasked],[\unasked],[\unasked],[\unasked],[\unasked],0,[\unasked],[\unasked],[\unasked],[\unasked],[\unasked],[\unfinished],0,[\unfinished],[\unfinished],[\unfinished],[\unfinished],[\unfinished],[\unfinished],[\unfinished],[\unfinished],[\unfinished],[\unfinished],0,[\unfinished],[\unfinished],[\unfinished],[\unfinished],[\unfinished],[\unfinished],[\unfinished],[\unfinished],[\unfinished],[\unfinished],[\unfinished]
FnVz,[^not chosen],x,[^not chosen],[^not chosen],[^not chosen],[^not chosen],[^not chosen],Hybrid,On site (fully or mostly),[\unasked],Developer,1,[^not chosen],x,[^not chosen],[^not chosen],[^not chosen],1,[^not chosen],[^not chosen],[^not chosen],x,[^not chosen],[^not chosen],[^not chosen],[\unasked],0,[\unasked],[\unasked],[\unasked],[\unasked],[\unasked],[\unasked],[\unasked],[\unasked],[\unasked],[\unasked],0,[\unasked],[\unasked],[\unasked],[\unasked],[\unasked],[\unfinished],0,[\unfinished],[\unfinished],[\unfinished],[\unfinished],[\unfinished],[\unfinished],[\unfinished],[\unfinished],[\unfinished],[\unfinished],0,[\unfinished],[\unfinished],[\unfinished],[\unfinished],[\unfinished],[\unfinished],[\unfinished],[\unfinished],[\unfinished],[\unfinished],[\unfinished]
Zslj,[^not chosen],x,[^not chosen],[^not chosen],[^not chosen],[^not chosen],[^not chosen],On site (fully or mostly),On site (fully or mostly),[\unasked],Analyst,1,x,[^not chosen],[^not chosen],[^not chosen],[^not chosen],1,[^not chosen],[^not chosen],[^not chosen],[^not chosen],[^not chosen],[^not chosen],Education,[\unasked],0,[\unasked],[\unasked],[\unasked],[\unasked],[\unasked],[\unasked],[\unasked],[\unasked],[\unasked],[\unasked],0,[\unasked],[\unasked],[\unasked],[\unasked],[\unasked],[\unfinished],0,[\unfinished],[\unfinished],[\unfinished],[\unfinished],[\unfinished],[\unfinished],[\unfinished],[\unfinished],[\unfinished],[\unfinished],0,[\unfinished],[\unfinished],[\unfinished],[\unfinished],[\unfinished],[\unfinished],[\unfinished],[\unfinished],[\unfinished],[\unfinished],[\unfinished]
xIYL,[^not chosen],[^not chosen],[^not chosen],[^not chosen],x,[^not chosen],[^not chosen],On site (fully or mostly),On site (fully or mostly),[\unasked],[\unasked],0,[\unasked],[\unasked],[\unasked],[\unasked],[\unasked],0,[\unasked],[\unasked],[\unasked],[\unasked],[\unasked],[\unasked],[\unasked],Multi-/Interdisciplinary Studies,3,x,x,x,[^not chosen],[^not chosen],[\unasked],[\unasked],[\unasked],[\unasked],[\unasked],0,[\unasked],[\unasked],[\unasked],[\unasked],[\unasked],[\unfinished],0,[\unfinished],[\unfinished],[\unfinished],[\unfinished],[\unfinished],[\unfinished],[\unfinished],[\unfinished],[\unfinished],[\unfinished],0,[\unfinished],[\unfinished],[\unfinished],[\unfinished],[\unfinished],[\unfinished],[\unfinished],[\unfinished],[\unfinished],[\unfinished],[\unfinished]
xmvc,x,[^not chosen],[^not chosen],[^not chosen],[^not chosen],[^not chosen],[^not chosen],On site (fully or mostly),On site (fully or mostly),Designer,[\unasked],0,[\unasked],[\unasked],[\unasked],[\unasked],[\unasked],0,[\unasked],[\unasked],[\unasked],[\unasked],[\unasked],[\unasked],[\unasked],[\unasked],0,[\unasked],[\unasked],[\unasked],[\unasked],[\unasked],[\unasked],[\unasked],[\unasked],[\unasked],[\unasked],0,[\unasked],[\unasked],[\unasked],[\unasked],[\unasked],[\unfinished],0,[\unfinished],[\unfinished],[\unfinished],[\unfinished],[\unfinished],[\unfinished],[\unfinished],[\unfinished],[\unfinished],[\unfinished],0,[\unfinished],[\unfinished],[\unfinished],[\unfinished],[\unfinished],[\unfinished],[\unfinished],[\unfinished],[\unfinished],[\unfinished],[\unfinished]
GyZd,x,x,[^not chosen],[^not chosen],[^not chosen],[^not chosen],[^not chosen],On site (fully or mostly),On site (fully or mostly),Developer,[\unfinished],0,[\unfinished],[\unfinished],[\unfinished],[\unfinished],[\unfinished],0,[\unfinished],[\unfinished],[\unfinished],[\unfinished],[\unfinished],[\unfinished],[\unfinished],[\unasked],0,[\unasked],[\unasked],[\unasked],[\unasked],[\unasked],[\unasked],[\unasked],[\unasked],[\unasked],[\unasked],0,[\unasked],[\unasked],[\unasked],[\unasked],[\unasked],[\unfinished],0,[\unfinished],[\unfinished],[\unfinished],[\unfinished],[\unfinished],[\unfinished],[\unfinished],[\unfinished],[\unfinished],[\unfinished],0,[\unfinished],[\unfinished],[\unfinished],[\unfinished],[\unfinished],[\unfinished],[\unfinished],[\unfinished],[\unfinished],[\unfinished],[\unfinished]
Izkm,[^not chosen],[^not chosen],[^not chosen],[^not chosen],x,[^not chosen],[^not chosen],On site (fully or mostly),On site (fully or mostly),[\unasked],[\unasked],0,[\unasked],[\unasked],[\unasked],[\unasked],[\unasked],0,[\unasked],[\unasked],[\unasked],[\unasked],[\unasked],[\unasked],[\unasked],Social Sciences,4,x,x,x,x,[^not chosen],[\unasked],[\unasked],[\unasked],[\unasked],[\unasked],0,[\unasked],[\unasked],[\unasked],[\unasked],[\unasked],[\unfinished],0,[\unfinished],[\unfinished],[\unfinished],[\unfinished],[\unfinished],[\unfinished],[\unfinished],[\unfinished],[\unfinished],[\unfinished],0,[\unfinished],[\unfinished],[\unfinished],[\unfinished],[\unfinished],[\unfinished],[\unfinished],[\unfinished],[\unfinished],[\unfinished],[\unfinished]
JMKH,[^not chosen],x,[^not chosen],[^not chosen],[^not chosen],[^not chosen],[^not chosen],Hybrid,On site (fully or mostly),[\unasked],Analyst,2,[^not chosen],[^not chosen],x,[^not chosen],National nonprofit (quasi-government),1,[^not chosen],[^not chosen],[^not chosen],[^not chosen],[^not chosen],[^not chosen],Membership association,[\unasked],0,[\unasked],[\unasked],[\unasked],[\unasked],[\unasked],[\unasked],[\unasked],[\unasked],[\unasked],[\unasked],0,[\unasked],[\unasked],[\unasked],[\unasked],[\unasked],[\unfinished],0,[\unfinished],[\unfinished],[\unfinished],[\unfinished],[\unfinished],[\unfinished],[\unfinished],[\unfinished],[\unfinished],[\unfinished],0,[\unfinished],[\unfinished],[\unfinished],[\unfinished],[\unfinished],[\unfinished],[\unfinished],[\unfinished],[\unfinished],[\unfinished],[\unfinished]
ucsZ,[^not chosen],x,[^not chosen],[^not chosen],[^not chosen],[^not chosen],[^not chosen],On site (fully or mostly),On site (fully or mostly),[\unasked],"Leadership (Manager, Director, VP, etc.)",1,x,[^not chosen],[^not chosen],[^not chosen],[^not chosen],1,[^not chosen],[^not chosen],[^not chosen],[^not chosen],[^not chosen],[^not chosen],Education,[\unasked],0,[\unasked],[\unasked],[\unasked],[\unasked],[\unasked],[\unasked],[\unasked],[\unasked],[\unasked],[\unasked],0,[\unasked],[\unasked],[\unasked],[\unasked],[\unasked],[\unfinished],0,[\unfinished],[\unfinished],[\unfinished],[\unfinished],[\unfinished],[\unfinished],[\unfinished],[\unfinished],[\unfinished],[\unfinished],0,[\unfinished],[\unfinished],[\unfinished],[\unfinished],[\unfinished],[\unfinished],[\unfinished],[\unfinished],[\unfinished],[\unfinished],[\unfinished]
buUj,[^not chosen],x,[^not chosen],[^not chosen],[^not chosen],[^not chosen],[^not chosen],On site (fully or mostly),On site (fully or mostly),[\unasked],Analyst,2,x,[^not chosen],x,[^not chosen],[^not chosen],1,[^not chosen],[^not chosen],[^not chosen],[^not chosen],[^not chosen],[^not chosen],Public library,[\unasked],0,[\unasked],[\unasked],[\unasked],[\unasked],[\unasked],[\unasked],[\unasked],[\unasked],[\unasked],[\unasked],0,[\unasked],[\unasked],[\unasked],[\unasked],[\unasked],[\unfinished],0,[\unfinished],[\unfinished],[\unfinished],[\unfinished],[\unfinished],[\unfinished],[\unfinished],[\unfinished],[\unfinished],[\unfinished],0,[\unfinished],[\unfinished],[\unfinished],[\unfinished],[\unfinished],[\unfinished],[\unfinished],[\unfinished],[\unfinished],[\unfinished],[\unfinished]
cnec,[^not chosen],[^not chosen],x,[^not chosen],x,[^not chosen],[^not chosen],Remote (fully or mostly),no preference,[\unasked],[\unasked],0,[\unasked],[\unasked],[\unasked],[\unasked],[\unasked],0,[\unasked],[\unasked],[\unasked],[\unasked],[\unasked],[\unasked],[\unasked],Social Sciences,4,x,x,[^not chosen],x,As a conceptual tool for designing clinical studies,[\unasked],[\unasked],[\unasked],[\unasked],6–10 hours,3,Often,Never,Rarely,Never,Sometimes,"Doctoral degree (e.g., PhD, EdD, PsyD)",2,x,[^not chosen],[^not chosen],[^not chosen],[^not chosen],x,[^not chosen],[^not chosen],[^not chosen],[^not chosen],1,[^not chosen],[^not chosen],[^not chosen],[^not chosen],[^not chosen],[^not chosen],x,[^not chosen],[^not chosen],[^not chosen],Yes
xauw,[^not chosen],x,[^not chosen],[^not chosen],[^not chosen],[^not chosen],[^not chosen],Hybrid,"In office 1 week, remote 2 weeks with 1 day in office optional. Then repeat.",[\unasked],Analyst,1,[^not chosen],[^not chosen],x,[^not chosen],[^not chosen],1,[^not chosen],x,[^not chosen],[^not chosen],[^not chosen],[^not chosen],[^not chosen],[\unasked],0,[\unasked],[\unasked],[\unasked],[\unasked],[\unasked],[\unasked],[\unasked],[\unasked],[\unasked],[\unasked],0,[\unasked],[\unasked],[\unasked],[\unasked],[\unasked],Master’s (or similar graduate degree),1,[^not chosen],x,[^not chosen],[^not chosen],[^not chosen],[^not chosen],[^not chosen],[^not chosen],[^not chosen],[^not chosen],1,x,[^not chosen],[^not chosen],[^not chosen],[^not chosen],[^not chosen],[^not chosen],[^not chosen],[^not chosen],[^not chosen],Yes
liLv,[^not chosen],x,[^not chosen],[^not chosen],[^not chosen],[^not chosen],[^not chosen],Hybrid,Hybrid,[\unasked],"Leadership (Manager, Director, VP, etc.)",1,x,[^not chosen],[^not chosen],[^not chosen],[^not chosen],1,[^not chosen],[^not chosen],[^not chosen],[^not chosen],[^not chosen],[^not chosen],Housing,[\unasked],0,[\unasked],[\unasked],[\unasked],[\unasked],[\unasked],[\unasked],[\unasked],[\unasked],[\unasked],[\unasked],0,[\unasked],[\unasked],[\unasked],[\unasked],[\unasked],Bachelor’s degree,1,[^not chosen],[^not chosen],[^not chosen],[^not chosen],[^not chosen],x,[^not chosen],[^not chosen],[^not chosen],[^not chosen],0,[^not chosen],[^not chosen],[^not chosen],[^not chosen],[^not chosen],[^not chosen],[^not chosen],[^not chosen],[^not chosen],[^not chosen],Yes
Msdd,[^not chosen],[^not chosen],[^not chosen],[^not chosen],x,[^not chosen],[^not chosen],On site (fully or mostly),Hybrid,[\unasked],[\unasked],0,[\unasked],[\unasked],[\unasked],[\unasked],[\unasked],0,[\unasked],[\unasked],[\unasked],[\unasked],[\unasked],[\unasked],[\unasked],Social Sciences,3,x,x,[^not chosen],x,[^not chosen],[\unasked],[\unasked],[\unasked],[\unasked],[\unasked],0,[\unasked],[\unasked],[\unasked],[\unasked],[\unasked],"Doctoral degree (e.g., PhD, EdD, PsyD)",1,[^not chosen],[^not chosen],[^not chosen],[^not chosen],[^not chosen],[^not chosen],x,[^not chosen],[^not chosen],[^not chosen],1,[^not chosen],[^not chosen],[^not chosen],[^not chosen],[^not chosen],[^not chosen],x,[^not chosen],[^not chosen],[^not chosen],Yes
hYdj,[^not chosen],[^not chosen],[^not chosen],x,[^not chosen],[^not chosen],[^not chosen],Hybrid,Hybrid,[\unasked],[\unasked],0,[\unasked],[\unasked],[\unasked],[\unasked],[\unasked],0,[\unasked],[\unasked],[\unasked],[\unasked],[\unasked],[\unasked],[\unasked],[\unasked],0,[\unasked],[\unasked],[\unasked],[\unasked],[\unasked],Full time,Graduate/Master’s,"Yes, in an elective course",Data Science and Scientific Computing,[\unasked],0,[\unasked],[\unasked],[\unasked],[\unasked],[\unasked],Bachelor’s degree,1,[^not chosen],[^not chosen],[^not chosen],[^not chosen],[^not chosen],x,[^not chosen],[^not chosen],[^not chosen],[^not chosen],0,[^not chosen],[^not chosen],[^not chosen],[^not chosen],[^not chosen],[^not chosen],[^not chosen],[^not chosen],[^not chosen],[^not chosen],No
Qrch,[^not chosen],x,[^not chosen],[^not chosen],[^not chosen],[^not chosen],[^not chosen],Hybrid,Hybrid,[\unasked],Analyst,1,[^not chosen],x,[^not chosen],[^not chosen],[^not chosen],1,[^not chosen],[^not chosen],[^not chosen],[^not chosen],[^not chosen],x,[^not chosen],[\unasked],0,[\unasked],[\unasked],[\unasked],[\unasked],[\unasked],[\unasked],[\unasked],[\unasked],[\unasked],[\unasked],0,[\unasked],[\unasked],[\unasked],[\unasked],[\unasked],Master’s (or similar graduate degree),1,[^not chosen],[^not chosen],[^not chosen],[^not chosen],[^not chosen],x,[^not chosen],[^not chosen],[^not chosen],[^not chosen],2,x,[^not chosen],[^not chosen],[^not chosen],[^not chosen],x,[^not chosen],[^not chosen],[^not chosen],[^not chosen],Yes
RnIK,[^not chosen],x,[^not chosen],[^not chosen],[^not chosen],[^not chosen],[^not chosen],Hybrid,Hybrid,[\unasked],Analyst,1,[^not chosen],x,[^not chosen],[^not chosen],[^not chosen],1,[^not chosen],[^not chosen],[^not chosen],[^not chosen],[^not chosen],x,[^not chosen],[\unasked],0,[\unasked],[\unasked],[\unasked],[\unasked],[\unasked],[\unasked],[\unasked],[\unasked],[\unasked],[\unasked],0,[\unasked],[\unasked],[\unasked],[\unasked],[\unasked],Master’s (or similar graduate degree),1,[^not chosen],x,[^not chosen],[^not chosen],[^not chosen],[^not chosen],[^not chosen],[^not chosen],[^not chosen],[^not chosen],1,[^not chosen],[^not chosen],[^not chosen],[^not chosen],[^not chosen],x,[^not chosen],[^not chosen],[^not chosen],[^not chosen],Yes
uBNa,[^not chosen],x,[^not chosen],[^not chosen],[^not chosen],[^not chosen],[^not chosen],Hybrid,Hybrid,[\unasked],None of these describes my role,1,x,[^not chosen],[^not chosen],[^not chosen],[^not chosen],1,[^not chosen],x,[^not chosen],[^not chosen],[^not chosen],[^not chosen],[^not chosen],[\unasked],0,[\unasked],[\unasked],[\unasked],[\unasked],[\unasked],[\unasked],[\unasked],[\unasked],[\unasked],[\unasked],0,[\unasked],[\unasked],[\unasked],[\unasked],[\unasked],Master’s (or similar graduate degree),1,[^not chosen],[^not chosen],[^not chosen],x,[^not chosen],[^not chosen],[^not chosen],[^not chosen],[^not chosen],[^not chosen],1,[^not chosen],[^not chosen],[^not chosen],x,[^not chosen],[^not chosen],[^not chosen],[^not chosen],[^not chosen],[^not chosen],No
cAYC,[^not chosen],x,[^not chosen],[^not chosen],[^not chosen],[^not chosen],[^not chosen],Remote (fully or mostly),Hybrid,[\unasked],Developer,1,[^not chosen],x,[^not chosen],[^not chosen],[^not chosen],1,[^not chosen],[^not chosen],x,[^not chosen],[^not chosen],[^not chosen],[^not chosen],[\unasked],0,[\unasked],[\unasked],[\unasked],[\unasked],[\unasked],[\unasked],[\unasked],[\unasked],[\unasked],[\unasked],0,[\unasked],[\unasked],[\unasked],[\unasked],[\unasked],Bachelor’s degree,1,[^not chosen],[^not chosen],[^not chosen],[^not chosen],[^not chosen],x,[^not chosen],[^not chosen],[^not chosen],[^not chosen],0,[^not chosen],[^not chosen],[^not chosen],[^not chosen],[^not chosen],[^not chosen],[^not chosen],[^not chosen],[^not chosen],[^not chosen],Yes
iPky,[^not chosen],x,[^not chosen],[^not chosen],[^not chosen],[^not chosen],[^not chosen],On site (fully or mostly),Hybrid,[\unasked],Developer,1,[^not chosen],x,[^not chosen],[^not chosen],[^not chosen],1,[^not chosen],[^not chosen],x,[^not chosen],[^not chosen],[^not chosen],[^not chosen],[\unasked],0,[\unasked],[\unasked],[\unasked],[\unasked],[\unasked],[\unasked],[\unasked],[\unasked],[\unasked],[\unasked],0,[\unasked],[\unasked],[\unasked],[\unasked],[\unasked],Master’s (or similar graduate degree),1,[^not chosen],[^not chosen],[^not chosen],[^not chosen],[^not chosen],x,[^not chosen],[^not chosen],[^not chosen],[^not chosen],1,[^not chosen],[^not chosen],[^not chosen],[^not chosen],[^not chosen],x,[^not chosen],[^not chosen],[^not chosen],[^not chosen],Yes
heLH,[^not chosen],x,[^not chosen],[^not chosen],[^not chosen],[^not chosen],[^not chosen],On site (fully or mostly),Hybrid,[\unasked],"Leadership (Manager, Director, VP, etc.)",1,x,[^not chosen],[^not chosen],[^not chosen],[^not chosen],2,x,[^not chosen],[^not chosen],[^not chosen],[^not chosen],x,[^not chosen],[\unasked],0,[\unasked],[\unasked],[\unasked],[\unasked],[\unasked],[\unasked],[\unasked],[\unasked],[\unasked],[\unasked],0,[\unasked],[\unasked],[\unasked],[\unasked],[\unasked],Master’s (or similar graduate degree),2,[^not chosen],x,[^not chosen],[^not chosen],[^not chosen],[^not chosen],x,[^not chosen],[^not chosen],[^not chosen],2,[^not chosen],[^not chosen],[^not chosen],[^not chosen],[^not chosen],x,[^not chosen],[^not chosen],x,[^not chosen],Yes
lafN,[^not chosen],x,[^not chosen],[^not chosen],[^not chosen],[^not chosen],[^not chosen],Hybrid,Hybrid,[\unasked],Designer,4,x,[^not chosen],x,x,"Anything ""impact driven"", so occasional private sector",3,[^not chosen],x,x,[^not chosen],[^not chosen],x,[^not chosen],[\unasked],0,[\unasked],[\unasked],[\unasked],[\unasked],[\unasked],[\unasked],[\unasked],[\unasked],[\unasked],[\unasked],0,[\unasked],[\unasked],[\unasked],[\unasked],[\unasked],Bachelor’s degree,1,x,[^not chosen],[^not chosen],[^not chosen],[^not chosen],[^not chosen],[^not chosen],[^not chosen],[^not chosen],[^not chosen],0,[^not chosen],[^not chosen],[^not chosen],[^not chosen],[^not chosen],[^not chosen],[^not chosen],[^not chosen],[^not chosen],[^not chosen],No
OXlw,[^not chosen],x,[^not chosen],x,[^not chosen],[^not chosen],[^not chosen],Hybrid,Hybrid,[\unasked],Journalist,1,[^not chosen],x,[^not chosen],[^not chosen],[^not chosen],1,[^not chosen],[^not chosen],[^not chosen],x,[^not chosen],[^not chosen],[^not chosen],[\unasked],0,[\unasked],[\unasked],[\unasked],[\unasked],[\unasked],Full time,Graduate/Master’s,No,Journalism,[\unasked],0,[\unasked],[\unasked],[\unasked],[\unasked],[\unasked],Bachelor’s degree,1,[^not chosen],[^not chosen],[^not chosen],[^not chosen],[^not chosen],[^not chosen],x,[^not chosen],[^not chosen],[^not chosen],0,[^not chosen],[^not chosen],[^not chosen],[^not chosen],[^not chosen],[^not chosen],[^not chosen],[^not chosen],[^not chosen],[^not chosen],No
mEtt,[^not chosen],x,[^not chosen],[^not chosen],[^not chosen],[^not chosen],[^not chosen],Remote (fully or mostly),Hybrid,[\unasked],Scientist,1,x,[^not chosen],[^not chosen],[^not chosen],[^not chosen],1,[^not chosen],[^not chosen],[^not chosen],[^not chosen],[^not chosen],[^not chosen],Transportation,[\unasked],0,[\unasked],[\unasked],[\unasked],[\unasked],[\unasked],[\unasked],[\unasked],[\unasked],[\unasked],[\unasked],0,[\unasked],[\unasked],[\unasked],[\unasked],[\unasked],Some college,1,[^not chosen],[^not chosen],[^not chosen],[^not chosen],[^not chosen],x,[^not chosen],[^not chosen],[^not chosen],[^not chosen],0,[^not chosen],[^not chosen],[^not chosen],[^not chosen],[^not chosen],[^not chosen],[^not chosen],[^not chosen],[^not chosen],[^not chosen],No
VsNt,[^not chosen],[^not chosen],[^not chosen],[^not chosen],x,[^not chosen],[^not chosen],Hybrid,Hybrid,[\unasked],[\unasked],0,[\unasked],[\unasked],[\unasked],[\unasked],[\unasked],0,[\unasked],[\unasked],[\unasked],[\unasked],[\unasked],[\unasked],[\unasked],Business,1,[^not chosen],x,[^not chosen],[^not chosen],[^not chosen],[\unasked],[\unasked],[\unasked],[\unasked],[\unasked],0,[\unasked],[\unasked],[\unasked],[\unasked],[\unasked],Some college,1,x,[^not chosen],[^not chosen],[^not chosen],[^not chosen],[^not chosen],[^not chosen],[^not chosen],[^not chosen],[^not chosen],0,[^not chosen],[^not chosen],[^not chosen],[^not chosen],[^not chosen],[^not chosen],[^not chosen],[^not chosen],[^not chosen],[^not chosen],Yes
oicG,[^not chosen],x,[^not chosen],[^not chosen],[^not chosen],[^not chosen],[^not chosen],Hybrid,Hybrid,[\unasked],Analyst,1,[^not chosen],x,[^not chosen],[^not chosen],[^not chosen],2,x,[^not chosen],[^not chosen],[^not chosen],[^not chosen],[^not chosen],Insurance,[\unasked],0,[\unasked],[\unasked],[\unasked],[\unasked],[\unasked],[\unasked],[\unasked],[\unasked],[\unasked],[\unasked],0,[\unasked],[\unasked],[\unasked],[\unasked],[\unasked],Master’s (or similar graduate degree),2,[^not chosen],[^not chosen],[^not chosen],[^not chosen],[^not chosen],x,x,[^not chosen],[^not chosen],[^not chosen],2,[^not chosen],[^not chosen],[^not chosen],[^not chosen],[^not chosen],x,x,[^not chosen],[^not chosen],[^not chosen],No
UOGW,[^not chosen],x,[^not chosen],[^not chosen],[^not chosen],[^not chosen],[^not chosen],Hybrid,Hybrid,[\unasked],Engineer,1,[^not chosen],x,[^not chosen],[^not chosen],[^not chosen],1,[^not chosen],[^not chosen],x,[^not chosen],[^not chosen],[^not chosen],[^not chosen],[\unasked],0,[\unasked],[\unasked],[\unasked],[\unasked],[\unasked],[\unasked],[\unasked],[\unasked],[\unasked],[\unasked],0,[\unasked],[\unasked],[\unasked],[\unasked],[\unasked],Master’s (or similar graduate degree),2,[^not chosen],[^not chosen],[^not chosen],[^not chosen],[^not chosen],x,x,[^not chosen],[^not chosen],[^not chosen],1,[^not chosen],[^not chosen],[^not chosen],[^not chosen],[^not chosen],x,[^not chosen],[^not chosen],[^not chosen],[^not chosen],No
rQHt,[^not chosen],x,[^not chosen],[^not chosen],[^not chosen],[^not chosen],[^not chosen],Remote (fully or mostly),Hybrid,[\unasked],Developer,1,[^not chosen],x,[^not chosen],[^not chosen],[^not chosen],1,[^not chosen],[^not chosen],[^not chosen],[^not chosen],x,[^not chosen],[^not chosen],[\unasked],0,[\unasked],[\unasked],[\unasked],[\unasked],[\unasked],[\unasked],[\unasked],[\unasked],[\unasked],[\unasked],0,[\unasked],[\unasked],[\unasked],[\unasked],[\unasked],Bachelor’s degree,1,[^not chosen],[^not chosen],[^not chosen],[^not chosen],[^not chosen],x,[^not chosen],[^not chosen],[^not chosen],[^not chosen],0,[^not chosen],[^not chosen],[^not chosen],[^not chosen],[^not chosen],[^not chosen],[^not chosen],[^not chosen],[^not chosen],[^not chosen],No
kfCr,[^not chosen],x,[^not chosen],[^not chosen],[^not chosen],[^not chosen],[^not chosen],Remote (fully or mostly),Hybrid,[\unasked],Developer,1,[^not chosen],[^not chosen],x,[^not chosen],[^not chosen],1,[^not chosen],x,[^not chosen],[^not chosen],[^not chosen],[^not chosen],[^not chosen],[\unasked],0,[\unasked],[\unasked],[\unasked],[\unasked],[\unasked],[\unasked],[\unasked],[\unasked],[\unasked],[\unasked],0,[\unasked],[\unasked],[\unasked],[\unasked],[\unasked],Bachelor’s degree,1,[^not chosen],x,[^not chosen],[^not chosen],[^not chosen],[^not chosen],[^not chosen],[^not chosen],[^not chosen],[^not chosen],0,[^not chosen],[^not chosen],[^not chosen],[^not chosen],[^not chosen],[^not chosen],[^not chosen],[^not chosen],[^not chosen],[^not chosen],Yes
KUqm,[^not chosen],[^not chosen],x,[^not chosen],x,[^not chosen],[^not chosen],Hybrid,Hybrid,[\unasked],[\unasked],0,[\unasked],[\unasked],[\unasked],[\unasked],[\unasked],0,[\unasked],[\unasked],[\unasked],[\unasked],[\unasked],[\unasked],[\unasked],Health and Medicine,1,x,[^not chosen],[^not chosen],[^not chosen],[^not chosen],[\unasked],[\unasked],[\unasked],[\unasked],6–10 hours,5,Often,Sometimes,Rarely,Rarely,Often,Master’s (or similar graduate degree),1,[^not chosen],[^not chosen],[^not chosen],x,[^not chosen],[^not chosen],[^not chosen],[^not chosen],[^not chosen],[^not chosen],1,[^not chosen],[^not chosen],[^not chosen],x,[^not chosen],[^not chosen],[^not chosen],[^not chosen],[^not chosen],[^not chosen],Yes
QOrK,[^not chosen],x,x,[^not chosen],[^not chosen],[^not chosen],[^not chosen],On site (fully or mostly),Hybrid,[\unasked],Analyst,1,[^not chosen],x,[^not chosen],[^not chosen],[^not chosen],1,[^not chosen],[^not chosen],[^not chosen],[^not chosen],[^not chosen],[^not chosen],Manufacturing,[\unasked],0,[\unasked],[\unasked],[\unasked],[\unasked],[\unasked],[\unasked],[\unasked],[\unasked],[\unasked],21–30 hours,4,Sometimes,Sometimes,Never,Sometimes,Sometimes,Master’s (or similar graduate degree),1,[^not chosen],x,[^not chosen],[^not chosen],[^not chosen],[^not chosen],[^not chosen],[^not chosen],[^not chosen],[^not chosen],1,[^not chosen],x,[^not chosen],[^not chosen],[^not chosen],[^not chosen],[^not chosen],[^not chosen],[^not chosen],[^not chosen],Yes
gBbF,[^not chosen],x,[^not chosen],[^not chosen],[^not chosen],[^not chosen],[^not chosen],Hybrid,Hybrid,[\unasked],Analyst,1,x,[^not chosen],[^not chosen],[^not chosen],[^not chosen],1,[^not chosen],[^not chosen],[^not chosen],[^not chosen],[^not chosen],[^not chosen],Utilities,[\unasked],0,[\unasked],[\unasked],[\unasked],[\unasked],[\unasked],[\unasked],[\unasked],[\unasked],[\unasked],[\unasked],0,[\unasked],[\unasked],[\unasked],[\unasked],[\unasked],Master’s (or similar graduate degree),1,[^not chosen],[^not chosen],[^not chosen],[^not chosen],[^not chosen],[^not chosen],x,[^not chosen],[^not chosen],[^not chosen],1,[^not chosen],[^not chosen],[^not chosen],[^not chosen],[^not chosen],x,[^not chosen],[^not chosen],[^not chosen],[^not chosen],No
eqno,[^not chosen],x,[^not chosen],[^not chosen],[^not chosen],[^not chosen],[^not chosen],Hybrid,Hybrid,[\unasked],Analyst,2,x,x,[^not chosen],[^not chosen],[^not chosen],1,[^not chosen],[^not chosen],[^not chosen],[^not chosen],[^not chosen],[^not chosen],Energy; Public Utility,[\unasked],0,[\unasked],[\unasked],[\unasked],[\unasked],[\unasked],[\unasked],[\unasked],[\unasked],[\unasked],[\unasked],0,[\unasked],[\unasked],[\unasked],[\unasked],[\unasked],Some college,1,[^not chosen],[^not chosen],[^not chosen],[^not chosen],[^not chosen],x,[^not chosen],[^not chosen],[^not chosen],[^not chosen],0,[^not chosen],[^not chosen],[^not chosen],[^not chosen],[^not chosen],[^not chosen],[^not chosen],[^not chosen],[^not chosen],[^not chosen],Yes
Fwel,[^not chosen],x,[^not chosen],[^not chosen],[^not chosen],[^not chosen],[^not chosen],Hybrid,Hybrid,[\unasked],Analyst,1,[^not chosen],[^not chosen],x,[^not chosen],[^not chosen],1,[^not chosen],[^not chosen],[^not chosen],[^not chosen],[^not chosen],[^not chosen],Social justice,[\unasked],0,[\unasked],[\unasked],[\unasked],[\unasked],[\unasked],[\unasked],[\unasked],[\unasked],[\unasked],[\unasked],0,[\unasked],[\unasked],[\unasked],[\unasked],[\unasked],Bachelor’s degree,2,[^not chosen],[^not chosen],[^not chosen],[^not chosen],[^not chosen],x,x,[^not chosen],[^not chosen],[^not chosen],0,[^not chosen],[^not chosen],[^not chosen],[^not chosen],[^not chosen],[^not chosen],[^not chosen],[^not chosen],[^not chosen],[^not chosen],No
HYja,[^not chosen],[^not chosen],[^not chosen],[^not chosen],x,[^not chosen],[^not chosen],Hybrid,Hybrid,[\unasked],[\unasked],0,[\unasked],[\unasked],[\unasked],[\unasked],[\unasked],0,[\unasked],[\unasked],[\unasked],[\unasked],[\unasked],[\unasked],[\unasked],Social Sciences,4,x,x,x,x,[^not chosen],[\unasked],[\unasked],[\unasked],[\unasked],[\unasked],0,[\unasked],[\unasked],[\unasked],[\unasked],[\unasked],"Doctoral degree (e.g., PhD, EdD, PsyD)",1,x,[^not chosen],[^not chosen],[^not chosen],[^not chosen],[^not chosen],[^not chosen],[^not chosen],[^not chosen],[^not chosen],2,[^not chosen],[^not chosen],[^not chosen],[^not chosen],[^not chosen],x,x,[^not chosen],[^not chosen],[^not chosen],Yes
Cjpi,[^not chosen],x,[^not chosen],[^not chosen],[^not chosen],[^not chosen],[^not chosen],Hybrid,Hybrid,[\unasked],None of these describes my role,1,[^not chosen],[^not chosen],[^not chosen],x,[^not chosen],1,[^not chosen],[^not chosen],[^not chosen],[^not chosen],[^not chosen],[^not chosen],Human rights; Social sciences,[\unasked],0,[\unasked],[\unasked],[\unasked],[\unasked],[\unasked],[\unasked],[\unasked],[\unasked],[\unasked],[\unasked],0,[\unasked],[\unasked],[\unasked],[\unasked],[\unasked],Bachelor’s degree,1,x,[^not chosen],[^not chosen],[^not chosen],[^not chosen],[^not chosen],[^not chosen],[^not chosen],[^not chosen],[^not chosen],0,[^not chosen],[^not chosen],[^not chosen],[^not chosen],[^not chosen],[^not chosen],[^not chosen],[^not chosen],[^not chosen],[^not chosen],Yes
ZyXo,[^not chosen],x,[^not chosen],x,[^not chosen],[^not chosen],[^not chosen],On site (fully or mostly),Hybrid,[\unasked],Analyst,1,[^not chosen],x,[^not chosen],[^not chosen],[^not chosen],1,[^not chosen],[^not chosen],[^not chosen],[^not chosen],[^not chosen],[^not chosen],Tourism,[\unasked],0,[\unasked],[\unasked],[\unasked],[\unasked],[\unasked],Part time,Graduate/Master’s,"Yes, in a required course",MPS Data Analytics & Visualization,[\unasked],0,[\unasked],[\unasked],[\unasked],[\unasked],[\unasked],Bachelor’s degree,1,x,[^not chosen],[^not chosen],[^not chosen],[^not chosen],[^not chosen],[^not chosen],[^not chosen],[^not chosen],[^not chosen],0,[^not chosen],[^not chosen],[^not chosen],[^not chosen],[^not chosen],[^not chosen],[^not chosen],[^not chosen],[^not chosen],[^not chosen],Yes
wiDc,[^not chosen],[^not chosen],[^not chosen],x,[^not chosen],[^not chosen],[^not chosen],On site (fully or mostly),Hybrid,[\unasked],[\unasked],0,[\unasked],[\unasked],[\unasked],[\unasked],[\unasked],0,[\unasked],[\unasked],[\unasked],[\unasked],[\unasked],[\unasked],[\unasked],[\unasked],0,[\unasked],[\unasked],[\unasked],[\unasked],[\unasked],Full time,PhD/Doctorate,"Yes, in an elective course",Interdisciplinary Design and Media,[\unasked],0,[\unasked],[\unasked],[\unasked],[\unasked],[\unasked],Bachelor’s degree,1,[^not chosen],[^not chosen],[^not chosen],[^not chosen],[^not chosen],x,[^not chosen],[^not chosen],[^not chosen],[^not chosen],0,[^not chosen],[^not chosen],[^not chosen],[^not chosen],[^not chosen],[^not chosen],[^not chosen],[^not chosen],[^not chosen],[^not chosen],Yes
pPKS,[^not chosen],x,[^not chosen],[^not chosen],[^not chosen],[^not chosen],[^not chosen],Remote (fully or mostly),Hybrid,[\unasked],"Leadership (Manager, Director, VP, etc.)",1,[^not chosen],x,[^not chosen],[^not chosen],[^not chosen],1,[^not chosen],[^not chosen],x,[^not chosen],[^not chosen],[^not chosen],[^not chosen],[\unasked],0,[\unasked],[\unasked],[\unasked],[\unasked],[\unasked],[\unasked],[\unasked],[\unasked],[\unasked],[\unasked],0,[\unasked],[\unasked],[\unasked],[\unasked],[\unasked],Bachelor’s degree,1,[^not chosen],[^not chosen],[^not chosen],[^not chosen],x,[^not chosen],[^not chosen],[^not chosen],[^not chosen],[^not chosen],0,[^not chosen],[^not chosen],[^not chosen],[^not chosen],[^not chosen],[^not chosen],[^not chosen],[^not chosen],[^not chosen],[^not chosen],I don’t know
ncmC,[^not chosen],x,[^not chosen],[^not chosen],[^not chosen],[^not chosen],[^not chosen],Hybrid,Hybrid,[\unasked],Analyst,1,[^not chosen],[^not chosen],[^not chosen],x,[^not chosen],3,[^not chosen],x,[^not chosen],[^not chosen],[^not chosen],x,nonprofits and government agencies,[\unasked],0,[\unasked],[\unasked],[\unasked],[\unasked],[\unasked],[\unasked],[\unasked],[\unasked],[\unasked],[\unasked],0,[\unasked],[\unasked],[\unasked],[\unasked],[\unasked],Master’s (or similar graduate degree),1,[^not chosen],[^not chosen],[^not chosen],[^not chosen],[^not chosen],[^not chosen],x,[^not chosen],[^not chosen],[^not chosen],2,[^not chosen],[^not chosen],[^not chosen],x,[^not chosen],[^not chosen],x,[^not chosen],[^not chosen],[^not chosen],Yes
XSOT,x,[^not chosen],[^not chosen],[^not chosen],[^not chosen],[^not chosen],[^not chosen],Hybrid,Hybrid,None of these describes my role,[\unasked],0,[\unasked],[\unasked],[\unasked],[\unasked],[\unasked],0,[\unasked],[\unasked],[\unasked],[\unasked],[\unasked],[\unasked],[\unasked],[\unasked],0,[\unasked],[\unasked],[\unasked],[\unasked],[\unasked],[\unasked],[\unasked],[\unasked],[\unasked],[\unasked],0,[\unasked],[\unasked],[\unasked],[\unasked],[\unasked],Master’s (or similar graduate degree),2,x,[^not chosen],[^not chosen],[^not chosen],[^not chosen],x,[^not chosen],[^not chosen],[^not chosen],[^not chosen],1,[^not chosen],[^not chosen],[^not chosen],[^not chosen],[^not chosen],x,[^not chosen],[^not chosen],[^not chosen],[^not chosen],I don’t know
UEJX,[^not chosen],[^not chosen],x,[^not chosen],[^not chosen],[^not chosen],[^not chosen],N/A,Hybrid,[\unasked],[\unasked],0,[\unasked],[\unasked],[\unasked],[\unasked],[\unasked],0,[\unasked],[\unasked],[\unasked],[\unasked],[\unasked],[\unasked],[\unasked],[\unasked],0,[\unasked],[\unasked],[\unasked],[\unasked],[\unasked],[\unasked],[\unasked],[\unasked],[\unasked],6–10 hours,5,Sometimes,Often,Often,Rarely,Often,Bachelor’s degree,1,[^not chosen],[^not chosen],[^not chosen],[^not chosen],[^not chosen],x,[^not chosen],[^not chosen],[^not chosen],[^not chosen],0,[^not chosen],[^not chosen],[^not chosen],[^not chosen],[^not chosen],[^not chosen],[^not chosen],[^not chosen],[^not chosen],[^not chosen],Yes
kdhb,[^not chosen],x,[^not chosen],[^not chosen],[^not chosen],[^not chosen],[^not chosen],Hybrid,Hybrid,[\unasked],Analyst,1,[^not chosen],x,[^not chosen],[^not chosen],[^not chosen],1,[^not chosen],[^not chosen],[^not chosen],[^not chosen],[^not chosen],x,[^not chosen],[\unasked],0,[\unasked],[\unasked],[\unasked],[\unasked],[\unasked],[\unasked],[\unasked],[\unasked],[\unasked],[\unasked],0,[\unasked],[\unasked],[\unasked],[\unasked],[\unasked],Master’s (or similar graduate degree),1,[^not chosen],[^not chosen],[^not chosen],[^not chosen],[^not chosen],x,[^not chosen],[^not chosen],[^not chosen],[^not chosen],1,[^not chosen],[^not chosen],[^not chosen],[^not chosen],[^not chosen],x,[^not chosen],[^not chosen],[^not chosen],[^not chosen],Yes
ESIw,[^not chosen],[^not chosen],[^not chosen],[^not chosen],x,[^not chosen],[^not chosen],Parental leave,Hybrid,[\unasked],[\unasked],0,[\unasked],[\unasked],[\unasked],[\unasked],[\unasked],0,[\unasked],[\unasked],[\unasked],[\unasked],[\unasked],[\unasked],[\unasked],Social Sciences,2,x,x,[^not chosen],[^not chosen],[^not chosen],[\unasked],[\unasked],[\unasked],[\unasked],[\unasked],0,[\unasked],[\unasked],[\unasked],[\unasked],[\unasked],Master’s (or similar graduate degree),1,[^not chosen],[^not chosen],[^not chosen],[^not chosen],[^not chosen],[^not chosen],x,[^not chosen],[^not chosen],[^not chosen],1,[^not chosen],[^not chosen],[^not chosen],[^not chosen],[^not chosen],[^not chosen],[^not chosen],[^not chosen],x,[^not chosen],No
NsUX,[^not chosen],[^not chosen],[^not chosen],x,x,[^not chosen],[^not chosen],Hybrid,Hybrid,[\unasked],[\unasked],0,[\unasked],[\unasked],[\unasked],[\unasked],[\unasked],0,[\unasked],[\unasked],[\unasked],[\unasked],[\unasked],[\unasked],[\unasked],Arts and Humanities,1,[^not chosen],[^not chosen],[^not chosen],[^not chosen],My academic work has no relation to DV,Part time,Graduate/Master’s,"Yes, in an elective course",Master of Information and Data Science,[\unasked],0,[\unasked],[\unasked],[\unasked],[\unasked],[\unasked],Master’s (or similar graduate degree),1,x,[^not chosen],[^not chosen],[^not chosen],[^not chosen],[^not chosen],[^not chosen],[^not chosen],[^not chosen],[^not chosen],2,x,[^not chosen],[^not chosen],[^not chosen],[^not chosen],x,[^not chosen],[^not chosen],[^not chosen],[^not chosen],Yes
pOqV,[^not chosen],x,[^not chosen],[^not chosen],[^not chosen],[^not chosen],[^not chosen],Hybrid,Hybrid,[\unasked],"Leadership (Manager, Director, VP, etc.)",1,x,[^not chosen],[^not chosen],[^not chosen],[^not chosen],6,x,x,x,x,[^not chosen],x,Social science,[\unasked],0,[\unasked],[\unasked],[\unasked],[\unasked],[\unasked],[\unasked],[\unasked],[\unasked],[\unasked],[\unasked],0,[\unasked],[\unasked],[\unasked],[\unasked],[\unasked],"Doctoral degree (e.g., PhD, EdD, PsyD)",1,[^not chosen],[^not chosen],[^not chosen],[^not chosen],[^not chosen],[^not chosen],x,[^not chosen],[^not chosen],[^not chosen],1,[^not chosen],[^not chosen],[^not chosen],[^not chosen],[^not chosen],[^not chosen],x,[^not chosen],[^not chosen],[^not chosen],Yes
fIbw,x,[^not chosen],[^not chosen],[^not chosen],[^not chosen],[^not chosen],[^not chosen],Hybrid,Hybrid,Designer,[\unasked],0,[\unasked],[\unasked],[\unasked],[\unasked],[\unasked],0,[\unasked],[\unasked],[\unasked],[\unasked],[\unasked],[\unasked],[\unasked],[\unasked],0,[\unasked],[\unasked],[\unasked],[\unasked],[\unasked],[\unasked],[\unasked],[\unasked],[\unasked],[\unasked],0,[\unasked],[\unasked],[\unasked],[\unasked],[\unasked],Master’s (or similar graduate degree),1,[^not chosen],[^not chosen],[^not chosen],[^not chosen],[^not chosen],x,[^not chosen],[^not chosen],[^not chosen],[^not chosen],1,[^not chosen],[^not chosen],[^not chosen],[^not chosen],[^not chosen],[^not chosen],[^not chosen],[^not chosen],[^not chosen],Design,No
OnVh,[^not chosen],x,[^not chosen],[^not chosen],[^not chosen],[^not chosen],[^not chosen],Hybrid,Hybrid,[\unasked],Designer,1,x,[^not chosen],[^not chosen],[^not chosen],[^not chosen],1,[^not chosen],[^not chosen],[^not chosen],[^not chosen],[^not chosen],x,[^not chosen],[\unasked],0,[\unasked],[\unasked],[\unasked],[\unasked],[\unasked],[\unasked],[\unasked],[\unasked],[\unasked],[\unasked],0,[\unasked],[\unasked],[\unasked],[\unasked],[\unasked],Technical school,0,[^not chosen],[^not chosen],[^not chosen],[^not chosen],[^not chosen],[^not chosen],[^not chosen],[^not chosen],[^not chosen],[^not chosen],0,[^not chosen],[^not chosen],[^not chosen],[^not chosen],[^not chosen],[^not chosen],[^not chosen],[^not chosen],[^not chosen],[^not chosen],Yes
MfHi,[^not chosen],x,[^not chosen],[^not chosen],[^not chosen],[^not chosen],[^not chosen],Hybrid,Hybrid,[\unasked],Analyst,2,x,[^not chosen],x,[^not chosen],[^not chosen],1,[^not chosen],[^not chosen],[^not chosen],[^not chosen],[^not chosen],[^not chosen],Defense and University Research,[\unasked],0,[\unasked],[\unasked],[\unasked],[\unasked],[\unasked],[\unasked],[\unasked],[\unasked],[\unasked],[\unasked],0,[\unasked],[\unasked],[\unasked],[\unasked],[\unasked],Bachelor’s degree,1,[^not chosen],x,[^not chosen],[^not chosen],[^not chosen],[^not chosen],[^not chosen],[^not chosen],[^not chosen],[^not chosen],0,[^not chosen],[^not chosen],[^not chosen],[^not chosen],[^not chosen],[^not chosen],[^not chosen],[^not chosen],[^not chosen],[^not chosen],Yes
woCp,[^not chosen],x,[^not chosen],[^not chosen],[^not chosen],[^not chosen],[^not chosen],Hybrid,Hybrid,[\unasked],"Leadership (Manager, Director, VP, etc.)",1,[^not chosen],[^not chosen],x,[^not chosen],[^not chosen],1,[^not chosen],[^not chosen],[^not chosen],[^not chosen],[^not chosen],[^not chosen],Education,[\unasked],0,[\unasked],[\unasked],[\unasked],[\unasked],[\unasked],[\unasked],[\unasked],[\unasked],[\unasked],[\unasked],0,[\unasked],[\unasked],[\unasked],[\unasked],[\unasked],"Doctoral degree (e.g., PhD, EdD, PsyD)",2,[^not chosen],[^not chosen],x,[^not chosen],[^not chosen],[^not chosen],[^not chosen],[^not chosen],[^not chosen],Communications,1,[^not chosen],[^not chosen],x,[^not chosen],[^not chosen],[^not chosen],[^not chosen],[^not chosen],[^not chosen],[^not chosen],No
RuIa,[^not chosen],x,[^not chosen],[^not chosen],x,[^not chosen],[^not chosen],Hybrid,Hybrid,[\unasked],Analyst,1,[^not chosen],x,[^not chosen],[^not chosen],[^not chosen],1,[^not chosen],[^not chosen],x,[^not chosen],[^not chosen],[^not chosen],[^not chosen],"Science, Math, and Technology",3,[^not chosen],x,x,x,[^not chosen],[\unasked],[\unasked],[\unasked],[\unasked],[\unasked],0,[\unasked],[\unasked],[\unasked],[\unasked],[\unasked],Master’s (or similar graduate degree),1,x,[^not chosen],[^not chosen],[^not chosen],[^not chosen],[^not chosen],[^not chosen],[^not chosen],[^not chosen],[^not chosen],1,[^not chosen],[^not chosen],[^not chosen],[^not chosen],[^not chosen],x,[^not chosen],[^not chosen],[^not chosen],[^not chosen],No
Rhal,[^not chosen],x,[^not chosen],[^not chosen],[^not chosen],[^not chosen],[^not chosen],Hybrid,Hybrid,[\unasked],Developer,1,[^not chosen],x,[^not chosen],[^not chosen],[^not chosen],1,[^not chosen],[^not chosen],[^not chosen],[^not chosen],[^not chosen],x,[^not chosen],[\unasked],0,[\unasked],[\unasked],[\unasked],[\unasked],[\unasked],[\unasked],[\unasked],[\unasked],[\unasked],[\unasked],0,[\unasked],[\unasked],[\unasked],[\unasked],[\unasked],Master’s (or similar graduate degree),1,[^not chosen],x,[^not chosen],[^not chosen],[^not chosen],[^not chosen],[^not chosen],[^not chosen],[^not chosen],[^not chosen],1,[^not chosen],x,[^not chosen],[^not chosen],[^not chosen],[^not chosen],[^not chosen],[^not chosen],[^not chosen],[^not chosen],No
RKDS,[^not chosen],x,[^not chosen],[^not chosen],[^not chosen],[^not chosen],[^not chosen],Hybrid,Hybrid,[\unasked],"Leadership (Manager, Director, VP, etc.)",1,[^not chosen],x,[^not chosen],[^not chosen],[^not chosen],1,[^not chosen],[^not chosen],[^not chosen],[^not chosen],x,[^not chosen],[^not chosen],[\unasked],0,[\unasked],[\unasked],[\unasked],[\unasked],[\unasked],[\unasked],[\unasked],[\unasked],[\unasked],[\unasked],0,[\unasked],[\unasked],[\unasked],[\unasked],[\unasked],"Doctoral degree (e.g., PhD, EdD, PsyD)",1,[^not chosen],[^not chosen],[^not chosen],[^not chosen],[^not chosen],x,[^not chosen],[^not chosen],[^not chosen],[^not chosen],2,[^not chosen],[^not chosen],x,[^not chosen],[^not chosen],x,[^not chosen],[^not chosen],[^not chosen],[^not chosen],Yes
roMa,x,[^not chosen],[^not chosen],[^not chosen],[^not chosen],[^not chosen],[^not chosen],Remote (fully or mostly),Hybrid,Designer,[\unasked],0,[\unasked],[\unasked],[\unasked],[\unasked],[\unasked],0,[\unasked],[\unasked],[\unasked],[\unasked],[\unasked],[\unasked],[\unasked],[\unasked],0,[\unasked],[\unasked],[\unasked],[\unasked],[\unasked],[\unasked],[\unasked],[\unasked],[\unasked],[\unasked],0,[\unasked],[\unasked],[\unasked],[\unasked],[\unasked],Master’s (or similar graduate degree),1,[^not chosen],[^not chosen],[^not chosen],[^not chosen],[^not chosen],[^not chosen],[^not chosen],[^not chosen],[^not chosen],Architecture,1,[^not chosen],[^not chosen],[^not chosen],[^not chosen],[^not chosen],[^not chosen],[^not chosen],[^not chosen],[^not chosen],Data Visualization,Yes
WfLR,[^not chosen],x,[^not chosen],[^not chosen],[^not chosen],[^not chosen],[^not chosen],Remote (fully or mostly),Hybrid,[\unasked],"Leadership (Manager, Director, VP, etc.)",0,[^not chosen],[^not chosen],[^not chosen],[^not chosen],[^not chosen],0,[^not chosen],[^not chosen],[^not chosen],[^not chosen],[^not chosen],[^not chosen],[^not chosen],[\unasked],0,[\unasked],[\unasked],[\unasked],[\unasked],[\unasked],[\unasked],[\unasked],[\unasked],[\unasked],[\unasked],0,[\unasked],[\unasked],[\unasked],[\unasked],[\unasked],Master’s (or similar graduate degree),1,[^not chosen],[^not chosen],[^not chosen],[^not chosen],[^not chosen],x,[^not chosen],[^not chosen],[^not chosen],[^not chosen],1,[^not chosen],[^not chosen],[^not chosen],[^not chosen],[^not chosen],x,[^not chosen],[^not chosen],[^not chosen],[^not chosen],No
wQaX,[^not chosen],x,[^not chosen],[^not chosen],[^not chosen],[^not chosen],[^not chosen],Hybrid,Hybrid,[\unasked],Analyst,2,x,[^not chosen],x,[^not chosen],[^not chosen],1,[^not chosen],[^not chosen],[^not chosen],[^not chosen],[^not chosen],[^not chosen],economic development,[\unasked],0,[\unasked],[\unasked],[\unasked],[\unasked],[\unasked],[\unasked],[\unasked],[\unasked],[\unasked],[\unasked],0,[\unasked],[\unasked],[\unasked],[\unasked],[\unasked],Bachelor’s degree,1,[^not chosen],[^not chosen],[^not chosen],[^not chosen],[^not chosen],[^not chosen],[^not chosen],[^not chosen],[^not chosen],Landscape architecture,0,[^not chosen],[^not chosen],[^not chosen],[^not chosen],[^not chosen],[^not chosen],[^not chosen],[^not chosen],[^not chosen],[^not chosen],No
tXIn,[^not chosen],x,[^not chosen],[^not chosen],[^not chosen],[^not chosen],[^not chosen],Hybrid,Hybrid,[\unasked],Analyst,1,[^not chosen],[^not chosen],[^not chosen],[^not chosen],Intergovernmental,1,[^not chosen],[^not chosen],[^not chosen],[^not chosen],[^not chosen],[^not chosen],Other (please specify and use semicolons (;) to separate distinct items),[\unasked],0,[\unasked],[\unasked],[\unasked],[\unasked],[\unasked],[\unasked],[\unasked],[\unasked],[\unasked],[\unasked],0,[\unasked],[\unasked],[\unasked],[\unasked],[\unasked],Master’s (or similar graduate degree),1,[^not chosen],[^not chosen],[^not chosen],[^not chosen],[^not chosen],[^not chosen],x,[^not chosen],[^not chosen],[^not chosen],1,[^not chosen],[^not chosen],[^not chosen],[^not chosen],[^not chosen],[^not chosen],x,[^not chosen],[^not chosen],[^not chosen],Yes
vPJW,x,x,[^not chosen],[^not chosen],[^not chosen],[^not chosen],[^not chosen],Hybrid,Hybrid,Journalist,"Leadership (Manager, Director, VP, etc.)",1,[^not chosen],[^not chosen],x,[^not chosen],[^not chosen],2,[^not chosen],[^not chosen],[^not chosen],[^not chosen],[^not chosen],x,Livelihoods Not for Profit,[\unasked],0,[\unasked],[\unasked],[\unasked],[\unasked],[\unasked],[\unasked],[\unasked],[\unasked],[\unasked],[\unasked],0,[\unasked],[\unasked],[\unasked],[\unasked],[\unasked],Bachelor’s degree,1,[^not chosen],[^not chosen],[^not chosen],[^not chosen],[^not chosen],x,[^not chosen],[^not chosen],[^not chosen],[^not chosen],0,[^not chosen],[^not chosen],[^not chosen],[^not chosen],[^not chosen],[^not chosen],[^not chosen],[^not chosen],[^not chosen],[^not chosen],No
YyPx,[^not chosen],[^not chosen],[^not chosen],[^not chosen],[^not chosen],[^not chosen],x,Remote (fully or mostly),Hybrid,[\unasked],[\unasked],0,[\unasked],[\unasked],[\unasked],[\unasked],[\unasked],0,[\unasked],[\unasked],[\unasked],[\unasked],[\unasked],[\unasked],[\unasked],[\unasked],0,[\unasked],[\unasked],[\unasked],[\unasked],[\unasked],[\unasked],[\unasked],[\unasked],[\unasked],[\unasked],0,[\unasked],[\unasked],[\unasked],[\unasked],[\unasked],Bachelor’s degree,1,[^not chosen],[^not chosen],[^not chosen],[^not chosen],[^not chosen],x,[^not chosen],[^not chosen],[^not chosen],[^not chosen],0,[^not chosen],[^not chosen],[^not chosen],[^not chosen],[^not chosen],[^not chosen],[^not chosen],[^not chosen],[^not chosen],[^not chosen],Yes
KOFw,[^not chosen],x,[^not chosen],[^not chosen],[^not chosen],[^not chosen],[^not chosen],On site (fully or mostly),Hybrid,[\unasked],Engineer,1,[^not chosen],x,[^not chosen],[^not chosen],[^not chosen],2,x,[^not chosen],[^not chosen],[^not chosen],x,[^not chosen],[^not chosen],[\unasked],0,[\unasked],[\unasked],[\unasked],[\unasked],[\unasked],[\unasked],[\unasked],[\unasked],[\unasked],[\unasked],0,[\unasked],[\unasked],[\unasked],[\unasked],[\unasked],Master’s (or similar graduate degree),1,[^not chosen],[^not chosen],[^not chosen],[^not chosen],[^not chosen],x,[^not chosen],[^not chosen],[^not chosen],[^not chosen],1,[^not chosen],[^not chosen],[^not chosen],[^not chosen],[^not chosen],x,[^not chosen],[^not chosen],[^not chosen],[^not chosen],I don’t know
PNme,[^not chosen],x,[^not chosen],x,[^not chosen],[^not chosen],[^not chosen],Hybrid,Hybrid,[\unasked],Journalist,1,[^not chosen],x,[^not chosen],[^not chosen],[^not chosen],1,[^not chosen],[^not chosen],[^not chosen],x,[^not chosen],[^not chosen],[^not chosen],[\unasked],0,[\unasked],[\unasked],[\unasked],[\unasked],[\unasked],[^not answered],[^not answered],[^not answered],[^not answered],[\unasked],0,[\unasked],[\unasked],[\unasked],[\unasked],[\unasked],Master’s (or similar graduate degree),1,[^not chosen],[^not chosen],[^not chosen],[^not chosen],[^not chosen],[^not chosen],[^not chosen],[^not chosen],[^not chosen],Journalism,1,[^not chosen],[^not chosen],[^not chosen],[^not chosen],[^not chosen],[^not chosen],[^not chosen],[^not chosen],[^not chosen],Data journalism,Yes
ZpNp,[^not chosen],x,x,[^not chosen],[^not chosen],[^not chosen],[^not chosen],Hybrid,Hybrid,[\unasked],None of these describes my role,1,[^not chosen],[^not chosen],x,[^not chosen],[^not chosen],1,[^not chosen],[^not chosen],[^not chosen],[^not chosen],[^not chosen],[^not chosen],Philanthropy; Grantmaking,[\unasked],0,[\unasked],[\unasked],[\unasked],[\unasked],[\unasked],[\unasked],[\unasked],[\unasked],[\unasked],5 hours or less,5,Sometimes,Rarely,Rarely,Rarely,Often,Bachelor’s degree,1,[^not chosen],x,[^not chosen],[^not chosen],[^not chosen],[^not chosen],[^not chosen],[^not chosen],[^not chosen],[^not chosen],0,[^not chosen],[^not chosen],[^not chosen],[^not chosen],[^not chosen],[^not chosen],[^not chosen],[^not chosen],[^not chosen],[^not chosen],No
iXrJ,[^not chosen],x,[^not chosen],[^not chosen],[^not chosen],[^not chosen],[^not chosen],Hybrid,Hybrid,[\unasked],"Leadership (Manager, Director, VP, etc.)",2,[^not chosen],[^not chosen],x,x,[^not chosen],1,[^not chosen],[^not chosen],[^not chosen],[^not chosen],[^not chosen],[^not chosen],Education,[\unasked],0,[\unasked],[\unasked],[\unasked],[\unasked],[\unasked],[\unasked],[\unasked],[\unasked],[\unasked],[\unasked],0,[\unasked],[\unasked],[\unasked],[\unasked],[\unasked],"Doctoral degree (e.g., PhD, EdD, PsyD)",1,[^not chosen],[^not chosen],[^not chosen],[^not chosen],[^not chosen],x,[^not chosen],[^not chosen],[^not chosen],[^not chosen],1,[^not chosen],[^not chosen],[^not chosen],[^not chosen],[^not chosen],x,[^not chosen],[^not chosen],[^not chosen],[^not chosen],No
yXkd,x,x,[^not chosen],[^not chosen],[^not chosen],[^not chosen],[^not chosen],Remote (fully or mostly),Hybrid,None of these describes my role,None of these describes my role,1,[^not chosen],[^not chosen],x,[^not chosen],[^not chosen],1,[^not chosen],[^not chosen],[^not chosen],[^not chosen],[^not chosen],x,[^not chosen],[\unasked],0,[\unasked],[\unasked],[\unasked],[\unasked],[\unasked],[\unasked],[\unasked],[\unasked],[\unasked],[\unasked],0,[\unasked],[\unasked],[\unasked],[\unasked],[\unasked],Master’s (or similar graduate degree),1,[^not chosen],[^not chosen],[^not chosen],[^not chosen],[^not chosen],x,[^not chosen],[^not chosen],[^not chosen],[^not chosen],1,[^not chosen],[^not chosen],[^not chosen],[^not chosen],x,[^not chosen],[^not chosen],[^not chosen],[^not chosen],[^not chosen],No
PyyO,x,[^not chosen],[^not chosen],[^not chosen],[^not chosen],[^not chosen],[^not chosen],Remote (fully or mostly),Hybrid,Designer,[\unasked],0,[\unasked],[\unasked],[\unasked],[\unasked],[\unasked],0,[\unasked],[\unasked],[\unasked],[\unasked],[\unasked],[\unasked],[\unasked],[\unasked],0,[\unasked],[\unasked],[\unasked],[\unasked],[\unasked],[\unasked],[\unasked],[\unasked],[\unasked],[\unasked],0,[\unasked],[\unasked],[\unasked],[\unasked],[\unasked],Master’s (or similar graduate degree),1,[^not chosen],[^not chosen],[^not chosen],[^not chosen],[^not chosen],[^not chosen],x,[^not chosen],[^not chosen],[^not chosen],1,[^not chosen],[^not chosen],[^not chosen],[^not chosen],[^not chosen],[^not chosen],x,[^not chosen],[^not chosen],[^not chosen],Yes
UtkD,[^not chosen],x,[^not chosen],[^not chosen],[^not chosen],[^not chosen],[^not chosen],Hybrid,Hybrid,[\unasked],Analyst,1,x,[^not chosen],[^not chosen],[^not chosen],[^not chosen],1,[^not chosen],[^not chosen],[^not chosen],[^not chosen],[^not chosen],[^not chosen],Workforce Development,[\unasked],0,[\unasked],[\unasked],[\unasked],[\unasked],[\unasked],[\unasked],[\unasked],[\unasked],[\unasked],[\unasked],0,[\unasked],[\unasked],[\unasked],[\unasked],[\unasked],Master’s (or similar graduate degree),1,[^not chosen],[^not chosen],[^not chosen],[^not chosen],[^not chosen],[^not chosen],x,[^not chosen],[^not chosen],[^not chosen],1,[^not chosen],[^not chosen],[^not chosen],[^not chosen],x,[^not chosen],[^not chosen],[^not chosen],[^not chosen],[^not chosen],Yes
epvq,[^not chosen],x,[^not chosen],[^not chosen],[^not chosen],[^not chosen],[^not chosen],Hybrid,Hybrid,[\unasked],Analyst,1,[^not chosen],[^not chosen],x,[^not chosen],[^not chosen],1,[^not chosen],x,[^not chosen],[^not chosen],[^not chosen],[^not chosen],[^not chosen],[\unasked],0,[\unasked],[\unasked],[\unasked],[\unasked],[\unasked],[\unasked],[\unasked],[\unasked],[\unasked],[\unasked],0,[\unasked],[\unasked],[\unasked],[\unasked],[\unasked],"Doctoral degree (e.g., PhD, EdD, PsyD)",1,x,[^not chosen],[^not chosen],[^not chosen],[^not chosen],[^not chosen],[^not chosen],[^not chosen],[^not chosen],[^not chosen],1,x,[^not chosen],[^not chosen],[^not chosen],[^not chosen],[^not chosen],[^not chosen],[^not chosen],[^not chosen],[^not chosen],No
pKcZ,[^not chosen],x,[^not chosen],[^not chosen],[^not chosen],[^not chosen],[^not chosen],Hybrid,Hybrid,[\unasked],Analyst,1,[^not chosen],x,[^not chosen],[^not chosen],[^not chosen],1,x,[^not chosen],[^not chosen],[^not chosen],[^not chosen],[^not chosen],[^not chosen],[\unasked],0,[\unasked],[\unasked],[\unasked],[\unasked],[\unasked],[\unasked],[\unasked],[\unasked],[\unasked],[\unasked],0,[\unasked],[\unasked],[\unasked],[\unasked],[\unasked],Master’s (or similar graduate degree),1,[^not chosen],x,[^not chosen],[^not chosen],[^not chosen],[^not chosen],[^not chosen],[^not chosen],[^not chosen],[^not chosen],2,[^not chosen],x,[^not chosen],[^not chosen],[^not chosen],[^not chosen],[^not chosen],[^not chosen],[^not chosen],Logistics,Yes
mdmf,[^not chosen],[^not chosen],[^not chosen],[^not chosen],x,[^not chosen],[^not chosen],Hybrid,Hybrid,[\unasked],[\unasked],0,[\unasked],[\unasked],[\unasked],[\unasked],[\unasked],0,[\unasked],[\unasked],[\unasked],[\unasked],[\unasked],[\unasked],[\unasked],"Science, Math, and Technology",4,x,x,x,x,[^not chosen],[\unasked],[\unasked],[\unasked],[\unasked],[\unasked],0,[\unasked],[\unasked],[\unasked],[\unasked],[\unasked],"Doctoral degree (e.g., PhD, EdD, PsyD)",1,[^not chosen],[^not chosen],[^not chosen],[^not chosen],[^not chosen],x,[^not chosen],[^not chosen],[^not chosen],[^not chosen],1,[^not chosen],[^not chosen],[^not chosen],[^not chosen],[^not chosen],x,[^not chosen],[^not chosen],[^not chosen],[^not chosen],Yes
yWMP,x,[^not chosen],[^not chosen],[^not chosen],[^not chosen],[^not chosen],[^not chosen],Hybrid,Hybrid,"Leadership (Manager, Director, VP, etc.)",[\unasked],0,[\unasked],[\unasked],[\unasked],[\unasked],[\unasked],0,[\unasked],[\unasked],[\unasked],[\unasked],[\unasked],[\unasked],[\unasked],[\unasked],0,[\unasked],[\unasked],[\unasked],[\unasked],[\unasked],[\unasked],[\unasked],[\unasked],[\unasked],[\unasked],0,[\unasked],[\unasked],[\unasked],[\unasked],[\unasked],Master’s (or similar graduate degree),1,[^not chosen],[^not chosen],[^not chosen],[^not chosen],[^not chosen],[^not chosen],x,[^not chosen],[^not chosen],[^not chosen],1,[^not chosen],[^not chosen],[^not chosen],[^not chosen],[^not chosen],[^not chosen],x,[^not chosen],[^not chosen],[^not chosen],No
JJBD,x,[^not chosen],[^not chosen],[^not chosen],[^not chosen],[^not chosen],[^not chosen],Hybrid,Hybrid,"Leadership (Manager, Director, VP, etc.)",[\unasked],0,[\unasked],[\unasked],[\unasked],[\unasked],[\unasked],0,[\unasked],[\unasked],[\unasked],[\unasked],[\unasked],[\unasked],[\unasked],[\unasked],0,[\unasked],[\unasked],[\unasked],[\unasked],[\unasked],[\unasked],[\unasked],[\unasked],[\unasked],[\unasked],0,[\unasked],[\unasked],[\unasked],[\unasked],[\unasked],Master’s (or similar graduate degree),2,[^not chosen],x,[^not chosen],[^not chosen],[^not chosen],x,[^not chosen],[^not chosen],[^not chosen],[^not chosen],2,x,[^not chosen],[^not chosen],[^not chosen],[^not chosen],x,[^not chosen],[^not chosen],[^not chosen],[^not chosen],Yes
zjGP,[^not chosen],x,[^not chosen],[^not chosen],x,[^not chosen],[^not chosen],Hybrid,Hybrid,[\unasked],Analyst,1,[^not chosen],[^not chosen],[^not chosen],x,[^not chosen],1,[^not chosen],[^not chosen],[^not chosen],[^not chosen],[^not chosen],[^not chosen],Education,Social Sciences,1,x,[^not chosen],[^not chosen],[^not chosen],[^not chosen],[\unasked],[\unasked],[\unasked],[\unasked],[\unasked],0,[\unasked],[\unasked],[\unasked],[\unasked],[\unasked],Master’s (or similar graduate degree),3,x,[^not chosen],[^not chosen],[^not chosen],x,[^not chosen],x,[^not chosen],[^not chosen],[^not chosen],1,[^not chosen],[^not chosen],[^not chosen],[^not chosen],[^not chosen],[^not chosen],x,[^not chosen],[^not chosen],[^not chosen],I don’t know
wyPs,[^not chosen],x,[^not chosen],[^not chosen],[^not chosen],[^not chosen],[^not chosen],Hybrid,Hybrid,[\unasked],"Leadership (Manager, Director, VP, etc.)",1,x,[^not chosen],[^not chosen],[^not chosen],[^not chosen],2,[^not chosen],[^not chosen],x,[^not chosen],[^not chosen],[^not chosen],city government,[\unasked],0,[\unasked],[\unasked],[\unasked],[\unasked],[\unasked],[\unasked],[\unasked],[\unasked],[\unasked],[\unasked],0,[\unasked],[\unasked],[\unasked],[\unasked],[\unasked],Master’s (or similar graduate degree),1,[^not chosen],[^not chosen],[^not chosen],[^not chosen],[^not chosen],x,[^not chosen],[^not chosen],[^not chosen],[^not chosen],1,[^not chosen],[^not chosen],[^not chosen],[^not chosen],x,[^not chosen],[^not chosen],[^not chosen],[^not chosen],[^not chosen],No
GZpM,[^not chosen],x,[^not chosen],[^not chosen],[^not chosen],[^not chosen],[^not chosen],Hybrid,Hybrid,[\unasked],None of these describes my role,1,[^not chosen],[^not chosen],[^not chosen],x,[^not chosen],1,[^not chosen],[^not chosen],[^not chosen],[^not chosen],[^not chosen],[^not chosen],Education,[\unasked],0,[\unasked],[\unasked],[\unasked],[\unasked],[\unasked],[\unasked],[\unasked],[\unasked],[\unasked],[\unasked],0,[\unasked],[\unasked],[\unasked],[\unasked],[\unasked],"Doctoral degree (e.g., PhD, EdD, PsyD)",1,[^not chosen],[^not chosen],[^not chosen],[^not chosen],[^not chosen],[^not chosen],[^not chosen],[^not chosen],[^not chosen],Communications,1,[^not chosen],[^not chosen],x,[^not chosen],[^not chosen],[^not chosen],[^not chosen],[^not chosen],[^not chosen],[^not chosen],No
ruaW,x,[^not chosen],[^not chosen],[^not chosen],[^not chosen],[^not chosen],[^not chosen],Hybrid,Hybrid,Engineer,[\unasked],0,[\unasked],[\unasked],[\unasked],[\unasked],[\unasked],0,[\unasked],[\unasked],[\unasked],[\unasked],[\unasked],[\unasked],[\unasked],[\unasked],0,[\unasked],[\unasked],[\unasked],[\unasked],[\unasked],[\unasked],[\unasked],[\unasked],[\unasked],[\unasked],0,[\unasked],[\unasked],[\unasked],[\unasked],[\unasked],Master’s (or similar graduate degree),1,[^not chosen],[^not chosen],[^not chosen],[^not chosen],[^not chosen],x,[^not chosen],[^not chosen],[^not chosen],[^not chosen],1,[^not chosen],[^not chosen],[^not chosen],[^not chosen],[^not chosen],x,[^not chosen],[^not chosen],[^not chosen],[^not chosen],No
ADgS,[^not chosen],x,[^not chosen],[^not chosen],[^not chosen],[^not chosen],[^not chosen],Hybrid,Hybrid,[\unasked],None of these describes my role,1,x,[^not chosen],[^not chosen],[^not chosen],[^not chosen],1,[^not chosen],[^not chosen],[^not chosen],[^not chosen],[^not chosen],[^not chosen],Education,[\unasked],0,[\unasked],[\unasked],[\unasked],[\unasked],[\unasked],[\unasked],[\unasked],[\unasked],[\unasked],[\unasked],0,[\unasked],[\unasked],[\unasked],[\unasked],[\unasked],Master’s (or similar graduate degree),2,x,[^not chosen],[^not chosen],[^not chosen],[^not chosen],[^not chosen],x,[^not chosen],[^not chosen],[^not chosen],1,[^not chosen],[^not chosen],[^not chosen],[^not chosen],[^not chosen],[^not chosen],[^not chosen],[^not chosen],x,[^not chosen],No
Lryg,[^not chosen],x,[^not chosen],[^not chosen],[^not chosen],[^not chosen],[^not chosen],Hybrid,Hybrid,[\unasked],Analyst,3,x,[^not chosen],x,x,[^not chosen],1,[^not chosen],[^not chosen],[^not chosen],[^not chosen],[^not chosen],x,[^not chosen],[\unasked],0,[\unasked],[\unasked],[\unasked],[\unasked],[\unasked],[\unasked],[\unasked],[\unasked],[\unasked],[\unasked],0,[\unasked],[\unasked],[\unasked],[\unasked],[\unasked],Master’s (or similar graduate degree),1,[^not chosen],[^not chosen],[^not chosen],[^not chosen],x,[^not chosen],[^not chosen],[^not chosen],[^not chosen],[^not chosen],1,[^not chosen],[^not chosen],[^not chosen],[^not chosen],x,[^not chosen],[^not chosen],[^not chosen],[^not chosen],[^not chosen],No
lUvQ,[^not chosen],x,[^not chosen],[^not chosen],[^not chosen],[^not chosen],[^not chosen],Hybrid,Hybrid,[\unasked],None of these describes my role,1,x,[^not chosen],[^not chosen],[^not chosen],[^not chosen],1,[^not chosen],[^not chosen],[^not chosen],[^not chosen],[^not chosen],[^not chosen],Public Health,[\unasked],0,[\unasked],[\unasked],[\unasked],[\unasked],[\unasked],[\unasked],[\unasked],[\unasked],[\unasked],[\unasked],0,[\unasked],[\unasked],[\unasked],[\unasked],[\unasked],Master’s (or similar graduate degree),1,[^not chosen],[^not chosen],[^not chosen],x,[^not chosen],[^not chosen],[^not chosen],[^not chosen],[^not chosen],[^not chosen],1,[^not chosen],[^not chosen],[^not chosen],x,[^not chosen],[^not chosen],[^not chosen],[^not chosen],[^not chosen],[^not chosen],No
NAKw,[^not chosen],x,[^not chosen],[^not chosen],[^not chosen],[^not chosen],[^not chosen],Hybrid,Hybrid,[\unasked],Analyst,2,x,[^not chosen],[^not chosen],x,[^not chosen],1,[^not chosen],[^not chosen],[^not chosen],[^not chosen],[^not chosen],[^not chosen],Education,[\unasked],0,[\unasked],[\unasked],[\unasked],[\unasked],[\unasked],[\unasked],[\unasked],[\unasked],[\unasked],[\unasked],0,[\unasked],[\unasked],[\unasked],[\unasked],[\unasked],Master’s (or similar graduate degree),1,[^not chosen],[^not chosen],[^not chosen],[^not chosen],[^not chosen],[^not chosen],x,[^not chosen],[^not chosen],[^not chosen],1,[^not chosen],[^not chosen],[^not chosen],[^not chosen],[^not chosen],[^not chosen],[^not chosen],[^not chosen],[^not chosen],Museum and Field Studies,Yes
cUsY,[^not chosen],x,x,[^not chosen],[^not chosen],[^not chosen],[^not chosen],Hybrid,Hybrid,[\unasked],Analyst,1,[^not chosen],[^not chosen],x,[^not chosen],[^not chosen],1,[^not chosen],[^not chosen],[^not chosen],[^not chosen],[^not chosen],[^not chosen],Philanthropy,[\unasked],0,[\unasked],[\unasked],[\unasked],[\unasked],[\unasked],[\unasked],[\unasked],[\unasked],[\unasked],5 hours or less,4,Sometimes,Rarely,Never,Sometimes,Sometimes,Bachelor’s degree,1,x,[^not chosen],[^not chosen],[^not chosen],[^not chosen],[^not chosen],[^not chosen],[^not chosen],[^not chosen],[^not chosen],0,[^not chosen],[^not chosen],[^not chosen],[^not chosen],[^not chosen],[^not chosen],[^not chosen],[^not chosen],[^not chosen],[^not chosen],No
yzTy,[^not chosen],x,[^not chosen],[^not chosen],[^not chosen],[^not chosen],[^not chosen],On site (fully or mostly),Hybrid,[\unasked],Analyst,1,x,[^not chosen],[^not chosen],[^not chosen],[^not chosen],1,[^not chosen],[^not chosen],[^not chosen],[^not chosen],[^not chosen],[^not chosen],Criminal Justice,[\unasked],0,[\unasked],[\unasked],[\unasked],[\unasked],[\unasked],[\unasked],[\unasked],[\unasked],[\unasked],[\unasked],0,[\unasked],[\unasked],[\unasked],[\unasked],[\unasked],"Doctoral degree (e.g., PhD, EdD, PsyD)",2,[^not chosen],[^not chosen],[^not chosen],[^not chosen],x,[^not chosen],x,[^not chosen],[^not chosen],[^not chosen],2,[^not chosen],[^not chosen],[^not chosen],[^not chosen],x,[^not chosen],x,[^not chosen],[^not chosen],[^not chosen],No
avgz,[^not chosen],x,[^not chosen],[^not chosen],[^not chosen],[^not chosen],[^not chosen],On site (fully or mostly),Hybrid,[\unasked],Analyst,1,x,[^not chosen],[^not chosen],[^not chosen],[^not chosen],1,[^not chosen],x,[^not chosen],[^not chosen],[^not chosen],[^not chosen],[^not chosen],[\unasked],0,[\unasked],[\unasked],[\unasked],[\unasked],[\unasked],[\unasked],[\unasked],[\unasked],[\unasked],[\unasked],0,[\unasked],[\unasked],[\unasked],[\unasked],[\unasked],Master’s (or similar graduate degree),1,[^not chosen],[^not chosen],[^not chosen],[^not chosen],[^not chosen],[^not chosen],[^not chosen],[^not chosen],[^not chosen],Humanities - Journalism and Communication,1,[^not chosen],[^not chosen],[^not chosen],[^not chosen],[^not chosen],[^not chosen],[^not chosen],[^not chosen],[^not chosen],Health Education,No
pcEt,[^not chosen],x,[^not chosen],[^not chosen],[^not chosen],[^not chosen],[^not chosen],Hybrid,Hybrid,[\unasked],Analyst,2,x,[^not chosen],x,[^not chosen],[^not chosen],1,[^not chosen],[^not chosen],[^not chosen],[^not chosen],[^not chosen],x,[^not chosen],[\unasked],0,[\unasked],[\unasked],[\unasked],[\unasked],[\unasked],[\unasked],[\unasked],[\unasked],[\unasked],[\unasked],0,[\unasked],[\unasked],[\unasked],[\unasked],[\unasked],"Doctoral degree (e.g., PhD, EdD, PsyD)",1,[^not chosen],[^not chosen],[^not chosen],[^not chosen],[^not chosen],[^not chosen],x,[^not chosen],[^not chosen],[^not chosen],2,[^not chosen],[^not chosen],x,[^not chosen],[^not chosen],[^not chosen],x,[^not chosen],[^not chosen],[^not chosen],No
omOu,[^not chosen],x,[^not chosen],[^not chosen],[^not chosen],[^not chosen],[^not chosen],Hybrid,Hybrid,[\unasked],Analyst,1,x,[^not chosen],[^not chosen],[^not chosen],[^not chosen],1,[^not chosen],[^not chosen],[^not chosen],[^not chosen],[^not chosen],[^not chosen],Social services,[\unasked],0,[\unasked],[\unasked],[\unasked],[\unasked],[\unasked],[\unasked],[\unasked],[\unasked],[\unasked],[\unasked],0,[\unasked],[\unasked],[\unasked],[\unasked],[\unasked],Master’s (or similar graduate degree),1,x,[^not chosen],[^not chosen],[^not chosen],[^not chosen],[^not chosen],[^not chosen],[^not chosen],[^not chosen],[^not chosen],1,[^not chosen],[^not chosen],[^not chosen],[^not chosen],x,[^not chosen],[^not chosen],[^not chosen],[^not chosen],[^not chosen],No
NdXx,[^not chosen],x,[^not chosen],[^not chosen],[^not chosen],[^not chosen],[^not chosen],Hybrid,Hybrid,[\unasked],Analyst,1,[^not chosen],[^not chosen],x,[^not chosen],[^not chosen],1,[^not chosen],[^not chosen],[^not chosen],[^not chosen],[^not chosen],[^not chosen],social services; military services,[\unasked],0,[\unasked],[\unasked],[\unasked],[\unasked],[\unasked],[\unasked],[\unasked],[\unasked],[\unasked],[\unasked],0,[\unasked],[\unasked],[\unasked],[\unasked],[\unasked],"Doctoral degree (e.g., PhD, EdD, PsyD)",1,[^not chosen],[^not chosen],[^not chosen],[^not chosen],[^not chosen],x,[^not chosen],[^not chosen],[^not chosen],[^not chosen],2,[^not chosen],[^not chosen],[^not chosen],[^not chosen],x,x,[^not chosen],[^not chosen],[^not chosen],[^not chosen],Yes
Uysm,[^not chosen],[^not chosen],x,[^not chosen],[^not chosen],[^not chosen],[^not chosen],[^not answered],Hybrid,[\unasked],[\unasked],0,[\unasked],[\unasked],[\unasked],[\unasked],[\unasked],0,[\unasked],[\unasked],[\unasked],[\unasked],[\unasked],[\unasked],[\unasked],[\unasked],0,[\unasked],[\unasked],[\unasked],[\unasked],[\unasked],[\unasked],[\unasked],[\unasked],[\unasked],5 hours or less,2,Rarely,Never,Never,Never,Rarely,Master’s (or similar graduate degree),1,[^not chosen],[^not chosen],[^not chosen],[^not chosen],[^not chosen],x,[^not chosen],[^not chosen],[^not chosen],[^not chosen],1,[^not chosen],[^not chosen],[^not chosen],[^not chosen],[^not chosen],x,[^not chosen],[^not chosen],[^not chosen],[^not chosen],No
TRKI,[^not chosen],[^not chosen],[^not chosen],x,[^not chosen],[^not chosen],[^not chosen],Remote (fully or mostly),Hybrid,[\unasked],[\unasked],0,[\unasked],[\unasked],[\unasked],[\unasked],[\unasked],0,[\unasked],[\unasked],[\unasked],[\unasked],[\unasked],[\unasked],[\unasked],[\unasked],0,[\unasked],[\unasked],[\unasked],[\unasked],[\unasked],Part time,Graduate/Master’s,"Yes, in a required course",Data analysis and Visualization,[\unasked],0,[\unasked],[\unasked],[\unasked],[\unasked],[\unasked],Bachelor’s degree,1,[^not chosen],[^not chosen],[^not chosen],[^not chosen],x,[^not chosen],[^not chosen],[^not chosen],[^not chosen],[^not chosen],0,[^not chosen],[^not chosen],[^not chosen],[^not chosen],[^not chosen],[^not chosen],[^not chosen],[^not chosen],[^not chosen],[^not chosen],Yes
NUbL,[^not chosen],x,[^not chosen],[^not chosen],[^not chosen],[^not chosen],[^not chosen],Hybrid,Hybrid,[\unasked],Analyst,1,[^not chosen],x,[^not chosen],[^not chosen],[^not chosen],1,[^not chosen],[^not chosen],[^not chosen],[^not chosen],[^not chosen],[^not chosen],Transportation,[\unasked],0,[\unasked],[\unasked],[\unasked],[\unasked],[\unasked],[\unasked],[\unasked],[\unasked],[\unasked],[\unasked],0,[\unasked],[\unasked],[\unasked],[\unasked],[\unasked],Bachelor’s degree,1,[^not chosen],[^not chosen],[^not chosen],[^not chosen],[^not chosen],x,[^not chosen],[^not chosen],[^not chosen],[^not chosen],0,[^not chosen],[^not chosen],[^not chosen],[^not chosen],[^not chosen],[^not chosen],[^not chosen],[^not chosen],[^not chosen],[^not chosen],Yes
IgbP,[^not chosen],x,[^not chosen],[^not chosen],[^not chosen],[^not chosen],[^not chosen],Hybrid,Hybrid,[\unasked],"Leadership (Manager, Director, VP, etc.)",1,[^not chosen],[^not chosen],x,[^not chosen],[^not chosen],1,[^not chosen],x,[^not chosen],[^not chosen],[^not chosen],[^not chosen],[^not chosen],[\unasked],0,[\unasked],[\unasked],[\unasked],[\unasked],[\unasked],[\unasked],[\unasked],[\unasked],[\unasked],[\unasked],0,[\unasked],[\unasked],[\unasked],[\unasked],[\unasked],"Doctoral degree (e.g., PhD, EdD, PsyD)",1,[^not chosen],[^not chosen],[^not chosen],[^not chosen],[^not chosen],x,[^not chosen],[^not chosen],[^not chosen],[^not chosen],1,[^not chosen],[^not chosen],[^not chosen],[^not chosen],[^not chosen],x,[^not chosen],[^not chosen],[^not chosen],[^not chosen],Yes
amkR,[^not chosen],x,[^not chosen],[^not chosen],[^not chosen],[^not chosen],[^not chosen],Hybrid,Hybrid,[\unasked],Analyst,1,[^not chosen],x,[^not chosen],[^not chosen],[^not chosen],1,x,[^not chosen],[^not chosen],[^not chosen],[^not chosen],[^not chosen],[^not chosen],[\unasked],0,[\unasked],[\unasked],[\unasked],[\unasked],[\unasked],[\unasked],[\unasked],[\unasked],[\unasked],[\unasked],0,[\unasked],[\unasked],[\unasked],[\unasked],[\unasked],Master’s (or similar graduate degree),2,[^not chosen],x,[^not chosen],[^not chosen],[^not chosen],[^not chosen],x,[^not chosen],[^not chosen],[^not chosen],1,[^not chosen],x,[^not chosen],[^not chosen],[^not chosen],[^not chosen],[^not chosen],[^not chosen],[^not chosen],[^not chosen],No
QvhH,[^not chosen],x,[^not chosen],[^not chosen],[^not chosen],[^not chosen],[^not chosen],Remote (fully or mostly),Hybrid,[\unasked],Designer,1,[^not chosen],[^not chosen],x,[^not chosen],[^not chosen],1,[^not chosen],[^not chosen],[^not chosen],[^not chosen],[^not chosen],[^not chosen],Research,[\unasked],0,[\unasked],[\unasked],[\unasked],[\unasked],[\unasked],[\unasked],[\unasked],[\unasked],[\unasked],[\unasked],0,[\unasked],[\unasked],[\unasked],[\unasked],[\unasked],Master’s (or similar graduate degree),3,x,[^not chosen],[^not chosen],[^not chosen],[^not chosen],[^not chosen],x,[^not chosen],x,[^not chosen],1,[^not chosen],[^not chosen],[^not chosen],[^not chosen],[^not chosen],[^not chosen],[^not chosen],[^not chosen],[^not chosen],Data Visualization,Yes
dzhH,[^not chosen],x,[^not chosen],[^not chosen],[^not chosen],[^not chosen],[^not chosen],On site (fully or mostly),Hybrid,[\unasked],"Leadership (Manager, Director, VP, etc.)",1,[^not chosen],x,[^not chosen],[^not chosen],[^not chosen],1,[^not chosen],[^not chosen],x,[^not chosen],[^not chosen],[^not chosen],[^not chosen],[\unasked],0,[\unasked],[\unasked],[\unasked],[\unasked],[\unasked],[\unasked],[\unasked],[\unasked],[\unasked],[\unasked],0,[\unasked],[\unasked],[\unasked],[\unasked],[\unasked],Master’s (or similar graduate degree),3,[^not chosen],x,[^not chosen],[^not chosen],[^not chosen],x,[^not chosen],[^not chosen],x,[^not chosen],2,[^not chosen],[^not chosen],[^not chosen],[^not chosen],[^not chosen],x,[^not chosen],[^not chosen],x,[^not chosen],Yes
qwYR,[^not chosen],x,[^not chosen],[^not chosen],[^not chosen],[^not chosen],[^not chosen],Hybrid,Hybrid,[\unasked],Journalist,1,[^not chosen],[^not chosen],x,[^not chosen],[^not chosen],1,[^not chosen],[^not chosen],[^not chosen],x,[^not chosen],[^not chosen],[^not chosen],[\unasked],0,[\unasked],[\unasked],[\unasked],[\unasked],[\unasked],[\unasked],[\unasked],[\unasked],[\unasked],[\unasked],0,[\unasked],[\unasked],[\unasked],[\unasked],[\unasked],Master’s (or similar graduate degree),1,x,[^not chosen],[^not chosen],[^not chosen],[^not chosen],[^not chosen],[^not chosen],[^not chosen],[^not chosen],[^not chosen],1,x,[^not chosen],[^not chosen],[^not chosen],[^not chosen],[^not chosen],[^not chosen],[^not chosen],[^not chosen],[^not chosen],Yes
ZFYN,[^not chosen],x,[^not chosen],[^not chosen],[^not chosen],[^not chosen],[^not chosen],Hybrid,Hybrid,[\unasked],Designer,1,[^not chosen],x,[^not chosen],[^not chosen],[^not chosen],1,[^not chosen],x,[^not chosen],[^not chosen],[^not chosen],[^not chosen],[^not chosen],[\unasked],0,[\unasked],[\unasked],[\unasked],[\unasked],[\unasked],[\unasked],[\unasked],[\unasked],[\unasked],[\unasked],0,[\unasked],[\unasked],[\unasked],[\unasked],[\unasked],Bachelor’s degree,1,x,[^not chosen],[^not chosen],[^not chosen],[^not chosen],[^not chosen],[^not chosen],[^not chosen],[^not chosen],[^not chosen],0,[^not chosen],[^not chosen],[^not chosen],[^not chosen],[^not chosen],[^not chosen],[^not chosen],[^not chosen],[^not chosen],[^not chosen],Yes
mCRg,[^not chosen],x,[^not chosen],[^not chosen],[^not chosen],[^not chosen],[^not chosen],On site (fully or mostly),Hybrid,[\unasked],"Leadership (Manager, Director, VP, etc.)",1,[^not chosen],x,[^not chosen],[^not chosen],[^not chosen],1,[^not chosen],[^not chosen],[^not chosen],[^not chosen],[^not chosen],[^not chosen],Manufacturing,[\unasked],0,[\unasked],[\unasked],[\unasked],[\unasked],[\unasked],[\unasked],[\unasked],[\unasked],[\unasked],[\unasked],0,[\unasked],[\unasked],[\unasked],[\unasked],[\unasked],Bachelor’s degree,1,[^not chosen],x,[^not chosen],[^not chosen],[^not chosen],[^not chosen],[^not chosen],[^not chosen],[^not chosen],[^not chosen],0,[^not chosen],[^not chosen],[^not chosen],[^not chosen],[^not chosen],[^not chosen],[^not chosen],[^not chosen],[^not chosen],[^not chosen],No
HKGf,[^not chosen],[^not chosen],[^not chosen],[^not chosen],x,[^not chosen],[^not chosen],Hybrid,Hybrid,[\unasked],[\unasked],0,[\unasked],[\unasked],[\unasked],[\unasked],[\unasked],0,[\unasked],[\unasked],[\unasked],[\unasked],[\unasked],[\unasked],[\unasked],Arts and Humanities,2,[^not chosen],x,x,[^not chosen],[^not chosen],[\unasked],[\unasked],[\unasked],[\unasked],[\unasked],0,[\unasked],[\unasked],[\unasked],[\unasked],[\unasked],"Doctoral degree (e.g., PhD, EdD, PsyD)",2,[^not chosen],x,[^not chosen],[^not chosen],[^not chosen],[^not chosen],[^not chosen],[^not chosen],[^not chosen],Visual Communication,2,[^not chosen],x,[^not chosen],[^not chosen],[^not chosen],[^not chosen],[^not chosen],[^not chosen],[^not chosen],Consumer behavior; visual communication; history/theory of data vis,Yes
vAvn,[^not chosen],[^not chosen],[^not chosen],[^not chosen],x,[^not chosen],[^not chosen],Hybrid,Hybrid,[\unasked],[\unasked],0,[\unasked],[\unasked],[\unasked],[\unasked],[\unasked],0,[\unasked],[\unasked],[\unasked],[\unasked],[\unasked],[\unasked],[\unasked],Multi-/Interdisciplinary Studies,1,[^not chosen],[^not chosen],x,[^not chosen],[^not chosen],[\unasked],[\unasked],[\unasked],[\unasked],[\unasked],0,[\unasked],[\unasked],[\unasked],[\unasked],[\unasked],Master’s (or similar graduate degree),1,x,[^not chosen],[^not chosen],[^not chosen],[^not chosen],[^not chosen],[^not chosen],[^not chosen],[^not chosen],[^not chosen],1,x,[^not chosen],[^not chosen],[^not chosen],[^not chosen],[^not chosen],[^not chosen],[^not chosen],[^not chosen],[^not chosen],I don’t know
tVfi,[^not chosen],x,[^not chosen],[^not chosen],[^not chosen],[^not chosen],[^not chosen],Hybrid,Hybrid,[\unasked],"Leadership (Manager, Director, VP, etc.)",1,[^not chosen],[^not chosen],[^not chosen],x,[^not chosen],1,[^not chosen],x,[^not chosen],[^not chosen],[^not chosen],[^not chosen],[^not chosen],[\unasked],0,[\unasked],[\unasked],[\unasked],[\unasked],[\unasked],[\unasked],[\unasked],[\unasked],[\unasked],[\unasked],0,[\unasked],[\unasked],[\unasked],[\unasked],[\unasked],Master’s (or similar graduate degree),1,[^not chosen],[^not chosen],[^not chosen],[^not chosen],[^not chosen],x,[^not chosen],[^not chosen],[^not chosen],[^not chosen],2,[^not chosen],x,[^not chosen],[^not chosen],[^not chosen],x,[^not chosen],[^not chosen],[^not chosen],[^not chosen],Yes
FsKk,x,[^not chosen],[^not chosen],x,x,[^not chosen],[^not chosen],Hybrid,Hybrid,Engineer,[\unasked],0,[\unasked],[\unasked],[\unasked],[\unasked],[\unasked],0,[\unasked],[\unasked],[\unasked],[\unasked],[\unasked],[\unasked],[\unasked],"Science, Math, and Technology",3,x,x,x,[^not chosen],[^not chosen],Full time,PhD/Doctorate,"Yes, in an elective course",Computer Science,[\unasked],0,[\unasked],[\unasked],[\unasked],[\unasked],[\unasked],Bachelor’s degree,2,x,[^not chosen],[^not chosen],[^not chosen],[^not chosen],x,[^not chosen],[^not chosen],[^not chosen],[^not chosen],0,[^not chosen],[^not chosen],[^not chosen],[^not chosen],[^not chosen],[^not chosen],[^not chosen],[^not chosen],[^not chosen],[^not chosen],Yes
xfWz,[^not chosen],x,[^not chosen],[^not chosen],x,[^not chosen],[^not chosen],Remote (fully or mostly),Hybrid,[\unasked],Developer,1,[^not chosen],x,[^not chosen],[^not chosen],[^not chosen],1,x,[^not chosen],[^not chosen],[^not chosen],[^not chosen],[^not chosen],[^not chosen],"Science, Math, and Technology",1,[^not chosen],x,[^not chosen],[^not chosen],[^not chosen],[\unasked],[\unasked],[\unasked],[\unasked],[\unasked],0,[\unasked],[\unasked],[\unasked],[\unasked],[\unasked],Master’s (or similar graduate degree),1,[^not chosen],[^not chosen],[^not chosen],[^not chosen],[^not chosen],x,[^not chosen],[^not chosen],[^not chosen],[^not chosen],1,[^not chosen],[^not chosen],[^not chosen],[^not chosen],[^not chosen],x,[^not chosen],[^not chosen],[^not chosen],[^not chosen],No
phAo,[^not chosen],x,[^not chosen],[^not chosen],[^not chosen],[^not chosen],[^not chosen],Hybrid,Hybrid,[\unasked],Designer,3,x,x,x,[^not chosen],[^not chosen],1,[^not chosen],[^not chosen],[^not chosen],[^not chosen],[^not chosen],x,[^not chosen],[\unasked],0,[\unasked],[\unasked],[\unasked],[\unasked],[\unasked],[\unasked],[\unasked],[\unasked],[\unasked],[\unasked],0,[\unasked],[\unasked],[\unasked],[\unasked],[\unasked],Technical school,0,[^not chosen],[^not chosen],[^not chosen],[^not chosen],[^not chosen],[^not chosen],[^not chosen],[^not chosen],[^not chosen],[^not chosen],0,[^not chosen],[^not chosen],[^not chosen],[^not chosen],[^not chosen],[^not chosen],[^not chosen],[^not chosen],[^not chosen],[^not chosen],No
MMui,[^not chosen],x,[^not chosen],[^not chosen],[^not chosen],[^not chosen],[^not chosen],Hybrid,Hybrid,[\unasked],Analyst,1,[^not chosen],x,[^not chosen],[^not chosen],[^not chosen],1,[^not chosen],[^not chosen],x,[^not chosen],[^not chosen],[^not chosen],[^not chosen],[\unasked],0,[\unasked],[\unasked],[\unasked],[\unasked],[\unasked],[\unasked],[\unasked],[\unasked],[\unasked],[\unasked],0,[\unasked],[\unasked],[\unasked],[\unasked],[\unasked],Master’s (or similar graduate degree),1,[^not chosen],[^not chosen],[^not chosen],[^not chosen],[^not chosen],x,[^not chosen],[^not chosen],[^not chosen],[^not chosen],1,[^not chosen],[^not chosen],[^not chosen],[^not chosen],[^not chosen],x,[^not chosen],[^not chosen],[^not chosen],[^not chosen],No
ItHM,[^not chosen],x,[^not chosen],[^not chosen],[^not chosen],[^not chosen],[^not chosen],Hybrid,Hybrid,[\unasked],Analyst,2,x,[^not chosen],[^not chosen],x,[^not chosen],1,[^not chosen],x,[^not chosen],[^not chosen],[^not chosen],[^not chosen],[^not chosen],[\unasked],0,[\unasked],[\unasked],[\unasked],[\unasked],[\unasked],[\unasked],[\unasked],[\unasked],[\unasked],[\unasked],0,[\unasked],[\unasked],[\unasked],[\unasked],[\unasked],Master’s (or similar graduate degree),1,[^not chosen],[^not chosen],[^not chosen],[^not chosen],[^not chosen],x,[^not chosen],[^not chosen],[^not chosen],[^not chosen],2,[^not chosen],[^not chosen],[^not chosen],x,[^not chosen],x,[^not chosen],[^not chosen],[^not chosen],[^not chosen],Yes
HfZp,[^not chosen],x,[^not chosen],[^not chosen],x,[^not chosen],[^not chosen],On site (fully or mostly),Hybrid,[\unasked],"Leadership (Manager, Director, VP, etc.)",2,x,[^not chosen],[^not chosen],x,[^not chosen],2,[^not chosen],[^not chosen],x,[^not chosen],[^not chosen],[^not chosen],Research,Multi-/Interdisciplinary Studies,1,[^not chosen],x,[^not chosen],[^not chosen],[^not chosen],[\unasked],[\unasked],[\unasked],[\unasked],[\unasked],0,[\unasked],[\unasked],[\unasked],[\unasked],[\unasked],"Doctoral degree (e.g., PhD, EdD, PsyD)",2,[^not chosen],x,[^not chosen],[^not chosen],[^not chosen],[^not chosen],[^not chosen],[^not chosen],x,[^not chosen],1,[^not chosen],x,[^not chosen],[^not chosen],[^not chosen],[^not chosen],[^not chosen],[^not chosen],[^not chosen],[^not chosen],Yes
xEvZ,x,[^not chosen],[^not chosen],[^not chosen],[^not chosen],[^not chosen],[^not chosen],Hybrid,Hybrid,Analyst,[\unasked],0,[\unasked],[\unasked],[\unasked],[\unasked],[\unasked],0,[\unasked],[\unasked],[\unasked],[\unasked],[\unasked],[\unasked],[\unasked],[\unasked],0,[\unasked],[\unasked],[\unasked],[\unasked],[\unasked],[\unasked],[\unasked],[\unasked],[\unasked],[\unasked],0,[\unasked],[\unasked],[\unasked],[\unasked],[\unasked],Bachelor’s degree,1,[^not chosen],[^not chosen],[^not chosen],[^not chosen],[^not chosen],x,[^not chosen],[^not chosen],[^not chosen],[^not chosen],0,[^not chosen],[^not chosen],[^not chosen],[^not chosen],[^not chosen],[^not chosen],[^not chosen],[^not chosen],[^not chosen],[^not chosen],No
yEza,x,[^not chosen],[^not chosen],[^not chosen],[^not chosen],[^not chosen],[^not chosen],Remote (fully or mostly),Hybrid,Analyst,[\unasked],0,[\unasked],[\unasked],[\unasked],[\unasked],[\unasked],0,[\unasked],[\unasked],[\unasked],[\unasked],[\unasked],[\unasked],[\unasked],[\unasked],0,[\unasked],[\unasked],[\unasked],[\unasked],[\unasked],[\unasked],[\unasked],[\unasked],[\unasked],[\unasked],0,[\unasked],[\unasked],[\unasked],[\unasked],[\unasked],Master’s (or similar graduate degree),1,[^not chosen],x,[^not chosen],[^not chosen],[^not chosen],[^not chosen],[^not chosen],[^not chosen],[^not chosen],[^not chosen],1,[^not chosen],x,[^not chosen],[^not chosen],[^not chosen],[^not chosen],[^not chosen],[^not chosen],[^not chosen],[^not chosen],Yes
Autx,[^not chosen],[^not chosen],[^not chosen],[^not chosen],x,[^not chosen],[^not chosen],On site (fully or mostly),Hybrid,[\unasked],[\unasked],0,[\unasked],[\unasked],[\unasked],[\unasked],[\unasked],0,[\unasked],[\unasked],[\unasked],[\unasked],[\unasked],[\unasked],[\unasked],"Science, Math, and Technology",3,x,x,x,[^not chosen],[^not chosen],[\unasked],[\unasked],[\unasked],[\unasked],[\unasked],0,[\unasked],[\unasked],[\unasked],[\unasked],[\unasked],"Doctoral degree (e.g., PhD, EdD, PsyD)",1,[^not chosen],[^not chosen],[^not chosen],[^not chosen],[^not chosen],x,[^not chosen],[^not chosen],[^not chosen],[^not chosen],1,[^not chosen],[^not chosen],[^not chosen],[^not chosen],[^not chosen],x,[^not chosen],[^not chosen],[^not chosen],[^not chosen],Yes
AQrx,[^not chosen],x,[^not chosen],[^not chosen],[^not chosen],[^not chosen],[^not chosen],Hybrid,Hybrid,[\unasked],Engineer,1,[^not chosen],[^not chosen],x,[^not chosen],[^not chosen],1,[^not chosen],[^not chosen],[^not chosen],[^not chosen],[^not chosen],[^not chosen],scientific research,[\unasked],0,[\unasked],[\unasked],[\unasked],[\unasked],[\unasked],[\unasked],[\unasked],[\unasked],[\unasked],[\unasked],0,[\unasked],[\unasked],[\unasked],[\unasked],[\unasked],"Doctoral degree (e.g., PhD, EdD, PsyD)",1,[^not chosen],[^not chosen],[^not chosen],[^not chosen],[^not chosen],x,[^not chosen],[^not chosen],[^not chosen],[^not chosen],1,[^not chosen],[^not chosen],[^not chosen],[^not chosen],[^not chosen],x,[^not chosen],[^not chosen],[^not chosen],[^not chosen],Yes
LwjP,[^not chosen],x,[^not chosen],[^not chosen],[^not chosen],[^not chosen],[^not chosen],On site (fully or mostly),Hybrid,[\unasked],Journalist,1,[^not chosen],x,[^not chosen],[^not chosen],[^not chosen],1,[^not chosen],[^not chosen],[^not chosen],x,[^not chosen],[^not chosen],[^not chosen],[\unasked],0,[\unasked],[\unasked],[\unasked],[\unasked],[\unasked],[\unasked],[\unasked],[\unasked],[\unasked],[\unasked],0,[\unasked],[\unasked],[\unasked],[\unasked],[\unasked],"Doctoral degree (e.g., PhD, EdD, PsyD)",1,[^not chosen],[^not chosen],[^not chosen],[^not chosen],[^not chosen],x,[^not chosen],[^not chosen],[^not chosen],[^not chosen],1,[^not chosen],[^not chosen],[^not chosen],[^not chosen],[^not chosen],x,[^not chosen],[^not chosen],[^not chosen],[^not chosen],No
cusU,[^not chosen],x,[^not chosen],[^not chosen],[^not chosen],[^not chosen],[^not chosen],Remote (fully or mostly),Hybrid,[\unasked],Developer,1,[^not chosen],x,[^not chosen],[^not chosen],[^not chosen],1,[^not chosen],[^not chosen],[^not chosen],[^not chosen],[^not chosen],[^not chosen],Mobile Games,[\unasked],0,[\unasked],[\unasked],[\unasked],[\unasked],[\unasked],[\unasked],[\unasked],[\unasked],[\unasked],[\unasked],0,[\unasked],[\unasked],[\unasked],[\unasked],[\unasked],"Doctoral degree (e.g., PhD, EdD, PsyD)",1,x,[^not chosen],[^not chosen],[^not chosen],[^not chosen],[^not chosen],[^not chosen],[^not chosen],[^not chosen],[^not chosen],1,x,[^not chosen],[^not chosen],[^not chosen],[^not chosen],[^not chosen],[^not chosen],[^not chosen],[^not chosen],[^not chosen],Yes
eHLX,[^not chosen],x,[^not chosen],[^not chosen],[^not chosen],[^not chosen],[^not chosen],Hybrid,Hybrid,[\unasked],Analyst,1,[^not chosen],[^not chosen],x,[^not chosen],[^not chosen],1,[^not chosen],x,[^not chosen],[^not chosen],[^not chosen],[^not chosen],[^not chosen],[\unasked],0,[\unasked],[\unasked],[\unasked],[\unasked],[\unasked],[\unasked],[\unasked],[\unasked],[\unasked],[\unasked],0,[\unasked],[\unasked],[\unasked],[\unasked],[\unasked],Bachelor’s degree,1,[^not chosen],[^not chosen],[^not chosen],[^not chosen],[^not chosen],[^not chosen],x,[^not chosen],[^not chosen],[^not chosen],0,[^not chosen],[^not chosen],[^not chosen],[^not chosen],[^not chosen],[^not chosen],[^not chosen],[^not chosen],[^not chosen],[^not chosen],No
xhuK,[^not chosen],x,[^not chosen],[^not chosen],x,[^not chosen],[^not chosen],Hybrid,Hybrid,[\unasked],Analyst,1,[^not chosen],[^not chosen],[^not chosen],x,[^not chosen],0,[^not chosen],[^not chosen],[^not chosen],[^not chosen],[^not chosen],[^not chosen],[^not chosen],"Science, Math, and Technology",1,[^not chosen],[^not chosen],[^not chosen],x,[^not chosen],[\unasked],[\unasked],[\unasked],[\unasked],[\unasked],0,[\unasked],[\unasked],[\unasked],[\unasked],[\unasked],"Doctoral degree (e.g., PhD, EdD, PsyD)",1,[^not chosen],[^not chosen],[^not chosen],[^not chosen],[^not chosen],x,[^not chosen],[^not chosen],[^not chosen],[^not chosen],1,[^not chosen],[^not chosen],[^not chosen],[^not chosen],[^not chosen],x,[^not chosen],[^not chosen],[^not chosen],[^not chosen],Yes
EyFU,[^not chosen],x,[^not chosen],[^not chosen],[^not chosen],[^not chosen],[^not chosen],Hybrid,Hybrid,[\unasked],Analyst,1,[^not chosen],x,[^not chosen],[^not chosen],[^not chosen],1,[^not chosen],[^not chosen],x,[^not chosen],[^not chosen],[^not chosen],[^not chosen],[\unasked],0,[\unasked],[\unasked],[\unasked],[\unasked],[\unasked],[\unasked],[\unasked],[\unasked],[\unasked],[\unasked],0,[\unasked],[\unasked],[\unasked],[\unasked],[\unasked],Master’s (or similar graduate degree),0,[^not chosen],[^not chosen],[^not chosen],[^not chosen],[^not chosen],[^not chosen],[^not chosen],[^not chosen],[^not chosen],[^not chosen],0,[^not chosen],[^not chosen],[^not chosen],[^not chosen],[^not chosen],[^not chosen],[^not chosen],[^not chosen],[^not chosen],[^not chosen],Yes
jwkA,x,[^not chosen],[^not chosen],[^not chosen],[^not chosen],[^not chosen],[^not chosen],Remote (fully or mostly),Hybrid,Designer,[\unasked],0,[\unasked],[\unasked],[\unasked],[\unasked],[\unasked],0,[\unasked],[\unasked],[\unasked],[\unasked],[\unasked],[\unasked],[\unasked],[\unasked],0,[\unasked],[\unasked],[\unasked],[\unasked],[\unasked],[\unasked],[\unasked],[\unasked],[\unasked],[\unasked],0,[\unasked],[\unasked],[\unasked],[\unasked],[\unasked],Master’s (or similar graduate degree),1,x,[^not chosen],[^not chosen],[^not chosen],[^not chosen],[^not chosen],[^not chosen],[^not chosen],[^not chosen],[^not chosen],1,x,[^not chosen],[^not chosen],[^not chosen],[^not chosen],[^not chosen],[^not chosen],[^not chosen],[^not chosen],[^not chosen],Yes
EtYQ,[^not chosen],x,[^not chosen],[^not chosen],[^not chosen],[^not chosen],[^not chosen],Hybrid,Hybrid,[\unasked],Analyst,1,[^not chosen],x,[^not chosen],[^not chosen],[^not chosen],3,x,x,[^not chosen],[^not chosen],[^not chosen],[^not chosen],Retail,[\unasked],0,[\unasked],[\unasked],[\unasked],[\unasked],[\unasked],[\unasked],[\unasked],[\unasked],[\unasked],[\unasked],0,[\unasked],[\unasked],[\unasked],[\unasked],[\unasked],Bachelor’s degree,1,[^not chosen],[^not chosen],[^not chosen],[^not chosen],[^not chosen],x,[^not chosen],[^not chosen],[^not chosen],[^not chosen],0,[^not chosen],[^not chosen],[^not chosen],[^not chosen],[^not chosen],[^not chosen],[^not chosen],[^not chosen],[^not chosen],[^not chosen],Yes
lGKT,[^not chosen],x,[^not chosen],[^not chosen],[^not chosen],[^not chosen],[^not chosen],On site (fully or mostly),Hybrid,[\unasked],Scientist,1,x,[^not chosen],[^not chosen],[^not chosen],[^not chosen],1,[^not chosen],[^not chosen],[^not chosen],[^not chosen],[^not chosen],[^not chosen],Energy,[\unasked],0,[\unasked],[\unasked],[\unasked],[\unasked],[\unasked],[\unasked],[\unasked],[\unasked],[\unasked],[\unasked],0,[\unasked],[\unasked],[\unasked],[\unasked],[\unasked],"Doctoral degree (e.g., PhD, EdD, PsyD)",1,[^not chosen],[^not chosen],[^not chosen],[^not chosen],[^not chosen],x,[^not chosen],[^not chosen],[^not chosen],[^not chosen],1,[^not chosen],[^not chosen],[^not chosen],[^not chosen],[^not chosen],x,[^not chosen],[^not chosen],[^not chosen],[^not chosen],Yes
FNRm,x,[^not chosen],[^not chosen],[^not chosen],[^not chosen],[^not chosen],[^not chosen],Remote (fully or mostly),Hybrid,Designer,[\unasked],0,[\unasked],[\unasked],[\unasked],[\unasked],[\unasked],0,[\unasked],[\unasked],[\unasked],[\unasked],[\unasked],[\unasked],[\unasked],[\unasked],0,[\unasked],[\unasked],[\unasked],[\unasked],[\unasked],[\unasked],[\unasked],[\unasked],[\unasked],[\unasked],0,[\unasked],[\unasked],[\unasked],[\unasked],[\unasked],Master’s (or similar graduate degree),1,x,[^not chosen],[^not chosen],[^not chosen],[^not chosen],[^not chosen],[^not chosen],[^not chosen],[^not chosen],[^not chosen],1,x,[^not chosen],[^not chosen],[^not chosen],[^not chosen],[^not chosen],[^not chosen],[^not chosen],[^not chosen],[^not chosen],No
JyIk,[^not chosen],x,[^not chosen],[^not chosen],[^not chosen],[^not chosen],[^not chosen],Hybrid,Hybrid,[\unasked],Scientist,2,x,[^not chosen],[^not chosen],x,[^not chosen],1,[^not chosen],[^not chosen],[^not chosen],[^not chosen],[^not chosen],[^not chosen],Other (please specify and use semicolons (;) to separate distinct items),[\unasked],0,[\unasked],[\unasked],[\unasked],[\unasked],[\unasked],[\unasked],[\unasked],[\unasked],[\unasked],[\unasked],0,[\unasked],[\unasked],[\unasked],[\unasked],[\unasked],Master’s (or similar graduate degree),1,[^not chosen],[^not chosen],[^not chosen],[^not chosen],[^not chosen],x,[^not chosen],[^not chosen],[^not chosen],[^not chosen],1,[^not chosen],[^not chosen],[^not chosen],[^not chosen],[^not chosen],x,[^not chosen],[^not chosen],[^not chosen],[^not chosen],Yes
XVDp,[^not chosen],x,[^not chosen],[^not chosen],[^not chosen],[^not chosen],[^not chosen],Hybrid,Hybrid,[\unasked],Analyst,1,[^not chosen],x,[^not chosen],[^not chosen],[^not chosen],1,[^not chosen],[^not chosen],[^not chosen],[^not chosen],[^not chosen],[^not chosen],Forwarding (Logistics),[\unasked],0,[\unasked],[\unasked],[\unasked],[\unasked],[\unasked],[\unasked],[\unasked],[\unasked],[\unasked],[\unasked],0,[\unasked],[\unasked],[\unasked],[\unasked],[\unasked],Master’s (or similar graduate degree),2,[^not chosen],x,[^not chosen],[^not chosen],[^not chosen],[^not chosen],x,[^not chosen],[^not chosen],[^not chosen],2,[^not chosen],x,[^not chosen],[^not chosen],[^not chosen],[^not chosen],x,[^not chosen],[^not chosen],[^not chosen],No
PVJX,[^not chosen],x,[^not chosen],[^not chosen],[^not chosen],[^not chosen],[^not chosen],Hybrid,Hybrid,[\unasked],Engineer,1,[^not chosen],x,[^not chosen],[^not chosen],[^not chosen],1,[^not chosen],[^not chosen],x,[^not chosen],[^not chosen],[^not chosen],[^not chosen],[\unasked],0,[\unasked],[\unasked],[\unasked],[\unasked],[\unasked],[\unasked],[\unasked],[\unasked],[\unasked],[\unasked],0,[\unasked],[\unasked],[\unasked],[\unasked],[\unasked],Some college,1,[^not chosen],[^not chosen],[^not chosen],[^not chosen],[^not chosen],x,[^not chosen],[^not chosen],[^not chosen],[^not chosen],0,[^not chosen],[^not chosen],[^not chosen],[^not chosen],[^not chosen],[^not chosen],[^not chosen],[^not chosen],[^not chosen],[^not chosen],No
tAgJ,[^not chosen],x,[^not chosen],[^not chosen],[^not chosen],[^not chosen],[^not chosen],Hybrid,Hybrid,[\unasked],None of these describes my role,1,[^not chosen],x,[^not chosen],[^not chosen],[^not chosen],1,[^not chosen],[^not chosen],x,[^not chosen],[^not chosen],[^not chosen],[^not chosen],[\unasked],0,[\unasked],[\unasked],[\unasked],[\unasked],[\unasked],[\unasked],[\unasked],[\unasked],[\unasked],[\unasked],0,[\unasked],[\unasked],[\unasked],[\unasked],[\unasked],Master’s (or similar graduate degree),1,[^not chosen],[^not chosen],[^not chosen],[^not chosen],[^not chosen],x,[^not chosen],[^not chosen],[^not chosen],[^not chosen],1,[^not chosen],[^not chosen],[^not chosen],[^not chosen],[^not chosen],x,[^not chosen],[^not chosen],[^not chosen],[^not chosen],No
OzJb,x,[^not chosen],[^not chosen],[^not chosen],[^not chosen],[^not chosen],[^not chosen],Hybrid,Hybrid,Analyst,[\unasked],0,[\unasked],[\unasked],[\unasked],[\unasked],[\unasked],0,[\unasked],[\unasked],[\unasked],[\unasked],[\unasked],[\unasked],[\unasked],[\unasked],0,[\unasked],[\unasked],[\unasked],[\unasked],[\unasked],[\unasked],[\unasked],[\unasked],[\unasked],[\unasked],0,[\unasked],[\unasked],[\unasked],[\unasked],[\unasked],Master’s (or similar graduate degree),1,[^not chosen],[^not chosen],[^not chosen],[^not chosen],[^not chosen],[^not chosen],[^not chosen],[^not chosen],[^not chosen],Communication and design,1,[^not chosen],[^not chosen],[^not chosen],[^not chosen],[^not chosen],x,[^not chosen],[^not chosen],[^not chosen],[^not chosen],Yes
rjoj,[^not chosen],[^not chosen],[^not chosen],[^not chosen],x,[^not chosen],[^not chosen],On site (fully or mostly),Hybrid,[\unasked],[\unasked],0,[\unasked],[\unasked],[\unasked],[\unasked],[\unasked],0,[\unasked],[\unasked],[\unasked],[\unasked],[\unasked],[\unasked],[\unasked],Arts and Humanities,2,[^not chosen],x,x,[^not chosen],[^not chosen],[\unasked],[\unasked],[\unasked],[\unasked],[\unasked],0,[\unasked],[\unasked],[\unasked],[\unasked],[\unasked],"Doctoral degree (e.g., PhD, EdD, PsyD)",0,[^not chosen],[^not chosen],[^not chosen],[^not chosen],[^not chosen],[^not chosen],[^not chosen],[^not chosen],[^not chosen],[^not chosen],1,[^not chosen],[^not chosen],[^not chosen],[^not chosen],[^not chosen],[^not chosen],[^not chosen],[^not chosen],[^not chosen],Design,Yes
PsRl,[^not chosen],x,[^not chosen],[^not chosen],[^not chosen],[^not chosen],[^not chosen],Hybrid,Hybrid,[\unasked],Analyst,1,[^not chosen],x,[^not chosen],[^not chosen],[^not chosen],1,[^not chosen],[^not chosen],x,[^not chosen],[^not chosen],[^not chosen],[^not chosen],[\unasked],0,[\unasked],[\unasked],[\unasked],[\unasked],[\unasked],[\unasked],[\unasked],[\unasked],[\unasked],[\unasked],0,[\unasked],[\unasked],[\unasked],[\unasked],[\unasked],Master’s (or similar graduate degree),1,[^not chosen],[^not chosen],[^not chosen],[^not chosen],[^not chosen],[^not chosen],[^not chosen],[^not chosen],x,[^not chosen],2,[^not chosen],[^not chosen],[^not chosen],[^not chosen],[^not chosen],[^not chosen],x,x,[^not chosen],[^not chosen],Yes
eoXF,[^not chosen],x,[^not chosen],[^not chosen],[^not chosen],[^not chosen],[^not chosen],Hybrid,Hybrid,[\unasked],"Leadership (Manager, Director, VP, etc.)",1,[^not chosen],x,[^not chosen],[^not chosen],[^not chosen],1,x,[^not chosen],[^not chosen],[^not chosen],[^not chosen],[^not chosen],[^not chosen],[\unasked],0,[\unasked],[\unasked],[\unasked],[\unasked],[\unasked],[\unasked],[\unasked],[\unasked],[\unasked],[\unasked],0,[\unasked],[\unasked],[\unasked],[\unasked],[\unasked],Bachelor’s degree,1,[^not chosen],[^not chosen],[^not chosen],[^not chosen],[^not chosen],[^not chosen],[^not chosen],[^not chosen],[^not chosen],English Honours,0,[^not chosen],[^not chosen],[^not chosen],[^not chosen],[^not chosen],[^not chosen],[^not chosen],[^not chosen],[^not chosen],[^not chosen],Yes
cTTA,[^not chosen],x,[^not chosen],[^not chosen],[^not chosen],[^not chosen],[^not chosen],Remote (fully or mostly),Hybrid,[\unasked],"Leadership (Manager, Director, VP, etc.)",1,[^not chosen],x,[^not chosen],[^not chosen],[^not chosen],1,[^not chosen],[^not chosen],x,[^not chosen],[^not chosen],[^not chosen],[^not chosen],[\unasked],0,[\unasked],[\unasked],[\unasked],[\unasked],[\unasked],[\unasked],[\unasked],[\unasked],[\unasked],[\unasked],0,[\unasked],[\unasked],[\unasked],[\unasked],[\unasked],Master’s (or similar graduate degree),1,[^not chosen],[^not chosen],[^not chosen],[^not chosen],[^not chosen],x,[^not chosen],[^not chosen],[^not chosen],[^not chosen],2,[^not chosen],x,[^not chosen],[^not chosen],[^not chosen],x,[^not chosen],[^not chosen],[^not chosen],[^not chosen],I don’t know
DGIH,[^not chosen],x,[^not chosen],[^not chosen],[^not chosen],[^not chosen],[^not chosen],Hybrid,Hybrid,[\unasked],Analyst,1,[^not chosen],x,[^not chosen],[^not chosen],[^not chosen],1,[^not chosen],[^not chosen],x,[^not chosen],[^not chosen],[^not chosen],[^not chosen],[\unasked],0,[\unasked],[\unasked],[\unasked],[\unasked],[\unasked],[\unasked],[\unasked],[\unasked],[\unasked],[\unasked],0,[\unasked],[\unasked],[\unasked],[\unasked],[\unasked],Master’s (or similar graduate degree),1,[^not chosen],[^not chosen],[^not chosen],[^not chosen],[^not chosen],x,[^not chosen],[^not chosen],[^not chosen],[^not chosen],1,[^not chosen],[^not chosen],[^not chosen],[^not chosen],[^not chosen],x,[^not chosen],[^not chosen],[^not chosen],[^not chosen],I don’t know
kmHg,x,[^not chosen],[^not chosen],[^not chosen],[^not chosen],[^not chosen],[^not chosen],Remote (fully or mostly),Hybrid,None of these describes my role,[\unasked],0,[\unasked],[\unasked],[\unasked],[\unasked],[\unasked],0,[\unasked],[\unasked],[\unasked],[\unasked],[\unasked],[\unasked],[\unasked],[\unasked],0,[\unasked],[\unasked],[\unasked],[\unasked],[\unasked],[\unasked],[\unasked],[\unasked],[\unasked],[\unasked],0,[\unasked],[\unasked],[\unasked],[\unasked],[\unasked],"Doctoral degree (e.g., PhD, EdD, PsyD)",1,x,[^not chosen],[^not chosen],[^not chosen],[^not chosen],[^not chosen],[^not chosen],[^not chosen],[^not chosen],[^not chosen],1,[^not chosen],[^not chosen],[^not chosen],[^not chosen],[^not chosen],[^not chosen],x,[^not chosen],[^not chosen],[^not chosen],Yes
PkBv,[^not chosen],x,[^not chosen],[^not chosen],[^not chosen],[^not chosen],[^not chosen],Hybrid,Hybrid,[\unasked],Designer,1,[^not chosen],[^not chosen],[^not chosen],[^not chosen],Public Broadcasting,1,[^not chosen],[^not chosen],[^not chosen],x,[^not chosen],[^not chosen],[^not chosen],[\unasked],0,[\unasked],[\unasked],[\unasked],[\unasked],[\unasked],[\unasked],[\unasked],[\unasked],[\unasked],[\unasked],0,[\unasked],[\unasked],[\unasked],[\unasked],[\unasked],Bachelor’s degree,3,x,[^not chosen],[^not chosen],[^not chosen],[^not chosen],x,[^not chosen],[^not chosen],x,[^not chosen],0,[^not chosen],[^not chosen],[^not chosen],[^not chosen],[^not chosen],[^not chosen],[^not chosen],[^not chosen],[^not chosen],[^not chosen],No
iyUm,[^not chosen],[^not chosen],[^not chosen],[^not chosen],x,[^not chosen],[^not chosen],Hybrid,Hybrid,[\unasked],[\unasked],0,[\unasked],[\unasked],[\unasked],[\unasked],[\unasked],0,[\unasked],[\unasked],[\unasked],[\unasked],[\unasked],[\unasked],[\unasked],"Science, Math, and Technology",2,x,[^not chosen],[^not chosen],x,[^not chosen],[\unasked],[\unasked],[\unasked],[\unasked],[\unasked],0,[\unasked],[\unasked],[\unasked],[\unasked],[\unasked],"Doctoral degree (e.g., PhD, EdD, PsyD)",1,[^not chosen],[^not chosen],[^not chosen],[^not chosen],[^not chosen],x,[^not chosen],[^not chosen],[^not chosen],[^not chosen],1,[^not chosen],[^not chosen],[^not chosen],[^not chosen],[^not chosen],x,[^not chosen],[^not chosen],[^not chosen],[^not chosen],Yes
QoRu,[^not chosen],x,[^not chosen],[^not chosen],[^not chosen],[^not chosen],[^not chosen],Hybrid,Hybrid,[\unasked],Analyst,1,[^not chosen],x,[^not chosen],[^not chosen],[^not chosen],1,[^not chosen],[^not chosen],[^not chosen],[^not chosen],[^not chosen],[^not chosen],Arts and Cultural,[\unasked],0,[\unasked],[\unasked],[\unasked],[\unasked],[\unasked],[\unasked],[\unasked],[\unasked],[\unasked],[\unasked],0,[\unasked],[\unasked],[\unasked],[\unasked],[\unasked],"Doctoral degree (e.g., PhD, EdD, PsyD)",1,[^not chosen],[^not chosen],[^not chosen],[^not chosen],[^not chosen],x,[^not chosen],[^not chosen],[^not chosen],[^not chosen],1,[^not chosen],[^not chosen],[^not chosen],[^not chosen],[^not chosen],x,[^not chosen],[^not chosen],[^not chosen],[^not chosen],No
hmAg,[^not chosen],x,[^not chosen],[^not chosen],[^not chosen],[^not chosen],[^not chosen],Remote (fully or mostly),Hybrid,[\unasked],Scientist,1,[^not chosen],x,[^not chosen],[^not chosen],[^not chosen],1,[^not chosen],[^not chosen],[^not chosen],[^not chosen],[^not chosen],[^not chosen],Software; Digital coaching,[\unasked],0,[\unasked],[\unasked],[\unasked],[\unasked],[\unasked],[\unasked],[\unasked],[\unasked],[\unasked],[\unasked],0,[\unasked],[\unasked],[\unasked],[\unasked],[\unasked],"Doctoral degree (e.g., PhD, EdD, PsyD)",2,[^not chosen],[^not chosen],[^not chosen],[^not chosen],[^not chosen],x,x,[^not chosen],[^not chosen],[^not chosen],2,[^not chosen],[^not chosen],[^not chosen],[^not chosen],[^not chosen],x,x,[^not chosen],[^not chosen],[^not chosen],Yes
Oeoc,[^not chosen],[^not chosen],[^not chosen],[^not chosen],x,[^not chosen],[^not chosen],Hybrid,Hybrid,[\unasked],[\unasked],0,[\unasked],[\unasked],[\unasked],[\unasked],[\unasked],0,[\unasked],[\unasked],[\unasked],[\unasked],[\unasked],[\unasked],[\unasked],Social Sciences,1,x,[^not chosen],[^not chosen],[^not chosen],[^not chosen],[\unasked],[\unasked],[\unasked],[\unasked],[\unasked],0,[\unasked],[\unasked],[\unasked],[\unasked],[\unasked],"Doctoral degree (e.g., PhD, EdD, PsyD)",1,[^not chosen],[^not chosen],[^not chosen],[^not chosen],[^not chosen],[^not chosen],x,[^not chosen],[^not chosen],[^not chosen],1,[^not chosen],[^not chosen],[^not chosen],[^not chosen],[^not chosen],[^not chosen],x,[^not chosen],[^not chosen],[^not chosen],Yes
nUqg,[^not chosen],x,[^not chosen],[^not chosen],[^not chosen],[^not chosen],[^not chosen],Hybrid,Hybrid,[\unasked],"Leadership (Manager, Director, VP, etc.)",1,[^not chosen],[^not chosen],x,[^not chosen],[^not chosen],3,[^not chosen],x,[^not chosen],x,[^not chosen],[^not chosen],Economics; Justice; Education; Social Science,[\unasked],0,[\unasked],[\unasked],[\unasked],[\unasked],[\unasked],[\unasked],[\unasked],[\unasked],[\unasked],[\unasked],0,[\unasked],[\unasked],[\unasked],[\unasked],[\unasked],"Doctoral degree (e.g., PhD, EdD, PsyD)",1,[^not chosen],[^not chosen],[^not chosen],[^not chosen],[^not chosen],x,[^not chosen],[^not chosen],[^not chosen],[^not chosen],1,[^not chosen],[^not chosen],[^not chosen],[^not chosen],[^not chosen],x,[^not chosen],[^not chosen],[^not chosen],[^not chosen],Yes
FuTb,[^not chosen],x,[^not chosen],[^not chosen],[^not chosen],[^not chosen],[^not chosen],Hybrid,Hybrid,[\unasked],Analyst,1,[^not chosen],x,[^not chosen],[^not chosen],[^not chosen],1,[^not chosen],[^not chosen],[^not chosen],[^not chosen],[^not chosen],[^not chosen],Travel/Tourism,[\unasked],0,[\unasked],[\unasked],[\unasked],[\unasked],[\unasked],[\unasked],[\unasked],[\unasked],[\unasked],[\unasked],0,[\unasked],[\unasked],[\unasked],[\unasked],[\unasked],Master’s (or similar graduate degree),1,[^not chosen],[^not chosen],[^not chosen],[^not chosen],[^not chosen],[^not chosen],[^not chosen],[^not chosen],[^not chosen],Architecture,1,[^not chosen],[^not chosen],[^not chosen],[^not chosen],[^not chosen],x,[^not chosen],[^not chosen],[^not chosen],[^not chosen],Yes
yznw,[^not chosen],x,x,[^not chosen],[^not chosen],[^not chosen],[^not chosen],Hybrid,Hybrid,[\unasked],None of these describes my role,1,[^not chosen],x,[^not chosen],[^not chosen],[^not chosen],1,[^not chosen],[^not chosen],x,[^not chosen],[^not chosen],[^not chosen],[^not chosen],[\unasked],0,[\unasked],[\unasked],[\unasked],[\unasked],[\unasked],[\unasked],[\unasked],[\unasked],[\unasked],5 hours or less,5,Often,Rarely,Sometimes,Often,Often,Bachelor’s degree,1,[^not chosen],[^not chosen],[^not chosen],[^not chosen],[^not chosen],x,[^not chosen],[^not chosen],[^not chosen],[^not chosen],0,[^not chosen],[^not chosen],[^not chosen],[^not chosen],[^not chosen],[^not chosen],[^not chosen],[^not chosen],[^not chosen],[^not chosen],No
WBGV,[^not chosen],x,[^not chosen],[^not chosen],[^not chosen],[^not chosen],[^not chosen],On site (fully or mostly),Hybrid,[\unasked],"Leadership (Manager, Director, VP, etc.)",1,[^not chosen],x,[^not chosen],[^not chosen],[^not chosen],1,[^not chosen],[^not chosen],[^not chosen],x,[^not chosen],[^not chosen],[^not chosen],[\unasked],0,[\unasked],[\unasked],[\unasked],[\unasked],[\unasked],[\unasked],[\unasked],[\unasked],[\unasked],[\unasked],0,[\unasked],[\unasked],[\unasked],[\unasked],[\unasked],Master’s (or similar graduate degree),1,x,[^not chosen],[^not chosen],[^not chosen],[^not chosen],[^not chosen],[^not chosen],[^not chosen],[^not chosen],[^not chosen],1,[^not chosen],[^not chosen],[^not chosen],[^not chosen],[^not chosen],[^not chosen],[^not chosen],[^not chosen],[^not chosen],Visual comunication,Yes
McYJ,[^not chosen],[^not chosen],[^not chosen],x,[^not chosen],[^not chosen],[^not chosen],Hybrid,Hybrid,[\unasked],[\unasked],0,[\unasked],[\unasked],[\unasked],[\unasked],[\unasked],0,[\unasked],[\unasked],[\unasked],[\unasked],[\unasked],[\unasked],[\unasked],[\unasked],0,[\unasked],[\unasked],[\unasked],[\unasked],[\unasked],Full time,PhD/Doctorate,No,Visualization,[\unasked],0,[\unasked],[\unasked],[\unasked],[\unasked],[\unasked],Master’s (or similar graduate degree),2,[^not chosen],[^not chosen],[^not chosen],[^not chosen],[^not chosen],x,[^not chosen],[^not chosen],x,[^not chosen],2,[^not chosen],[^not chosen],[^not chosen],[^not chosen],[^not chosen],x,[^not chosen],[^not chosen],x,[^not chosen],Yes
KwfP,[^not chosen],x,[^not chosen],[^not chosen],[^not chosen],[^not chosen],[^not chosen],Hybrid,Hybrid,[\unasked],Analyst,1,x,[^not chosen],[^not chosen],[^not chosen],[^not chosen],0,[^not chosen],[^not chosen],[^not chosen],[^not chosen],[^not chosen],[^not chosen],[^not chosen],[\unasked],0,[\unasked],[\unasked],[\unasked],[\unasked],[\unasked],[\unasked],[\unasked],[\unasked],[\unasked],[\unasked],0,[\unasked],[\unasked],[\unasked],[\unasked],[\unasked],Master’s (or similar graduate degree),1,[^not chosen],[^not chosen],[^not chosen],[^not chosen],[^not chosen],x,[^not chosen],[^not chosen],[^not chosen],[^not chosen],1,[^not chosen],[^not chosen],[^not chosen],[^not chosen],[^not chosen],x,[^not chosen],[^not chosen],[^not chosen],[^not chosen],Yes
JNKe,[^not chosen],x,[^not chosen],[^not chosen],[^not chosen],[^not chosen],[^not chosen],Hybrid,Hybrid,[\unasked],Analyst,1,[^not chosen],x,[^not chosen],[^not chosen],[^not chosen],1,[^not chosen],x,[^not chosen],[^not chosen],[^not chosen],[^not chosen],[^not chosen],[\unasked],0,[\unasked],[\unasked],[\unasked],[\unasked],[\unasked],[\unasked],[\unasked],[\unasked],[\unasked],[\unasked],0,[\unasked],[\unasked],[\unasked],[\unasked],[\unasked],Master’s (or similar graduate degree),2,[^not chosen],x,[^not chosen],[^not chosen],[^not chosen],x,[^not chosen],[^not chosen],[^not chosen],[^not chosen],2,[^not chosen],x,[^not chosen],[^not chosen],[^not chosen],x,[^not chosen],[^not chosen],[^not chosen],[^not chosen],I don’t know
ryxY,x,x,x,[^not chosen],[^not chosen],[^not chosen],[^not chosen],Hybrid,Hybrid,Developer,Developer,1,[^not chosen],[^not chosen],x,[^not chosen],[^not chosen],1,[^not chosen],[^not chosen],[^not chosen],x,[^not chosen],[^not chosen],[^not chosen],[\unasked],0,[\unasked],[\unasked],[\unasked],[\unasked],[\unasked],[\unasked],[\unasked],[\unasked],[\unasked],5 hours or less,4,Sometimes,Rarely,Never,Sometimes,Rarely,Bachelor’s degree,1,[^not chosen],[^not chosen],[^not chosen],[^not chosen],[^not chosen],x,[^not chosen],[^not chosen],[^not chosen],[^not chosen],0,[^not chosen],[^not chosen],[^not chosen],[^not chosen],[^not chosen],[^not chosen],[^not chosen],[^not chosen],[^not chosen],[^not chosen],No
crKq,[^not chosen],x,[^not chosen],[^not chosen],x,[^not chosen],[^not chosen],Hybrid,Hybrid,[\unasked],Developer,1,[^not chosen],[^not chosen],x,[^not chosen],[^not chosen],0,[^not chosen],[^not chosen],[^not chosen],[^not chosen],[^not chosen],[^not chosen],[^not chosen],"Science, Math, and Technology",2,[^not chosen],x,[^not chosen],[^not chosen],Telling data stories about the state of the world,[\unasked],[\unasked],[\unasked],[\unasked],[\unasked],0,[\unasked],[\unasked],[\unasked],[\unasked],[\unasked],Master’s (or similar graduate degree),1,[^not chosen],[^not chosen],[^not chosen],[^not chosen],[^not chosen],x,[^not chosen],[^not chosen],[^not chosen],[^not chosen],1,[^not chosen],[^not chosen],[^not chosen],[^not chosen],[^not chosen],x,[^not chosen],[^not chosen],[^not chosen],[^not chosen],No
KbGJ,x,x,[^not chosen],[^not chosen],[^not chosen],[^not chosen],[^not chosen],On site (fully or mostly),Hybrid,Designer,Designer,1,[^not chosen],x,[^not chosen],[^not chosen],[^not chosen],1,[^not chosen],[^not chosen],[^not chosen],x,[^not chosen],[^not chosen],[^not chosen],[\unasked],0,[\unasked],[\unasked],[\unasked],[\unasked],[\unasked],[\unasked],[\unasked],[\unasked],[\unasked],[\unasked],0,[\unasked],[\unasked],[\unasked],[\unasked],[\unasked],Master’s (or similar graduate degree),1,x,[^not chosen],[^not chosen],[^not chosen],[^not chosen],[^not chosen],[^not chosen],[^not chosen],[^not chosen],[^not chosen],1,x,[^not chosen],[^not chosen],[^not chosen],[^not chosen],[^not chosen],[^not chosen],[^not chosen],[^not chosen],[^not chosen],No
GTLk,x,[^not chosen],[^not chosen],[^not chosen],[^not chosen],[^not chosen],[^not chosen],Hybrid,Hybrid,None of these describes my role,[\unasked],0,[\unasked],[\unasked],[\unasked],[\unasked],[\unasked],0,[\unasked],[\unasked],[\unasked],[\unasked],[\unasked],[\unasked],[\unasked],[\unasked],0,[\unasked],[\unasked],[\unasked],[\unasked],[\unasked],[\unasked],[\unasked],[\unasked],[\unasked],[\unasked],0,[\unasked],[\unasked],[\unasked],[\unasked],[\unasked],Master’s (or similar graduate degree),2,[^not chosen],[^not chosen],[^not chosen],[^not chosen],[^not chosen],x,[^not chosen],[^not chosen],[^not chosen],Biology,1,[^not chosen],[^not chosen],[^not chosen],[^not chosen],[^not chosen],[^not chosen],[^not chosen],[^not chosen],[^not chosen],Biologie Informatics,I don’t know
ceMx,[^not chosen],x,[^not chosen],[^not chosen],[^not chosen],[^not chosen],[^not chosen],Hybrid,Hybrid,[\unasked],Developer,1,[^not chosen],x,[^not chosen],[^not chosen],[^not chosen],1,[^not chosen],x,[^not chosen],[^not chosen],[^not chosen],[^not chosen],[^not chosen],[\unasked],0,[\unasked],[\unasked],[\unasked],[\unasked],[\unasked],[\unasked],[\unasked],[\unasked],[\unasked],[\unasked],0,[\unasked],[\unasked],[\unasked],[\unasked],[\unasked],Master’s (or similar graduate degree),1,[^not chosen],[^not chosen],[^not chosen],[^not chosen],[^not chosen],[^not chosen],[^not chosen],[^not chosen],[^not chosen],Engineering (Biotech),2,[^not chosen],[^not chosen],[^not chosen],[^not chosen],[^not chosen],[^not chosen],[^not chosen],[^not chosen],x,Data Analytics & Data Science,I don’t know
vKKw,[^not chosen],x,[^not chosen],[^not chosen],[^not chosen],[^not chosen],[^not chosen],Hybrid,Hybrid,[\unasked],"Leadership (Manager, Director, VP, etc.)",1,[^not chosen],x,[^not chosen],[^not chosen],[^not chosen],2,x,[^not chosen],[^not chosen],[^not chosen],[^not chosen],[^not chosen],Insurance,[\unasked],0,[\unasked],[\unasked],[\unasked],[\unasked],[\unasked],[\unasked],[\unasked],[\unasked],[\unasked],[\unasked],0,[\unasked],[\unasked],[\unasked],[\unasked],[\unasked],"Doctoral degree (e.g., PhD, EdD, PsyD)",1,[^not chosen],[^not chosen],[^not chosen],[^not chosen],[^not chosen],x,[^not chosen],[^not chosen],[^not chosen],[^not chosen],1,[^not chosen],[^not chosen],[^not chosen],[^not chosen],[^not chosen],x,[^not chosen],[^not chosen],[^not chosen],[^not chosen],I don’t know
fKhm,[^not chosen],x,[^not chosen],[^not chosen],x,[^not chosen],[^not chosen],On site (fully or mostly),Hybrid,[\unasked],"Leadership (Manager, Director, VP, etc.)",2,x,[^not chosen],x,[^not chosen],[^not chosen],1,[^not chosen],[^not chosen],[^not chosen],[^not chosen],[^not chosen],[^not chosen],Education,"Science, Math, and Technology",2,x,x,[^not chosen],[^not chosen],[^not chosen],[\unasked],[\unasked],[\unasked],[\unasked],[\unasked],0,[\unasked],[\unasked],[\unasked],[\unasked],[\unasked],"Doctoral degree (e.g., PhD, EdD, PsyD)",1,[^not chosen],[^not chosen],[^not chosen],[^not chosen],[^not chosen],x,[^not chosen],[^not chosen],[^not chosen],[^not chosen],1,[^not chosen],[^not chosen],[^not chosen],[^not chosen],[^not chosen],x,[^not chosen],[^not chosen],[^not chosen],[^not chosen],Yes
adkD,[^not chosen],x,[^not chosen],[^not chosen],[^not chosen],[^not chosen],[^not chosen],Hybrid,Hybrid,[\unasked],"Leadership (Manager, Director, VP, etc.)",1,[^not chosen],x,[^not chosen],[^not chosen],[^not chosen],1,[^not chosen],[^not chosen],[^not chosen],[^not chosen],[^not chosen],[^not chosen],Manufacturing,[\unasked],0,[\unasked],[\unasked],[\unasked],[\unasked],[\unasked],[\unasked],[\unasked],[\unasked],[\unasked],[\unasked],0,[\unasked],[\unasked],[\unasked],[\unasked],[\unasked],Master’s (or similar graduate degree),1,[^not chosen],x,[^not chosen],[^not chosen],[^not chosen],[^not chosen],[^not chosen],[^not chosen],[^not chosen],[^not chosen],1,[^not chosen],x,[^not chosen],[^not chosen],[^not chosen],[^not chosen],[^not chosen],[^not chosen],[^not chosen],[^not chosen],No
ZqYz,x,[^not chosen],[^not chosen],x,[^not chosen],[^not chosen],[^not chosen],Hybrid,Hybrid,Analyst,[\unasked],0,[\unasked],[\unasked],[\unasked],[\unasked],[\unasked],0,[\unasked],[\unasked],[\unasked],[\unasked],[\unasked],[\unasked],[\unasked],[\unasked],0,[\unasked],[\unasked],[\unasked],[\unasked],[\unasked],Full time,PhD/Doctorate,No,Neuroscience,[\unasked],0,[\unasked],[\unasked],[\unasked],[\unasked],[\unasked],Master’s (or similar graduate degree),1,[^not chosen],[^not chosen],[^not chosen],[^not chosen],[^not chosen],x,[^not chosen],[^not chosen],[^not chosen],[^not chosen],1,[^not chosen],[^not chosen],[^not chosen],[^not chosen],[^not chosen],x,[^not chosen],[^not chosen],[^not chosen],[^not chosen],Yes
Afiz,[^not chosen],[^not chosen],[^not chosen],[^not chosen],x,[^not chosen],[^not chosen],Hybrid,Hybrid,[\unasked],[\unasked],0,[\unasked],[\unasked],[\unasked],[\unasked],[\unasked],0,[\unasked],[\unasked],[\unasked],[\unasked],[\unasked],[\unasked],[\unasked],Business,2,[^not chosen],x,[^not chosen],[^not chosen],To understand our business environment,[\unasked],[\unasked],[\unasked],[\unasked],[\unasked],0,[\unasked],[\unasked],[\unasked],[\unasked],[\unasked],Master’s (or similar graduate degree),1,[^not chosen],[^not chosen],[^not chosen],[^not chosen],[^not chosen],[^not chosen],[^not chosen],[^not chosen],[^not chosen],Engineering,1,[^not chosen],x,[^not chosen],[^not chosen],[^not chosen],[^not chosen],[^not chosen],[^not chosen],[^not chosen],[^not chosen],Yes
WIsM,[^not chosen],x,[^not chosen],[^not chosen],x,[^not chosen],[^not chosen],Remote (fully or mostly),Hybrid,[\unasked],Developer,1,[^not chosen],x,[^not chosen],[^not chosen],[^not chosen],1,[^not chosen],[^not chosen],x,[^not chosen],[^not chosen],[^not chosen],[^not chosen],"Science, Math, and Technology",1,[^not chosen],x,[^not chosen],[^not chosen],[^not chosen],[\unasked],[\unasked],[\unasked],[\unasked],[\unasked],0,[\unasked],[\unasked],[\unasked],[\unasked],[\unasked],Master’s (or similar graduate degree),1,[^not chosen],[^not chosen],[^not chosen],[^not chosen],[^not chosen],[^not chosen],[^not chosen],[^not chosen],x,[^not chosen],1,[^not chosen],[^not chosen],[^not chosen],[^not chosen],[^not chosen],[^not chosen],[^not chosen],[^not chosen],x,[^not chosen],Yes
mLqI,[^not chosen],x,[^not chosen],[^not chosen],[^not chosen],[^not chosen],[^not chosen],Hybrid,Hybrid,[\unasked],"Leadership (Manager, Director, VP, etc.)",1,[^not chosen],x,[^not chosen],[^not chosen],[^not chosen],3,[^not chosen],[^not chosen],x,x,x,[^not chosen],[^not chosen],[\unasked],0,[\unasked],[\unasked],[\unasked],[\unasked],[\unasked],[\unasked],[\unasked],[\unasked],[\unasked],[\unasked],0,[\unasked],[\unasked],[\unasked],[\unasked],[\unasked],[^not answered],0,[^not chosen],[^not chosen],[^not chosen],[^not chosen],[^not chosen],[^not chosen],[^not chosen],[^not chosen],[^not chosen],[^not chosen],0,[^not chosen],[^not chosen],[^not chosen],[^not chosen],[^not chosen],[^not chosen],[^not chosen],[^not chosen],[^not chosen],[^not chosen],Yes
axRu,[^not chosen],[^not chosen],x,[^not chosen],[^not chosen],[^not chosen],[^not chosen],Remote (fully or mostly),Hybrid,[\unasked],[\unasked],0,[\unasked],[\unasked],[\unasked],[\unasked],[\unasked],0,[\unasked],[\unasked],[\unasked],[\unasked],[\unasked],[\unasked],[\unasked],[\unasked],0,[\unasked],[\unasked],[\unasked],[\unasked],[\unasked],[\unasked],[\unasked],[\unasked],[\unasked],6–10 hours,5,Often,Often,Sometimes,Sometimes,Often,Master’s (or similar graduate degree),1,[^not chosen],[^not chosen],[^not chosen],[^not chosen],[^not chosen],x,[^not chosen],[^not chosen],[^not chosen],[^not chosen],1,[^not chosen],[^not chosen],[^not chosen],[^not chosen],[^not chosen],x,[^not chosen],[^not chosen],[^not chosen],[^not chosen],Yes
IrDI,[^not chosen],x,[^not chosen],[^not chosen],[^not chosen],[^not chosen],[^not chosen],Remote (fully or mostly),Hybrid,[\unasked],Developer,2,x,[^not chosen],x,[^not chosen],[^not chosen],2,[^not chosen],[^not chosen],x,[^not chosen],[^not chosen],x,[^not chosen],[\unasked],0,[\unasked],[\unasked],[\unasked],[\unasked],[\unasked],[\unasked],[\unasked],[\unasked],[\unasked],[\unasked],0,[\unasked],[\unasked],[\unasked],[\unasked],[\unasked],Master’s (or similar graduate degree),2,[^not chosen],[^not chosen],x,[^not chosen],[^not chosen],x,[^not chosen],[^not chosen],[^not chosen],[^not chosen],2,x,[^not chosen],[^not chosen],[^not chosen],[^not chosen],x,[^not chosen],[^not chosen],[^not chosen],[^not chosen],Yes
MYjv,[^not chosen],[^not chosen],[^not chosen],x,[^not chosen],[^not chosen],[^not chosen],Remote (fully or mostly),Hybrid,[\unasked],[\unasked],0,[\unasked],[\unasked],[\unasked],[\unasked],[\unasked],0,[\unasked],[\unasked],[\unasked],[\unasked],[\unasked],[\unasked],[\unasked],[\unasked],0,[\unasked],[\unasked],[\unasked],[\unasked],[\unasked],Part time,Graduate/Master’s,"Yes, in a required course","Data Analytics & Visualization, MPS",[\unasked],0,[\unasked],[\unasked],[\unasked],[\unasked],[\unasked],Bachelor’s degree,2,x,x,[^not chosen],[^not chosen],[^not chosen],[^not chosen],[^not chosen],[^not chosen],[^not chosen],[^not chosen],0,[^not chosen],[^not chosen],[^not chosen],[^not chosen],[^not chosen],[^not chosen],[^not chosen],[^not chosen],[^not chosen],[^not chosen],Yes
gbKR,[^not chosen],x,[^not chosen],[^not chosen],[^not chosen],[^not chosen],[^not chosen],Hybrid,Hybrid,[\unasked],"Leadership (Manager, Director, VP, etc.)",1,[^not chosen],x,[^not chosen],[^not chosen],[^not chosen],1,[^not chosen],[^not chosen],[^not chosen],[^not chosen],[^not chosen],x,[^not chosen],[\unasked],0,[\unasked],[\unasked],[\unasked],[\unasked],[\unasked],[\unasked],[\unasked],[\unasked],[\unasked],[\unasked],0,[\unasked],[\unasked],[\unasked],[\unasked],[\unasked],Master’s (or similar graduate degree),1,[^not chosen],[^not chosen],[^not chosen],[^not chosen],[^not chosen],[^not chosen],x,[^not chosen],[^not chosen],[^not chosen],1,[^not chosen],[^not chosen],[^not chosen],[^not chosen],[^not chosen],[^not chosen],x,[^not chosen],[^not chosen],[^not chosen],Yes
sYrU,x,x,x,[^not chosen],[^not chosen],[^not chosen],[^not chosen],Hybrid,Hybrid,None of these describes my role,Analyst,2,[^not chosen],[^not chosen],x,x,[^not chosen],3,[^not chosen],[^not chosen],x,[^not chosen],[^not chosen],x,Education; Scientific Research,[\unasked],0,[\unasked],[\unasked],[\unasked],[\unasked],[\unasked],[\unasked],[\unasked],[\unasked],[\unasked],5 hours or less,5,Often,Rarely,Sometimes,Rarely,Sometimes,"Doctoral degree (e.g., PhD, EdD, PsyD)",1,x,[^not chosen],[^not chosen],[^not chosen],[^not chosen],[^not chosen],[^not chosen],[^not chosen],[^not chosen],[^not chosen],1,x,[^not chosen],[^not chosen],[^not chosen],[^not chosen],[^not chosen],[^not chosen],[^not chosen],[^not chosen],[^not chosen],I don’t know
MqBN,[^not chosen],x,[^not chosen],[^not chosen],[^not chosen],[^not chosen],[^not chosen],Hybrid,Hybrid,[\unasked],None of these describes my role,2,x,x,[^not chosen],[^not chosen],[^not chosen],1,[^not chosen],[^not chosen],[^not chosen],[^not chosen],[^not chosen],x,[^not chosen],[\unasked],0,[\unasked],[\unasked],[\unasked],[\unasked],[\unasked],[\unasked],[\unasked],[\unasked],[\unasked],[\unasked],0,[\unasked],[\unasked],[\unasked],[\unasked],[\unasked],Master’s (or similar graduate degree),1,[^not chosen],[^not chosen],[^not chosen],[^not chosen],[^not chosen],[^not chosen],[^not chosen],[^not chosen],[^not chosen],Architecture,1,[^not chosen],[^not chosen],[^not chosen],[^not chosen],[^not chosen],[^not chosen],[^not chosen],[^not chosen],[^not chosen],Architecture,Yes
dBcj,[^not chosen],x,[^not chosen],[^not chosen],[^not chosen],[^not chosen],[^not chosen],Hybrid,Hybrid,[\unasked],"Leadership (Manager, Director, VP, etc.)",2,[^not chosen],[^not chosen],x,x,[^not chosen],1,[^not chosen],[^not chosen],[^not chosen],[^not chosen],[^not chosen],[^not chosen],Education,[\unasked],0,[\unasked],[\unasked],[\unasked],[\unasked],[\unasked],[\unasked],[\unasked],[\unasked],[\unasked],[\unasked],0,[\unasked],[\unasked],[\unasked],[\unasked],[\unasked],"Doctoral degree (e.g., PhD, EdD, PsyD)",1,[^not chosen],[^not chosen],[^not chosen],[^not chosen],[^not chosen],[^not chosen],x,[^not chosen],[^not chosen],[^not chosen],1,[^not chosen],[^not chosen],x,[^not chosen],[^not chosen],[^not chosen],[^not chosen],[^not chosen],[^not chosen],[^not chosen],Yes
tuRM,[^not chosen],x,[^not chosen],[^not chosen],[^not chosen],[^not chosen],[^not chosen],Remote (fully or mostly),Hybrid,[\unasked],Developer,2,[^not chosen],x,[^not chosen],[^not chosen],Other (please specify and use semicolons (;) to separate distinct items),2,x,[^not chosen],x,[^not chosen],[^not chosen],[^not chosen],[^not chosen],[\unasked],0,[\unasked],[\unasked],[\unasked],[\unasked],[\unasked],[\unasked],[\unasked],[\unasked],[\unasked],[\unasked],0,[\unasked],[\unasked],[\unasked],[\unasked],[\unasked],Master’s (or similar graduate degree),1,[^not chosen],[^not chosen],[^not chosen],[^not chosen],[^not chosen],[^not chosen],[^not chosen],[^not chosen],[^not chosen],Psychology,1,[^not chosen],[^not chosen],[^not chosen],[^not chosen],[^not chosen],[^not chosen],[^not chosen],[^not chosen],[^not chosen],Data Analysis,I don’t know
IcrF,[^not chosen],x,[^not chosen],[^not chosen],[^not chosen],[^not chosen],[^not chosen],On site (fully or mostly),Hybrid,[\unasked],"Leadership (Manager, Director, VP, etc.)",1,x,[^not chosen],[^not chosen],[^not chosen],[^not chosen],1,[^not chosen],[^not chosen],[^not chosen],[^not chosen],[^not chosen],[^not chosen],servicios publicos,[\unasked],0,[\unasked],[\unasked],[\unasked],[\unasked],[\unasked],[\unasked],[\unasked],[\unasked],[\unasked],[\unasked],0,[\unasked],[\unasked],[\unasked],[\unasked],[\unasked],Master’s (or similar graduate degree),2,[^not chosen],[^not chosen],[^not chosen],[^not chosen],[^not chosen],x,x,[^not chosen],[^not chosen],[^not chosen],2,[^not chosen],x,[^not chosen],[^not chosen],[^not chosen],x,[^not chosen],[^not chosen],[^not chosen],[^not chosen],No
ulmH,[^not chosen],x,[^not chosen],[^not chosen],[^not chosen],[^not chosen],[^not chosen],Hybrid,Hybrid,[\unasked],Designer,1,[^not chosen],x,[^not chosen],[^not chosen],[^not chosen],1,[^not chosen],[^not chosen],x,[^not chosen],[^not chosen],[^not chosen],[^not chosen],[\unasked],0,[\unasked],[\unasked],[\unasked],[\unasked],[\unasked],[\unasked],[\unasked],[\unasked],[\unasked],[\unasked],0,[\unasked],[\unasked],[\unasked],[\unasked],[\unasked],Master’s (or similar graduate degree),2,x,[^not chosen],[^not chosen],[^not chosen],[^not chosen],x,[^not chosen],[^not chosen],[^not chosen],[^not chosen],3,x,[^not chosen],[^not chosen],[^not chosen],[^not chosen],x,[^not chosen],[^not chosen],x,[^not chosen],Yes
jZRA,[^not chosen],x,[^not chosen],[^not chosen],[^not chosen],[^not chosen],[^not chosen],Hybrid,Hybrid,[\unasked],Analyst,1,[^not chosen],x,[^not chosen],[^not chosen],[^not chosen],1,[^not chosen],[^not chosen],[^not chosen],[^not chosen],[^not chosen],[^not chosen],Accommodation,[\unasked],0,[\unasked],[\unasked],[\unasked],[\unasked],[\unasked],[\unasked],[\unasked],[\unasked],[\unasked],[\unasked],0,[\unasked],[\unasked],[\unasked],[\unasked],[\unasked],Bachelor’s degree,1,[^not chosen],[^not chosen],[^not chosen],[^not chosen],[^not chosen],x,[^not chosen],[^not chosen],[^not chosen],[^not chosen],0,[^not chosen],[^not chosen],[^not chosen],[^not chosen],[^not chosen],[^not chosen],[^not chosen],[^not chosen],[^not chosen],[^not chosen],Yes
ygNx,[^not chosen],x,[^not chosen],[^not chosen],[^not chosen],[^not chosen],[^not chosen],Hybrid,Hybrid,[\unasked],Analyst,1,[^not chosen],[^not chosen],[^not chosen],x,[^not chosen],1,[^not chosen],[^not chosen],[^not chosen],[^not chosen],[^not chosen],[^not chosen],Higher Education,[\unasked],0,[\unasked],[\unasked],[\unasked],[\unasked],[\unasked],[\unasked],[\unasked],[\unasked],[\unasked],[\unasked],0,[\unasked],[\unasked],[\unasked],[\unasked],[\unasked],"Doctoral degree (e.g., PhD, EdD, PsyD)",1,[^not chosen],[^not chosen],[^not chosen],[^not chosen],[^not chosen],[^not chosen],x,[^not chosen],[^not chosen],[^not chosen],1,[^not chosen],[^not chosen],[^not chosen],[^not chosen],[^not chosen],[^not chosen],x,[^not chosen],[^not chosen],[^not chosen],No
Nmvr,[^not chosen],[^not chosen],[^not chosen],x,[^not chosen],[^not chosen],[^not chosen],Hybrid,Hybrid,[\unasked],[\unasked],0,[\unasked],[\unasked],[\unasked],[\unasked],[\unasked],0,[\unasked],[\unasked],[\unasked],[\unasked],[\unasked],[\unasked],[\unasked],[\unasked],0,[\unasked],[\unasked],[\unasked],[\unasked],[\unasked],Full time,PhD/Doctorate,"Yes, in an elective course",Information Science,[\unasked],0,[\unasked],[\unasked],[\unasked],[\unasked],[\unasked],Bachelor’s degree,2,x,[^not chosen],[^not chosen],[^not chosen],[^not chosen],[^not chosen],x,[^not chosen],[^not chosen],[^not chosen],0,[^not chosen],[^not chosen],[^not chosen],[^not chosen],[^not chosen],[^not chosen],[^not chosen],[^not chosen],[^not chosen],[^not chosen],Yes
NWjR,[^not chosen],x,[^not chosen],[^not chosen],[^not chosen],[^not chosen],[^not chosen],Remote (fully or mostly),Hybrid,[\unasked],Analyst,2,x,x,[^not chosen],[^not chosen],[^not chosen],1,[^not chosen],[^not chosen],[^not chosen],[^not chosen],[^not chosen],x,[^not chosen],[\unasked],0,[\unasked],[\unasked],[\unasked],[\unasked],[\unasked],[\unasked],[\unasked],[\unasked],[\unasked],[\unasked],0,[\unasked],[\unasked],[\unasked],[\unasked],[\unasked],Master’s (or similar graduate degree),1,[^not chosen],[^not chosen],[^not chosen],[^not chosen],[^not chosen],[^not chosen],x,[^not chosen],[^not chosen],[^not chosen],1,[^not chosen],[^not chosen],[^not chosen],[^not chosen],[^not chosen],[^not chosen],x,[^not chosen],[^not chosen],[^not chosen],Yes
HaoH,[^not chosen],x,x,x,[^not chosen],[^not chosen],[^not chosen],Remote (fully or mostly),Hybrid,[\unasked],Analyst,2,[^not chosen],[^not chosen],x,x,[^not chosen],1,[^not chosen],[^not chosen],[^not chosen],[^not chosen],[^not chosen],[^not chosen],Research Institution,[\unasked],0,[\unasked],[\unasked],[\unasked],[\unasked],[\unasked],[^not answered],[^not answered],[^not answered],[^not answered],5 hours or less,0,Never,Never,Never,Never,Never,Master’s (or similar graduate degree),1,[^not chosen],[^not chosen],[^not chosen],[^not chosen],[^not chosen],x,[^not chosen],[^not chosen],[^not chosen],[^not chosen],1,[^not chosen],[^not chosen],[^not chosen],[^not chosen],[^not chosen],x,[^not chosen],[^not chosen],[^not chosen],[^not chosen],No
XYZs,[^not chosen],x,[^not chosen],[^not chosen],[^not chosen],[^not chosen],[^not chosen],Remote (fully or mostly),Hybrid,[\unasked],Analyst,1,[^not chosen],x,[^not chosen],[^not chosen],[^not chosen],1,[^not chosen],[^not chosen],[^not chosen],[^not chosen],x,[^not chosen],[^not chosen],[\unasked],0,[\unasked],[\unasked],[\unasked],[\unasked],[\unasked],[\unasked],[\unasked],[\unasked],[\unasked],[\unasked],0,[\unasked],[\unasked],[\unasked],[\unasked],[\unasked],Master’s (or similar graduate degree),1,x,[^not chosen],[^not chosen],[^not chosen],[^not chosen],[^not chosen],[^not chosen],[^not chosen],[^not chosen],[^not chosen],1,x,[^not chosen],[^not chosen],[^not chosen],[^not chosen],[^not chosen],[^not chosen],[^not chosen],[^not chosen],[^not chosen],Yes
WuCP,[^not chosen],x,[^not chosen],[^not chosen],[^not chosen],[^not chosen],[^not chosen],unemployed,Hybrid,[\unasked],"Leadership (Manager, Director, VP, etc.)",1,[^not chosen],x,[^not chosen],[^not chosen],[^not chosen],2,[^not chosen],[^not chosen],x,[^not chosen],[^not chosen],x,[^not chosen],[\unasked],0,[\unasked],[\unasked],[\unasked],[\unasked],[\unasked],[\unasked],[\unasked],[\unasked],[\unasked],[\unasked],0,[\unasked],[\unasked],[\unasked],[\unasked],[\unasked],Master’s (or similar graduate degree),1,x,[^not chosen],[^not chosen],[^not chosen],[^not chosen],[^not chosen],[^not chosen],[^not chosen],[^not chosen],[^not chosen],1,[^not chosen],[^not chosen],[^not chosen],[^not chosen],[^not chosen],x,[^not chosen],[^not chosen],[^not chosen],[^not chosen],Yes
Hmfa,[^not chosen],x,[^not chosen],[^not chosen],[^not chosen],[^not chosen],[^not chosen],Hybrid,Hybrid,[\unasked],Developer,1,[^not chosen],x,[^not chosen],[^not chosen],[^not chosen],1,x,[^not chosen],[^not chosen],[^not chosen],[^not chosen],[^not chosen],[^not chosen],[\unasked],0,[\unasked],[\unasked],[\unasked],[\unasked],[\unasked],[\unasked],[\unasked],[\unasked],[\unasked],[\unasked],0,[\unasked],[\unasked],[\unasked],[\unasked],[\unasked],Bachelor’s degree,2,[^not chosen],[^not chosen],[^not chosen],[^not chosen],[^not chosen],x,x,[^not chosen],[^not chosen],[^not chosen],0,[^not chosen],[^not chosen],[^not chosen],[^not chosen],[^not chosen],[^not chosen],[^not chosen],[^not chosen],[^not chosen],[^not chosen],Yes
cPiK,[^not chosen],x,[^not chosen],[^not chosen],[^not chosen],[^not chosen],[^not chosen],Remote (fully or mostly),Hybrid,[\unasked],Designer,1,[^not chosen],x,[^not chosen],[^not chosen],[^not chosen],1,[^not chosen],[^not chosen],[^not chosen],[^not chosen],[^not chosen],x,[^not chosen],[\unasked],0,[\unasked],[\unasked],[\unasked],[\unasked],[\unasked],[\unasked],[\unasked],[\unasked],[\unasked],[\unasked],0,[\unasked],[\unasked],[\unasked],[\unasked],[\unasked],Master’s (or similar graduate degree),1,x,[^not chosen],[^not chosen],[^not chosen],[^not chosen],[^not chosen],[^not chosen],[^not chosen],[^not chosen],[^not chosen],1,[^not chosen],[^not chosen],[^not chosen],[^not chosen],[^not chosen],[^not chosen],[^not chosen],[^not chosen],[^not chosen],Data Analysis and Visualization,No
zBNT,[^not chosen],x,[^not chosen],[^not chosen],[^not chosen],[^not chosen],[^not chosen],Hybrid,Hybrid,[\unasked],Analyst,1,[^not chosen],x,[^not chosen],[^not chosen],[^not chosen],1,[^not chosen],[^not chosen],[^not chosen],[^not chosen],[^not chosen],[^not chosen],Hospitality and Tourism,[\unasked],0,[\unasked],[\unasked],[\unasked],[\unasked],[\unasked],[\unasked],[\unasked],[\unasked],[\unasked],[\unasked],0,[\unasked],[\unasked],[\unasked],[\unasked],[\unasked],Master’s (or similar graduate degree),1,[^not chosen],[^not chosen],[^not chosen],[^not chosen],[^not chosen],x,[^not chosen],[^not chosen],[^not chosen],[^not chosen],1,[^not chosen],[^not chosen],[^not chosen],[^not chosen],[^not chosen],x,[^not chosen],[^not chosen],[^not chosen],[^not chosen],No
tXXn,x,x,x,[^not chosen],[^not chosen],[^not chosen],[^not chosen],Remote (fully or mostly),Hybrid,Teacher,Teacher,1,[^not chosen],x,[^not chosen],[^not chosen],[^not chosen],1,[^not chosen],[^not chosen],[^not chosen],[^not chosen],[^not chosen],[^not chosen],Education / E-Learning,[\unasked],0,[\unasked],[\unasked],[\unasked],[\unasked],[\unasked],[\unasked],[\unasked],[\unasked],[\unasked],5 hours or less,5,Sometimes,Often,Sometimes,Rarely,Often,Bachelor’s degree,2,[^not chosen],x,x,[^not chosen],[^not chosen],[^not chosen],[^not chosen],[^not chosen],[^not chosen],[^not chosen],0,[^not chosen],[^not chosen],[^not chosen],[^not chosen],[^not chosen],[^not chosen],[^not chosen],[^not chosen],[^not chosen],[^not chosen],No
klVQ,[^not chosen],x,[^not chosen],[^not chosen],[^not chosen],[^not chosen],[^not chosen],Hybrid,Hybrid,[\unasked],"Leadership (Manager, Director, VP, etc.)",1,[^not chosen],[^not chosen],x,[^not chosen],[^not chosen],1,[^not chosen],[^not chosen],[^not chosen],[^not chosen],[^not chosen],[^not chosen],Education,[\unasked],0,[\unasked],[\unasked],[\unasked],[\unasked],[\unasked],[\unasked],[\unasked],[\unasked],[\unasked],[\unasked],0,[\unasked],[\unasked],[\unasked],[\unasked],[\unasked],"Doctoral degree (e.g., PhD, EdD, PsyD)",1,[^not chosen],[^not chosen],x,[^not chosen],[^not chosen],[^not chosen],[^not chosen],[^not chosen],[^not chosen],[^not chosen],2,[^not chosen],[^not chosen],x,[^not chosen],[^not chosen],[^not chosen],x,[^not chosen],[^not chosen],[^not chosen],Yes
FbHn,x,[^not chosen],[^not chosen],x,x,[^not chosen],[^not chosen],Remote (fully or mostly),Hybrid,Designer,[\unasked],0,[\unasked],[\unasked],[\unasked],[\unasked],[\unasked],0,[\unasked],[\unasked],[\unasked],[\unasked],[\unasked],[\unasked],[\unasked],Arts and Humanities,2,x,x,[^not chosen],[^not chosen],[^not chosen],Part time,Graduate/Master’s,No,Master en diseño y comunicación,[\unasked],0,[\unasked],[\unasked],[\unasked],[\unasked],[\unasked],Master’s (or similar graduate degree),1,x,[^not chosen],[^not chosen],[^not chosen],[^not chosen],[^not chosen],[^not chosen],[^not chosen],[^not chosen],[^not chosen],1,[^not chosen],[^not chosen],[^not chosen],[^not chosen],[^not chosen],[^not chosen],[^not chosen],[^not chosen],x,[^not chosen],Yes
frkS,[^not chosen],x,[^not chosen],[^not chosen],[^not chosen],[^not chosen],[^not chosen],Hybrid,Hybrid,[\unasked],Analyst,1,x,[^not chosen],[^not chosen],[^not chosen],[^not chosen],1,[^not chosen],[^not chosen],[^not chosen],[^not chosen],[^not chosen],[^not chosen],Library,[\unasked],0,[\unasked],[\unasked],[\unasked],[\unasked],[\unasked],[\unasked],[\unasked],[\unasked],[\unasked],[\unasked],0,[\unasked],[\unasked],[\unasked],[\unasked],[\unasked],Master’s (or similar graduate degree),1,[^not chosen],[^not chosen],[^not chosen],[^not chosen],[^not chosen],[^not chosen],x,[^not chosen],[^not chosen],[^not chosen],1,[^not chosen],[^not chosen],[^not chosen],[^not chosen],[^not chosen],[^not chosen],[^not chosen],[^not chosen],[^not chosen],Library and Information Science,No
FTqI,x,[^not chosen],[^not chosen],[^not chosen],x,[^not chosen],[^not chosen],Remote (fully or mostly),Hybrid,Analyst,[\unasked],0,[\unasked],[\unasked],[\unasked],[\unasked],[\unasked],0,[\unasked],[\unasked],[\unasked],[\unasked],[\unasked],[\unasked],[\unasked],"Science, Math, and Technology",2,[^not chosen],x,x,[^not chosen],[^not chosen],[\unasked],[\unasked],[\unasked],[\unasked],[\unasked],0,[\unasked],[\unasked],[\unasked],[\unasked],[\unasked],Bachelor’s degree,1,[^not chosen],[^not chosen],[^not chosen],[^not chosen],[^not chosen],x,[^not chosen],[^not chosen],[^not chosen],[^not chosen],0,[^not chosen],[^not chosen],[^not chosen],[^not chosen],[^not chosen],[^not chosen],[^not chosen],[^not chosen],[^not chosen],[^not chosen],Yes
MFWO,[^not chosen],x,[^not chosen],[^not chosen],[^not chosen],[^not chosen],[^not chosen],Hybrid,Hybrid,[\unasked],"Leadership (Manager, Director, VP, etc.)",3,x,x,x,[^not chosen],[^not chosen],1,[^not chosen],[^not chosen],[^not chosen],[^not chosen],[^not chosen],x,[^not chosen],[\unasked],0,[\unasked],[\unasked],[\unasked],[\unasked],[\unasked],[\unasked],[\unasked],[\unasked],[\unasked],[\unasked],0,[\unasked],[\unasked],[\unasked],[\unasked],[\unasked],Bachelor’s degree,1,x,[^not chosen],[^not chosen],[^not chosen],[^not chosen],[^not chosen],[^not chosen],[^not chosen],[^not chosen],[^not chosen],0,[^not chosen],[^not chosen],[^not chosen],[^not chosen],[^not chosen],[^not chosen],[^not chosen],[^not chosen],[^not chosen],[^not chosen],Yes
lfPp,[^not chosen],x,[^not chosen],[^not chosen],[^not chosen],[^not chosen],[^not chosen],Hybrid,Hybrid,[\unasked],"Leadership (Manager, Director, VP, etc.)",1,[^not chosen],x,[^not chosen],[^not chosen],[^not chosen],2,[^not chosen],[^not chosen],x,[^not chosen],[^not chosen],x,[^not chosen],[\unasked],0,[\unasked],[\unasked],[\unasked],[\unasked],[\unasked],[\unasked],[\unasked],[\unasked],[\unasked],[\unasked],0,[\unasked],[\unasked],[\unasked],[\unasked],[\unasked],Master’s (or similar graduate degree),1,[^not chosen],[^not chosen],[^not chosen],[^not chosen],[^not chosen],x,[^not chosen],[^not chosen],[^not chosen],[^not chosen],1,[^not chosen],[^not chosen],[^not chosen],[^not chosen],[^not chosen],x,[^not chosen],[^not chosen],[^not chosen],[^not chosen],No
SFyW,[^not chosen],x,[^not chosen],[^not chosen],[^not chosen],[^not chosen],[^not chosen],Hybrid,Hybrid,[\unasked],None of these describes my role,1,[^not chosen],[^not chosen],x,[^not chosen],[^not chosen],1,[^not chosen],[^not chosen],[^not chosen],[^not chosen],[^not chosen],[^not chosen],Libraries,[\unasked],0,[\unasked],[\unasked],[\unasked],[\unasked],[\unasked],[\unasked],[\unasked],[\unasked],[\unasked],[\unasked],0,[\unasked],[\unasked],[\unasked],[\unasked],[\unasked],Master’s (or similar graduate degree),2,x,[^not chosen],[^not chosen],[^not chosen],[^not chosen],[^not chosen],[^not chosen],[^not chosen],[^not chosen],Journalism,1,[^not chosen],[^not chosen],[^not chosen],[^not chosen],[^not chosen],[^not chosen],[^not chosen],[^not chosen],[^not chosen],Library Science,Yes
mvmA,[^not chosen],x,[^not chosen],[^not chosen],x,[^not chosen],[^not chosen],Remote (fully or mostly),Hybrid,[\unasked],Teacher,2,[^not chosen],x,[^not chosen],x,[^not chosen],1,[^not chosen],[^not chosen],x,[^not chosen],[^not chosen],[^not chosen],[^not chosen],"Science, Math, and Technology",1,[^not chosen],x,[^not chosen],[^not chosen],[^not chosen],[\unasked],[\unasked],[\unasked],[\unasked],[\unasked],0,[\unasked],[\unasked],[\unasked],[\unasked],[\unasked],Master’s (or similar graduate degree),1,x,[^not chosen],[^not chosen],[^not chosen],[^not chosen],[^not chosen],[^not chosen],[^not chosen],[^not chosen],[^not chosen],1,x,[^not chosen],[^not chosen],[^not chosen],[^not chosen],[^not chosen],[^not chosen],[^not chosen],[^not chosen],[^not chosen],No
vXcx,x,x,[^not chosen],[^not chosen],[^not chosen],[^not chosen],[^not chosen],Hybrid,Hybrid,Engineer,Engineer,1,[^not chosen],x,[^not chosen],[^not chosen],[^not chosen],1,[^not chosen],[^not chosen],[^not chosen],[^not chosen],[^not chosen],[^not chosen],Entertainment,[\unasked],0,[\unasked],[\unasked],[\unasked],[\unasked],[\unasked],[\unasked],[\unasked],[\unasked],[\unasked],[\unasked],0,[\unasked],[\unasked],[\unasked],[\unasked],[\unasked],Bachelor’s degree,2,x,[^not chosen],[^not chosen],[^not chosen],[^not chosen],[^not chosen],x,[^not chosen],[^not chosen],[^not chosen],0,[^not chosen],[^not chosen],[^not chosen],[^not chosen],[^not chosen],[^not chosen],[^not chosen],[^not chosen],[^not chosen],[^not chosen],Yes
odpQ,[^not chosen],x,[^not chosen],x,[^not chosen],[^not chosen],[^not chosen],Hybrid,Hybrid,[\unasked],Analyst,1,[^not chosen],[^not chosen],x,[^not chosen],[^not chosen],1,[^not chosen],[^not chosen],[^not chosen],[^not chosen],[^not chosen],[^not chosen],Education and Systems Change,[\unasked],0,[\unasked],[\unasked],[\unasked],[\unasked],[\unasked],Full time,Graduate/Master’s,No,MPH,[\unasked],0,[\unasked],[\unasked],[\unasked],[\unasked],[\unasked],Bachelor’s degree,1,[^not chosen],[^not chosen],[^not chosen],[^not chosen],[^not chosen],[^not chosen],x,[^not chosen],[^not chosen],[^not chosen],0,[^not chosen],[^not chosen],[^not chosen],[^not chosen],[^not chosen],[^not chosen],[^not chosen],[^not chosen],[^not chosen],[^not chosen],No
zwyb,[^not chosen],x,[^not chosen],[^not chosen],[^not chosen],[^not chosen],[^not chosen],On site (fully or mostly),Hybrid,[\unasked],Analyst,1,[^not chosen],x,[^not chosen],[^not chosen],[^not chosen],1,[^not chosen],[^not chosen],[^not chosen],[^not chosen],[^not chosen],x,[^not chosen],[\unasked],0,[\unasked],[\unasked],[\unasked],[\unasked],[\unasked],[\unasked],[\unasked],[\unasked],[\unasked],[\unasked],0,[\unasked],[\unasked],[\unasked],[\unasked],[\unasked],Master’s (or similar graduate degree),1,[^not chosen],[^not chosen],[^not chosen],[^not chosen],[^not chosen],[^not chosen],x,[^not chosen],[^not chosen],[^not chosen],1,[^not chosen],x,[^not chosen],[^not chosen],[^not chosen],[^not chosen],[^not chosen],[^not chosen],[^not chosen],[^not chosen],Yes
musF,x,[^not chosen],[^not chosen],[^not chosen],[^not chosen],[^not chosen],[^not chosen],Hybrid,Hybrid,Teacher,[\unasked],0,[\unasked],[\unasked],[\unasked],[\unasked],[\unasked],0,[\unasked],[\unasked],[\unasked],[\unasked],[\unasked],[\unasked],[\unasked],[\unasked],0,[\unasked],[\unasked],[\unasked],[\unasked],[\unasked],[\unasked],[\unasked],[\unasked],[\unasked],[\unasked],0,[\unasked],[\unasked],[\unasked],[\unasked],[\unasked],Master’s (or similar graduate degree),2,[^not chosen],[^not chosen],[^not chosen],[^not chosen],x,x,[^not chosen],[^not chosen],[^not chosen],[^not chosen],1,[^not chosen],[^not chosen],[^not chosen],[^not chosen],x,[^not chosen],[^not chosen],[^not chosen],[^not chosen],[^not chosen],Yes
Zjsm,[^not chosen],x,x,[^not chosen],[^not chosen],[^not chosen],[^not chosen],Remote (fully or mostly),Hybrid,[\unasked],Analyst,1,[^not chosen],x,[^not chosen],[^not chosen],[^not chosen],1,[^not chosen],[^not chosen],x,[^not chosen],[^not chosen],[^not chosen],[^not chosen],[\unasked],0,[\unasked],[\unasked],[\unasked],[\unasked],[\unasked],[\unasked],[\unasked],[\unasked],[\unasked],6–10 hours,5,Often,Sometimes,Sometimes,Often,Often,Master’s (or similar graduate degree),1,[^not chosen],[^not chosen],[^not chosen],[^not chosen],[^not chosen],x,[^not chosen],[^not chosen],[^not chosen],[^not chosen],2,[^not chosen],x,[^not chosen],[^not chosen],[^not chosen],x,[^not chosen],[^not chosen],[^not chosen],[^not chosen],No
pfvf,[^not chosen],[^not chosen],[^not chosen],[^not chosen],x,[^not chosen],[^not chosen],On site (fully or mostly),Hybrid,[\unasked],[\unasked],0,[\unasked],[\unasked],[\unasked],[\unasked],[\unasked],0,[\unasked],[\unasked],[\unasked],[\unasked],[\unasked],[\unasked],[\unasked],"Science, Math, and Technology",3,x,x,x,[^not chosen],[^not chosen],[\unasked],[\unasked],[\unasked],[\unasked],[\unasked],0,[\unasked],[\unasked],[\unasked],[\unasked],[\unasked],"Doctoral degree (e.g., PhD, EdD, PsyD)",1,[^not chosen],[^not chosen],[^not chosen],[^not chosen],[^not chosen],x,[^not chosen],[^not chosen],[^not chosen],[^not chosen],1,[^not chosen],[^not chosen],[^not chosen],[^not chosen],[^not chosen],x,[^not chosen],[^not chosen],[^not chosen],[^not chosen],Yes
ORUo,[^not chosen],x,[^not chosen],[^not chosen],[^not chosen],[^not chosen],[^not chosen],Remote (fully or mostly),Hybrid,[\unasked],Analyst,1,x,[^not chosen],[^not chosen],[^not chosen],[^not chosen],1,[^not chosen],[^not chosen],[^not chosen],[^not chosen],[^not chosen],[^not chosen],Education,[\unasked],0,[\unasked],[\unasked],[\unasked],[\unasked],[\unasked],[\unasked],[\unasked],[\unasked],[\unasked],[\unasked],0,[\unasked],[\unasked],[\unasked],[\unasked],[\unasked],Master’s (or similar graduate degree),1,[^not chosen],[^not chosen],[^not chosen],[^not chosen],[^not chosen],[^not chosen],x,[^not chosen],[^not chosen],[^not chosen],1,[^not chosen],[^not chosen],[^not chosen],[^not chosen],x,[^not chosen],[^not chosen],[^not chosen],[^not chosen],[^not chosen],No
OQxa,[^not chosen],x,[^not chosen],x,[^not chosen],[^not chosen],[^not chosen],Hybrid,Hybrid,[\unasked],Designer,2,x,x,[^not chosen],[^not chosen],[^not chosen],1,[^not chosen],[^not chosen],[^not chosen],[^not chosen],[^not chosen],[^not chosen],Architecture and Engineering,[\unasked],0,[\unasked],[\unasked],[\unasked],[\unasked],[\unasked],Part time,Graduate/Master’s,"Yes, in a required course",Data Analytics and Visualization,[\unasked],0,[\unasked],[\unasked],[\unasked],[\unasked],[\unasked],Bachelor’s degree,2,x,[^not chosen],[^not chosen],[^not chosen],[^not chosen],[^not chosen],[^not chosen],[^not chosen],x,[^not chosen],0,[^not chosen],[^not chosen],[^not chosen],[^not chosen],[^not chosen],[^not chosen],[^not chosen],[^not chosen],[^not chosen],[^not chosen],Yes
FjGR,[^not chosen],x,[^not chosen],[^not chosen],[^not chosen],[^not chosen],[^not chosen],Hybrid,Hybrid,[\unasked],"Leadership (Manager, Director, VP, etc.)",1,[^not chosen],[^not chosen],[^not chosen],x,[^not chosen],1,[^not chosen],x,[^not chosen],[^not chosen],[^not chosen],[^not chosen],[^not chosen],[\unasked],0,[\unasked],[\unasked],[\unasked],[\unasked],[\unasked],[\unasked],[\unasked],[\unasked],[\unasked],[\unasked],0,[\unasked],[\unasked],[\unasked],[\unasked],[\unasked],Bachelor’s degree,1,[^not chosen],[^not chosen],[^not chosen],[^not chosen],[^not chosen],x,[^not chosen],[^not chosen],[^not chosen],[^not chosen],0,[^not chosen],[^not chosen],[^not chosen],[^not chosen],[^not chosen],[^not chosen],[^not chosen],[^not chosen],[^not chosen],[^not chosen],Yes
oWfH,[^not chosen],x,[^not chosen],[^not chosen],[^not chosen],[^not chosen],[^not chosen],Remote (fully or mostly),Hybrid,[\unasked],Analyst,1,x,[^not chosen],[^not chosen],[^not chosen],[^not chosen],1,[^not chosen],[^not chosen],[^not chosen],[^not chosen],[^not chosen],[^not chosen],Higher Education,[\unasked],0,[\unasked],[\unasked],[\unasked],[\unasked],[\unasked],[\unasked],[\unasked],[\unasked],[\unasked],[\unasked],0,[\unasked],[\unasked],[\unasked],[\unasked],[\unasked],Bachelor’s degree,1,x,[^not chosen],[^not chosen],[^not chosen],[^not chosen],[^not chosen],[^not chosen],[^not chosen],[^not chosen],[^not chosen],0,[^not chosen],[^not chosen],[^not chosen],[^not chosen],[^not chosen],[^not chosen],[^not chosen],[^not chosen],[^not chosen],[^not chosen],Yes
cVsc,[^not chosen],x,[^not chosen],[^not chosen],[^not chosen],[^not chosen],[^not chosen],Hybrid,Hybrid,[\unasked],Journalist,1,[^not chosen],x,[^not chosen],[^not chosen],[^not chosen],1,[^not chosen],[^not chosen],[^not chosen],x,[^not chosen],[^not chosen],[^not chosen],[\unasked],0,[\unasked],[\unasked],[\unasked],[\unasked],[\unasked],[\unasked],[\unasked],[\unasked],[\unasked],[\unasked],0,[\unasked],[\unasked],[\unasked],[\unasked],[\unasked],Master’s (or similar graduate degree),3,[^not chosen],[^not chosen],[^not chosen],[^not chosen],[^not chosen],x,x,[^not chosen],x,[^not chosen],1,[^not chosen],[^not chosen],[^not chosen],[^not chosen],[^not chosen],[^not chosen],[^not chosen],[^not chosen],[^not chosen],Journalism,Yes
yxJD,[^not chosen],x,[^not chosen],[^not chosen],[^not chosen],[^not chosen],[^not chosen],On site (fully or mostly),Hybrid,[\unasked],Analyst,1,[^not chosen],x,[^not chosen],[^not chosen],[^not chosen],1,[^not chosen],[^not chosen],[^not chosen],[^not chosen],[^not chosen],x,[^not chosen],[\unasked],0,[\unasked],[\unasked],[\unasked],[\unasked],[\unasked],[\unasked],[\unasked],[\unasked],[\unasked],[\unasked],0,[\unasked],[\unasked],[\unasked],[\unasked],[\unasked],Bachelor’s degree,2,x,x,[^not chosen],[^not chosen],[^not chosen],[^not chosen],[^not chosen],[^not chosen],[^not chosen],[^not chosen],0,[^not chosen],[^not chosen],[^not chosen],[^not chosen],[^not chosen],[^not chosen],[^not chosen],[^not chosen],[^not chosen],[^not chosen],Yes
qYUK,[^not chosen],x,[^not chosen],[^not chosen],[^not chosen],[^not chosen],[^not chosen],Hybrid,Hybrid,[\unasked],Analyst,2,x,[^not chosen],[^not chosen],x,[^not chosen],4,x,x,x,[^not chosen],[^not chosen],[^not chosen],Military,[\unasked],0,[\unasked],[\unasked],[\unasked],[\unasked],[\unasked],[\unasked],[\unasked],[\unasked],[\unasked],[\unasked],0,[\unasked],[\unasked],[\unasked],[\unasked],[\unasked],Master’s (or similar graduate degree),1,[^not chosen],[^not chosen],[^not chosen],[^not chosen],[^not chosen],x,[^not chosen],[^not chosen],[^not chosen],[^not chosen],1,[^not chosen],[^not chosen],[^not chosen],[^not chosen],[^not chosen],x,[^not chosen],[^not chosen],[^not chosen],[^not chosen],Yes
KzPQ,x,[^not chosen],[^not chosen],[^not chosen],[^not chosen],[^not chosen],[^not chosen],Hybrid,Hybrid,Developer,[\unasked],0,[\unasked],[\unasked],[\unasked],[\unasked],[\unasked],0,[\unasked],[\unasked],[\unasked],[\unasked],[\unasked],[\unasked],[\unasked],[\unasked],0,[\unasked],[\unasked],[\unasked],[\unasked],[\unasked],[\unasked],[\unasked],[\unasked],[\unasked],[\unasked],0,[\unasked],[\unasked],[\unasked],[\unasked],[\unasked],Some college,0,[^not chosen],[^not chosen],[^not chosen],[^not chosen],[^not chosen],[^not chosen],[^not chosen],[^not chosen],[^not chosen],[^not chosen],0,[^not chosen],[^not chosen],[^not chosen],[^not chosen],[^not chosen],[^not chosen],[^not chosen],[^not chosen],[^not chosen],[^not chosen],Yes
KBVx,[^not chosen],x,[^not chosen],[^not chosen],[^not chosen],[^not chosen],[^not chosen],Hybrid,Hybrid,[\unasked],Developer,1,x,[^not chosen],[^not chosen],[^not chosen],[^not chosen],0,[^not chosen],[^not chosen],[^not chosen],[^not chosen],[^not chosen],[^not chosen],[^not chosen],[\unasked],0,[\unasked],[\unasked],[\unasked],[\unasked],[\unasked],[\unasked],[\unasked],[\unasked],[\unasked],[\unasked],0,[\unasked],[\unasked],[\unasked],[\unasked],[\unasked],Bachelor’s degree,1,x,[^not chosen],[^not chosen],[^not chosen],[^not chosen],[^not chosen],[^not chosen],[^not chosen],[^not chosen],[^not chosen],0,[^not chosen],[^not chosen],[^not chosen],[^not chosen],[^not chosen],[^not chosen],[^not chosen],[^not chosen],[^not chosen],[^not chosen],No
XBYj,[^not chosen],x,[^not chosen],[^not chosen],[^not chosen],[^not chosen],[^not chosen],Hybrid,Hybrid,[\unasked],Designer,4,x,x,x,x,[^not chosen],3,[^not chosen],x,[^not chosen],x,[^not chosen],x,[^not chosen],[\unasked],0,[\unasked],[\unasked],[\unasked],[\unasked],[\unasked],[\unasked],[\unasked],[\unasked],[\unasked],[\unasked],0,[\unasked],[\unasked],[\unasked],[\unasked],[\unasked],Master’s (or similar graduate degree),1,x,[^not chosen],[^not chosen],[^not chosen],[^not chosen],[^not chosen],[^not chosen],[^not chosen],[^not chosen],[^not chosen],1,[^not chosen],[^not chosen],[^not chosen],[^not chosen],[^not chosen],[^not chosen],[^not chosen],[^not chosen],[^not chosen],"Engineering, Industrial Design, Information Design",Yes
xmHe,[^not chosen],x,[^not chosen],[^not chosen],[^not chosen],[^not chosen],[^not chosen],Hybrid,Hybrid,[\unasked],Developer,1,[^not chosen],x,[^not chosen],[^not chosen],[^not chosen],1,[^not chosen],[^not chosen],[^not chosen],[^not chosen],[^not chosen],[^not chosen],Manufacturing; Automotive,[\unasked],0,[\unasked],[\unasked],[\unasked],[\unasked],[\unasked],[\unasked],[\unasked],[\unasked],[\unasked],[\unasked],0,[\unasked],[\unasked],[\unasked],[\unasked],[\unasked],Bachelor’s degree,1,[^not chosen],[^not chosen],x,[^not chosen],[^not chosen],[^not chosen],[^not chosen],[^not chosen],[^not chosen],[^not chosen],0,[^not chosen],[^not chosen],[^not chosen],[^not chosen],[^not chosen],[^not chosen],[^not chosen],[^not chosen],[^not chosen],[^not chosen],No
dPbD,[^not chosen],x,[^not chosen],[^not chosen],[^not chosen],[^not chosen],[^not chosen],Hybrid,Hybrid,[\unasked],Designer,4,x,x,x,x,[^not chosen],3,[^not chosen],[^not chosen],[^not chosen],x,[^not chosen],x,Sustainable Development,[\unasked],0,[\unasked],[\unasked],[\unasked],[\unasked],[\unasked],[\unasked],[\unasked],[\unasked],[\unasked],[\unasked],0,[\unasked],[\unasked],[\unasked],[\unasked],[\unasked],Bachelor’s degree,2,x,[^not chosen],[^not chosen],[^not chosen],[^not chosen],[^not chosen],[^not chosen],[^not chosen],[^not chosen],Interactive Media Design,0,[^not chosen],[^not chosen],[^not chosen],[^not chosen],[^not chosen],[^not chosen],[^not chosen],[^not chosen],[^not chosen],[^not chosen],No
LOMk,[^not chosen],[^not chosen],x,[^not chosen],[^not chosen],[^not chosen],[^not chosen],Remote (fully or mostly),Hybrid,[\unasked],[\unasked],0,[\unasked],[\unasked],[\unasked],[\unasked],[\unasked],0,[\unasked],[\unasked],[\unasked],[\unasked],[\unasked],[\unasked],[\unasked],[\unasked],0,[\unasked],[\unasked],[\unasked],[\unasked],[\unasked],[\unasked],[\unasked],[\unasked],[\unasked],6–10 hours,5,Often,Often,Rarely,Sometimes,Often,Master’s (or similar graduate degree),2,[^not chosen],[^not chosen],[^not chosen],x,[^not chosen],x,[^not chosen],[^not chosen],[^not chosen],[^not chosen],2,[^not chosen],[^not chosen],[^not chosen],x,[^not chosen],x,[^not chosen],[^not chosen],[^not chosen],[^not chosen],Yes
eoGo,[^not chosen],x,[^not chosen],[^not chosen],[^not chosen],[^not chosen],[^not chosen],Hybrid,Hybrid,[\unasked],Analyst,1,[^not chosen],x,[^not chosen],[^not chosen],[^not chosen],1,[^not chosen],[^not chosen],[^not chosen],[^not chosen],[^not chosen],[^not chosen],Insurance,[\unasked],0,[\unasked],[\unasked],[\unasked],[\unasked],[\unasked],[\unasked],[\unasked],[\unasked],[\unasked],[\unasked],0,[\unasked],[\unasked],[\unasked],[\unasked],[\unasked],"Doctoral degree (e.g., PhD, EdD, PsyD)",1,[^not chosen],[^not chosen],[^not chosen],[^not chosen],[^not chosen],[^not chosen],x,[^not chosen],[^not chosen],[^not chosen],1,[^not chosen],[^not chosen],[^not chosen],[^not chosen],[^not chosen],[^not chosen],x,[^not chosen],[^not chosen],[^not chosen],Yes
BGyH,[^not chosen],x,[^not chosen],[^not chosen],[^not chosen],[^not chosen],[^not chosen],Hybrid,Hybrid,[\unasked],Analyst,1,[^not chosen],[^not chosen],x,[^not chosen],[^not chosen],1,[^not chosen],[^not chosen],[^not chosen],[^not chosen],[^not chosen],[^not chosen],Sports,[\unasked],0,[\unasked],[\unasked],[\unasked],[\unasked],[\unasked],[\unasked],[\unasked],[\unasked],[\unasked],[\unasked],0,[\unasked],[\unasked],[\unasked],[\unasked],[\unasked],Bachelor’s degree,1,[^not chosen],[^not chosen],[^not chosen],[^not chosen],[^not chosen],x,[^not chosen],[^not chosen],[^not chosen],[^not chosen],0,[^not chosen],[^not chosen],[^not chosen],[^not chosen],[^not chosen],[^not chosen],[^not chosen],[^not chosen],[^not chosen],[^not chosen],Yes
aSRx,[^not chosen],x,[^not chosen],[^not chosen],[^not chosen],[^not chosen],[^not chosen],Hybrid,Hybrid,[\unasked],Developer,1,[^not chosen],x,[^not chosen],[^not chosen],[^not chosen],1,[^not chosen],[^not chosen],[^not chosen],[^not chosen],x,[^not chosen],[^not chosen],[\unasked],0,[\unasked],[\unasked],[\unasked],[\unasked],[\unasked],[\unasked],[\unasked],[\unasked],[\unasked],[\unasked],0,[\unasked],[\unasked],[\unasked],[\unasked],[\unasked],Master’s (or similar graduate degree),2,x,[^not chosen],[^not chosen],[^not chosen],[^not chosen],[^not chosen],x,[^not chosen],[^not chosen],[^not chosen],2,x,[^not chosen],[^not chosen],[^not chosen],x,[^not chosen],[^not chosen],[^not chosen],[^not chosen],[^not chosen],Yes
VDYM,[^not chosen],x,[^not chosen],[^not chosen],[^not chosen],[^not chosen],[^not chosen],Hybrid,Hybrid,[\unasked],Analyst,1,x,[^not chosen],[^not chosen],[^not chosen],[^not chosen],1,[^not chosen],[^not chosen],[^not chosen],[^not chosen],[^not chosen],[^not chosen],Transportation,[\unasked],0,[\unasked],[\unasked],[\unasked],[\unasked],[\unasked],[\unasked],[\unasked],[\unasked],[\unasked],[\unasked],0,[\unasked],[\unasked],[\unasked],[\unasked],[\unasked],Master’s (or similar graduate degree),1,[^not chosen],[^not chosen],[^not chosen],[^not chosen],[^not chosen],x,[^not chosen],[^not chosen],[^not chosen],[^not chosen],1,[^not chosen],[^not chosen],[^not chosen],[^not chosen],[^not chosen],x,[^not chosen],[^not chosen],[^not chosen],[^not chosen],Yes
Dbbr,[^not chosen],x,[^not chosen],[^not chosen],[^not chosen],[^not chosen],[^not chosen],Hybrid,Hybrid,[\unasked],Analyst,1,[^not chosen],[^not chosen],x,[^not chosen],[^not chosen],1,[^not chosen],[^not chosen],[^not chosen],[^not chosen],[^not chosen],[^not chosen],social services,[\unasked],0,[\unasked],[\unasked],[\unasked],[\unasked],[\unasked],[\unasked],[\unasked],[\unasked],[\unasked],[\unasked],0,[\unasked],[\unasked],[\unasked],[\unasked],[\unasked],Master’s (or similar graduate degree),1,[^not chosen],[^not chosen],[^not chosen],[^not chosen],[^not chosen],[^not chosen],x,[^not chosen],[^not chosen],[^not chosen],1,[^not chosen],[^not chosen],[^not chosen],[^not chosen],[^not chosen],[^not chosen],[^not chosen],[^not chosen],x,[^not chosen],No
SfvE,[^not chosen],[^not chosen],[^not chosen],[^not chosen],x,[^not chosen],[^not chosen],Hybrid,Hybrid,[\unasked],[\unasked],0,[\unasked],[\unasked],[\unasked],[\unasked],[\unasked],0,[\unasked],[\unasked],[\unasked],[\unasked],[\unasked],[\unasked],[\unasked],"Science, Math, and Technology",3,x,x,x,[^not chosen],[^not chosen],[\unasked],[\unasked],[\unasked],[\unasked],[\unasked],0,[\unasked],[\unasked],[\unasked],[\unasked],[\unasked],"Doctoral degree (e.g., PhD, EdD, PsyD)",1,[^not chosen],[^not chosen],[^not chosen],[^not chosen],[^not chosen],[^not chosen],x,[^not chosen],[^not chosen],[^not chosen],1,[^not chosen],[^not chosen],[^not chosen],[^not chosen],[^not chosen],x,[^not chosen],[^not chosen],[^not chosen],[^not chosen],Yes
JfSx,[^not chosen],x,[^not chosen],[^not chosen],[^not chosen],[^not chosen],[^not chosen],Hybrid,Hybrid,[\unasked],Designer,1,[^not chosen],x,[^not chosen],[^not chosen],[^not chosen],3,[^not chosen],[^not chosen],x,[^not chosen],x,x,[^not chosen],[\unasked],0,[\unasked],[\unasked],[\unasked],[\unasked],[\unasked],[\unasked],[\unasked],[\unasked],[\unasked],[\unasked],0,[\unasked],[\unasked],[\unasked],[\unasked],[\unasked],Bachelor’s degree,1,x,[^not chosen],[^not chosen],[^not chosen],[^not chosen],[^not chosen],[^not chosen],[^not chosen],[^not chosen],[^not chosen],0,[^not chosen],[^not chosen],[^not chosen],[^not chosen],[^not chosen],[^not chosen],[^not chosen],[^not chosen],[^not chosen],[^not chosen],Yes
rHrM,[^not chosen],x,x,[^not chosen],x,[^not chosen],[^not chosen],Remote (fully or mostly),Hybrid,[\unasked],"Leadership (Manager, Director, VP, etc.)",2,x,x,[^not chosen],[^not chosen],[^not chosen],1,[^not chosen],[^not chosen],x,[^not chosen],[^not chosen],[^not chosen],[^not chosen],"Science, Math, and Technology",1,[^not chosen],x,[^not chosen],[^not chosen],[^not chosen],[\unasked],[\unasked],[\unasked],[\unasked],5 hours or less,5,Sometimes,Often,Rarely,Sometimes,Sometimes,Master’s (or similar graduate degree),1,[^not chosen],[^not chosen],[^not chosen],[^not chosen],x,[^not chosen],[^not chosen],[^not chosen],[^not chosen],[^not chosen],1,[^not chosen],[^not chosen],x,[^not chosen],[^not chosen],[^not chosen],[^not chosen],[^not chosen],[^not chosen],[^not chosen],No
CxID,[^not chosen],x,[^not chosen],[^not chosen],[^not chosen],[^not chosen],[^not chosen],Hybrid,Hybrid,[\unasked],Analyst,1,[^not chosen],x,[^not chosen],[^not chosen],[^not chosen],1,[^not chosen],[^not chosen],x,[^not chosen],[^not chosen],[^not chosen],[^not chosen],[\unasked],0,[\unasked],[\unasked],[\unasked],[\unasked],[\unasked],[\unasked],[\unasked],[\unasked],[\unasked],[\unasked],0,[\unasked],[\unasked],[\unasked],[\unasked],[\unasked],Master’s (or similar graduate degree),1,[^not chosen],[^not chosen],[^not chosen],[^not chosen],[^not chosen],x,[^not chosen],[^not chosen],[^not chosen],[^not chosen],1,[^not chosen],[^not chosen],[^not chosen],[^not chosen],[^not chosen],x,[^not chosen],[^not chosen],[^not chosen],[^not chosen],Yes
zsTw,[^not chosen],x,[^not chosen],[^not chosen],[^not chosen],[^not chosen],[^not chosen],Hybrid,Hybrid,[\unasked],Journalist,1,[^not chosen],x,[^not chosen],[^not chosen],[^not chosen],1,[^not chosen],[^not chosen],[^not chosen],x,[^not chosen],[^not chosen],[^not chosen],[\unasked],0,[\unasked],[\unasked],[\unasked],[\unasked],[\unasked],[\unasked],[\unasked],[\unasked],[\unasked],[\unasked],0,[\unasked],[\unasked],[\unasked],[\unasked],[\unasked],Bachelor’s degree,1,[^not chosen],[^not chosen],[^not chosen],[^not chosen],[^not chosen],[^not chosen],[^not chosen],[^not chosen],[^not chosen],Journalism,0,[^not chosen],[^not chosen],[^not chosen],[^not chosen],[^not chosen],[^not chosen],[^not chosen],[^not chosen],[^not chosen],[^not chosen],I don’t know
YNQI,x,[^not chosen],[^not chosen],[^not chosen],[^not chosen],[^not chosen],[^not chosen],Hybrid,Hybrid,Analyst,[\unasked],0,[\unasked],[\unasked],[\unasked],[\unasked],[\unasked],0,[\unasked],[\unasked],[\unasked],[\unasked],[\unasked],[\unasked],[\unasked],[\unasked],0,[\unasked],[\unasked],[\unasked],[\unasked],[\unasked],[\unasked],[\unasked],[\unasked],[\unasked],[\unasked],0,[\unasked],[\unasked],[\unasked],[\unasked],[\unasked],Master’s (or similar graduate degree),1,[^not chosen],[^not chosen],[^not chosen],[^not chosen],[^not chosen],x,[^not chosen],[^not chosen],[^not chosen],[^not chosen],1,[^not chosen],[^not chosen],[^not chosen],[^not chosen],[^not chosen],x,[^not chosen],[^not chosen],[^not chosen],[^not chosen],I don’t know
kxkV,[^not chosen],x,[^not chosen],[^not chosen],[^not chosen],[^not chosen],[^not chosen],Hybrid,Hybrid,[\unasked],Designer,1,[^not chosen],[^not chosen],[^not chosen],[^not chosen],Other (please specify and use semicolons (;) to separate distinct items),1,[^not chosen],[^not chosen],[^not chosen],x,[^not chosen],[^not chosen],[^not chosen],[\unasked],0,[\unasked],[\unasked],[\unasked],[\unasked],[\unasked],[\unasked],[\unasked],[\unasked],[\unasked],[\unasked],0,[\unasked],[\unasked],[\unasked],[\unasked],[\unasked],Master’s (or similar graduate degree),1,[^not chosen],[^not chosen],[^not chosen],[^not chosen],[^not chosen],[^not chosen],[^not chosen],[^not chosen],[^not chosen],Urban design,1,[^not chosen],[^not chosen],[^not chosen],[^not chosen],[^not chosen],[^not chosen],[^not chosen],[^not chosen],[^not chosen],Urban design,Yes
niOr,[^not chosen],x,[^not chosen],[^not chosen],[^not chosen],[^not chosen],[^not chosen],Hybrid,Hybrid,[\unasked],Developer,1,[^not chosen],[^not chosen],x,[^not chosen],[^not chosen],2,[^not chosen],[^not chosen],[^not chosen],[^not chosen],[^not chosen],x,"Education, workforce development",[\unasked],0,[\unasked],[\unasked],[\unasked],[\unasked],[\unasked],[\unasked],[\unasked],[\unasked],[\unasked],[\unasked],0,[\unasked],[\unasked],[\unasked],[\unasked],[\unasked],Bachelor’s degree,1,[^not chosen],[^not chosen],[^not chosen],[^not chosen],[^not chosen],x,[^not chosen],[^not chosen],[^not chosen],[^not chosen],0,[^not chosen],[^not chosen],[^not chosen],[^not chosen],[^not chosen],[^not chosen],[^not chosen],[^not chosen],[^not chosen],[^not chosen],I don’t know
bSAN,[^not chosen],x,[^not chosen],[^not chosen],[^not chosen],[^not chosen],[^not chosen],On site (fully or mostly),Hybrid,[\unasked],"Leadership (Manager, Director, VP, etc.)",1,[^not chosen],[^not chosen],[^not chosen],x,[^not chosen],1,[^not chosen],[^not chosen],[^not chosen],[^not chosen],[^not chosen],[^not chosen],Education,[\unasked],0,[\unasked],[\unasked],[\unasked],[\unasked],[\unasked],[\unasked],[\unasked],[\unasked],[\unasked],[\unasked],0,[\unasked],[\unasked],[\unasked],[\unasked],[\unasked],Master’s (or similar graduate degree),2,x,[^not chosen],x,[^not chosen],[^not chosen],[^not chosen],[^not chosen],[^not chosen],[^not chosen],[^not chosen],2,x,[^not chosen],x,[^not chosen],[^not chosen],[^not chosen],[^not chosen],[^not chosen],[^not chosen],[^not chosen],Yes
dRgK,[^not chosen],x,[^not chosen],[^not chosen],[^not chosen],[^not chosen],[^not chosen],Hybrid,Hybrid,[\unasked],Designer,1,[^not chosen],x,[^not chosen],[^not chosen],[^not chosen],2,[^not chosen],[^not chosen],[^not chosen],[^not chosen],x,x,[^not chosen],[\unasked],0,[\unasked],[\unasked],[\unasked],[\unasked],[\unasked],[\unasked],[\unasked],[\unasked],[\unasked],[\unasked],0,[\unasked],[\unasked],[\unasked],[\unasked],[\unasked],Master’s (or similar graduate degree),1,[^not chosen],x,[^not chosen],[^not chosen],[^not chosen],[^not chosen],[^not chosen],[^not chosen],[^not chosen],[^not chosen],1,[^not chosen],x,[^not chosen],[^not chosen],[^not chosen],[^not chosen],[^not chosen],[^not chosen],[^not chosen],[^not chosen],Yes
ORYJ,x,[^not chosen],[^not chosen],[^not chosen],[^not chosen],[^not chosen],[^not chosen],Remote (fully or mostly),Hybrid,Designer,[\unasked],0,[\unasked],[\unasked],[\unasked],[\unasked],[\unasked],0,[\unasked],[\unasked],[\unasked],[\unasked],[\unasked],[\unasked],[\unasked],[\unasked],0,[\unasked],[\unasked],[\unasked],[\unasked],[\unasked],[\unasked],[\unasked],[\unasked],[\unasked],[\unasked],0,[\unasked],[\unasked],[\unasked],[\unasked],[\unasked],Master’s (or similar graduate degree),1,[^not chosen],[^not chosen],[^not chosen],[^not chosen],[^not chosen],x,[^not chosen],[^not chosen],[^not chosen],[^not chosen],1,[^not chosen],[^not chosen],[^not chosen],[^not chosen],[^not chosen],[^not chosen],x,[^not chosen],[^not chosen],[^not chosen],Yes
CiTS,[^not chosen],x,[^not chosen],[^not chosen],[^not chosen],[^not chosen],[^not chosen],Hybrid,Hybrid,[\unasked],Analyst,1,[^not chosen],x,[^not chosen],[^not chosen],[^not chosen],1,x,[^not chosen],[^not chosen],[^not chosen],[^not chosen],[^not chosen],[^not chosen],[\unasked],0,[\unasked],[\unasked],[\unasked],[\unasked],[\unasked],[\unasked],[\unasked],[\unasked],[\unasked],[\unasked],0,[\unasked],[\unasked],[\unasked],[\unasked],[\unasked],Bachelor’s degree,1,[^not chosen],[^not chosen],[^not chosen],[^not chosen],[^not chosen],x,[^not chosen],[^not chosen],[^not chosen],[^not chosen],0,[^not chosen],[^not chosen],[^not chosen],[^not chosen],[^not chosen],[^not chosen],[^not chosen],[^not chosen],[^not chosen],[^not chosen],No
YymH,[^not chosen],x,[^not chosen],[^not chosen],[^not chosen],[^not chosen],[^not chosen],Hybrid,Hybrid,[\unasked],Journalist,1,[^not chosen],x,[^not chosen],[^not chosen],[^not chosen],1,[^not chosen],[^not chosen],[^not chosen],x,[^not chosen],[^not chosen],[^not chosen],[\unasked],0,[\unasked],[\unasked],[\unasked],[\unasked],[\unasked],[\unasked],[\unasked],[\unasked],[\unasked],[\unasked],0,[\unasked],[\unasked],[\unasked],[\unasked],[\unasked],Master’s (or similar graduate degree),1,[^not chosen],[^not chosen],[^not chosen],[^not chosen],[^not chosen],x,[^not chosen],[^not chosen],[^not chosen],[^not chosen],1,[^not chosen],[^not chosen],[^not chosen],[^not chosen],[^not chosen],x,[^not chosen],[^not chosen],[^not chosen],[^not chosen],Yes
TDbb,[^not chosen],x,[^not chosen],[^not chosen],[^not chosen],[^not chosen],[^not chosen],Remote (fully or mostly),Hybrid,[\unasked],Analyst,1,[^not chosen],[^not chosen],x,[^not chosen],[^not chosen],1,[^not chosen],[^not chosen],[^not chosen],[^not chosen],[^not chosen],[^not chosen],Environment,[\unasked],0,[\unasked],[\unasked],[\unasked],[\unasked],[\unasked],[\unasked],[\unasked],[\unasked],[\unasked],[\unasked],0,[\unasked],[\unasked],[\unasked],[\unasked],[\unasked],Master’s (or similar graduate degree),2,[^not chosen],[^not chosen],[^not chosen],[^not chosen],[^not chosen],x,x,[^not chosen],[^not chosen],[^not chosen],1,[^not chosen],[^not chosen],[^not chosen],[^not chosen],[^not chosen],x,[^not chosen],[^not chosen],[^not chosen],[^not chosen],Yes
Jhtv,[^not chosen],x,[^not chosen],[^not chosen],[^not chosen],[^not chosen],[^not chosen],Hybrid,Hybrid,[\unasked],Analyst,1,[^not chosen],x,[^not chosen],[^not chosen],[^not chosen],1,[^not chosen],[^not chosen],[^not chosen],[^not chosen],[^not chosen],[^not chosen],Food Wholesaler,[\unasked],0,[\unasked],[\unasked],[\unasked],[\unasked],[\unasked],[\unasked],[\unasked],[\unasked],[\unasked],[\unasked],0,[\unasked],[\unasked],[\unasked],[\unasked],[\unasked],Bachelor’s degree,1,[^not chosen],[^not chosen],[^not chosen],[^not chosen],[^not chosen],[^not chosen],[^not chosen],[^not chosen],[^not chosen],Communications,0,[^not chosen],[^not chosen],[^not chosen],[^not chosen],[^not chosen],[^not chosen],[^not chosen],[^not chosen],[^not chosen],[^not chosen],Yes
mgnV,[^not chosen],x,[^not chosen],[^not chosen],[^not chosen],[^not chosen],[^not chosen],Hybrid,Hybrid,[\unasked],"Leadership (Manager, Director, VP, etc.)",1,x,[^not chosen],[^not chosen],[^not chosen],[^not chosen],1,[^not chosen],[^not chosen],[^not chosen],[^not chosen],[^not chosen],[^not chosen],Social Services,[\unasked],0,[\unasked],[\unasked],[\unasked],[\unasked],[\unasked],[\unasked],[\unasked],[\unasked],[\unasked],[\unasked],0,[\unasked],[\unasked],[\unasked],[\unasked],[\unasked],Master’s (or similar graduate degree),1,x,[^not chosen],[^not chosen],[^not chosen],[^not chosen],[^not chosen],[^not chosen],[^not chosen],[^not chosen],[^not chosen],1,x,[^not chosen],[^not chosen],[^not chosen],[^not chosen],[^not chosen],[^not chosen],[^not chosen],[^not chosen],[^not chosen],No
qOBz,x,[^not chosen],[^not chosen],[^not chosen],[^not chosen],[^not chosen],[^not chosen],Hybrid,Hybrid,Designer,[\unasked],0,[\unasked],[\unasked],[\unasked],[\unasked],[\unasked],0,[\unasked],[\unasked],[\unasked],[\unasked],[\unasked],[\unasked],[\unasked],[\unasked],0,[\unasked],[\unasked],[\unasked],[\unasked],[\unasked],[\unasked],[\unasked],[\unasked],[\unasked],[\unasked],0,[\unasked],[\unasked],[\unasked],[\unasked],[\unasked],[^not answered],0,[^not chosen],[^not chosen],[^not chosen],[^not chosen],[^not chosen],[^not chosen],[^not chosen],[^not chosen],[^not chosen],[^not chosen],0,[^not chosen],[^not chosen],[^not chosen],[^not chosen],[^not chosen],[^not chosen],[^not chosen],[^not chosen],[^not chosen],[^not chosen],I don’t know
gwQj,x,[^not chosen],[^not chosen],[^not chosen],[^not chosen],[^not chosen],[^not chosen],Remote (fully or mostly),Hybrid,None of these describes my role,[\unasked],0,[\unasked],[\unasked],[\unasked],[\unasked],[\unasked],0,[\unasked],[\unasked],[\unasked],[\unasked],[\unasked],[\unasked],[\unasked],[\unasked],0,[\unasked],[\unasked],[\unasked],[\unasked],[\unasked],[\unasked],[\unasked],[\unasked],[\unasked],[\unasked],0,[\unasked],[\unasked],[\unasked],[\unasked],[\unasked],Master’s (or similar graduate degree),2,x,[^not chosen],[^not chosen],[^not chosen],[^not chosen],[^not chosen],x,[^not chosen],[^not chosen],[^not chosen],1,[^not chosen],[^not chosen],[^not chosen],[^not chosen],x,[^not chosen],[^not chosen],[^not chosen],[^not chosen],[^not chosen],Yes
fZCv,[^not chosen],x,[^not chosen],[^not chosen],[^not chosen],[^not chosen],[^not chosen],Hybrid,Hybrid,[\unasked],Analyst,2,[^not chosen],x,[^not chosen],[^not chosen],Government Contractor,3,[^not chosen],x,x,[^not chosen],[^not chosen],[^not chosen],Transportation; Education; Food and Nutrition; Labor and Workforce Development; Social Services; Public Health; Behavioral Health,[\unasked],0,[\unasked],[\unasked],[\unasked],[\unasked],[\unasked],[\unasked],[\unasked],[\unasked],[\unasked],[\unasked],0,[\unasked],[\unasked],[\unasked],[\unasked],[\unasked],Bachelor’s degree,1,[^not chosen],[^not chosen],[^not chosen],[^not chosen],[^not chosen],[^not chosen],x,[^not chosen],[^not chosen],[^not chosen],0,[^not chosen],[^not chosen],[^not chosen],[^not chosen],[^not chosen],[^not chosen],[^not chosen],[^not chosen],[^not chosen],[^not chosen],No
Bbnw,[^not chosen],x,x,[^not chosen],[^not chosen],[^not chosen],[^not chosen],Hybrid,Hybrid,[\unasked],Analyst,1,x,[^not chosen],[^not chosen],[^not chosen],[^not chosen],2,[^not chosen],x,[^not chosen],[^not chosen],[^not chosen],[^not chosen],Public policy,[\unasked],0,[\unasked],[\unasked],[\unasked],[\unasked],[\unasked],[\unasked],[\unasked],[\unasked],[\unasked],5 hours or less,5,Often,Rarely,Often,Sometimes,Often,Master’s (or similar graduate degree),1,[^not chosen],[^not chosen],[^not chosen],[^not chosen],[^not chosen],[^not chosen],[^not chosen],[^not chosen],[^not chosen],Engineering,1,[^not chosen],[^not chosen],[^not chosen],[^not chosen],[^not chosen],[^not chosen],[^not chosen],[^not chosen],[^not chosen],Engineering,Yes
oXHf,[^not chosen],x,[^not chosen],[^not chosen],[^not chosen],[^not chosen],[^not chosen],Hybrid,Hybrid,[\unasked],Scientist,1,x,[^not chosen],[^not chosen],[^not chosen],[^not chosen],1,[^not chosen],x,[^not chosen],[^not chosen],[^not chosen],[^not chosen],[^not chosen],[\unasked],0,[\unasked],[\unasked],[\unasked],[\unasked],[\unasked],[\unasked],[\unasked],[\unasked],[\unasked],[\unasked],0,[\unasked],[\unasked],[\unasked],[\unasked],[\unasked],Master’s (or similar graduate degree),1,[^not chosen],[^not chosen],[^not chosen],[^not chosen],[^not chosen],x,[^not chosen],[^not chosen],[^not chosen],[^not chosen],1,[^not chosen],[^not chosen],[^not chosen],[^not chosen],x,[^not chosen],[^not chosen],[^not chosen],[^not chosen],[^not chosen],No
eXBd,[^not chosen],x,x,[^not chosen],[^not chosen],[^not chosen],[^not chosen],Hybrid,Hybrid,[\unasked],Analyst,1,[^not chosen],x,[^not chosen],[^not chosen],[^not chosen],1,[^not chosen],[^not chosen],[^not chosen],[^not chosen],[^not chosen],[^not chosen],Law,[\unasked],0,[\unasked],[\unasked],[\unasked],[\unasked],[\unasked],[\unasked],[\unasked],[\unasked],[\unasked],11–20 hours,5,Sometimes,Often,Rarely,Sometimes,Often,Bachelor’s degree,2,x,[^not chosen],[^not chosen],[^not chosen],[^not chosen],x,[^not chosen],[^not chosen],[^not chosen],[^not chosen],0,[^not chosen],[^not chosen],[^not chosen],[^not chosen],[^not chosen],[^not chosen],[^not chosen],[^not chosen],[^not chosen],[^not chosen],Yes
ZRRO,[^not chosen],x,[^not chosen],[^not chosen],[^not chosen],[^not chosen],[^not chosen],Hybrid,Hybrid,[\unasked],Analyst,1,[^not chosen],x,[^not chosen],[^not chosen],[^not chosen],1,[^not chosen],[^not chosen],x,[^not chosen],[^not chosen],[^not chosen],[^not chosen],[\unasked],0,[\unasked],[\unasked],[\unasked],[\unasked],[\unasked],[\unasked],[\unasked],[\unasked],[\unasked],[\unasked],0,[\unasked],[\unasked],[\unasked],[\unasked],[\unasked],Master’s (or similar graduate degree),1,[^not chosen],[^not chosen],[^not chosen],[^not chosen],[^not chosen],x,[^not chosen],[^not chosen],[^not chosen],[^not chosen],1,[^not chosen],[^not chosen],[^not chosen],[^not chosen],[^not chosen],x,[^not chosen],[^not chosen],[^not chosen],[^not chosen],No
TJCi,[^not chosen],x,[^not chosen],[^not chosen],[^not chosen],[^not chosen],[^not chosen],Hybrid,Hybrid,[\unasked],Analyst,1,[^not chosen],[^not chosen],[^not chosen],x,[^not chosen],1,[^not chosen],[^not chosen],[^not chosen],[^not chosen],[^not chosen],x,[^not chosen],[\unasked],0,[\unasked],[\unasked],[\unasked],[\unasked],[\unasked],[\unasked],[\unasked],[\unasked],[\unasked],[\unasked],0,[\unasked],[\unasked],[\unasked],[\unasked],[\unasked],Master’s (or similar graduate degree),1,[^not chosen],[^not chosen],[^not chosen],[^not chosen],[^not chosen],x,[^not chosen],[^not chosen],[^not chosen],[^not chosen],1,[^not chosen],[^not chosen],[^not chosen],[^not chosen],[^not chosen],x,[^not chosen],[^not chosen],[^not chosen],[^not chosen],Yes
BRKX,[^not chosen],x,[^not chosen],[^not chosen],[^not chosen],[^not chosen],[^not chosen],Hybrid,Hybrid,[\unasked],Scientist,1,x,[^not chosen],[^not chosen],[^not chosen],[^not chosen],1,[^not chosen],[^not chosen],[^not chosen],[^not chosen],[^not chosen],[^not chosen],Public Health,[\unasked],0,[\unasked],[\unasked],[\unasked],[\unasked],[\unasked],[\unasked],[\unasked],[\unasked],[\unasked],[\unasked],0,[\unasked],[\unasked],[\unasked],[\unasked],[\unasked],Master’s (or similar graduate degree),1,[^not chosen],[^not chosen],[^not chosen],x,[^not chosen],[^not chosen],[^not chosen],[^not chosen],[^not chosen],[^not chosen],1,[^not chosen],[^not chosen],[^not chosen],x,[^not chosen],[^not chosen],[^not chosen],[^not chosen],[^not chosen],[^not chosen],Yes
jbfs,[^not chosen],x,[^not chosen],[^not chosen],[^not chosen],[^not chosen],[^not chosen],Hybrid,Hybrid,[\unasked],"Leadership (Manager, Director, VP, etc.)",1,[^not chosen],[^not chosen],x,[^not chosen],[^not chosen],1,[^not chosen],[^not chosen],[^not chosen],[^not chosen],[^not chosen],[^not chosen],Social services; youth,[\unasked],0,[\unasked],[\unasked],[\unasked],[\unasked],[\unasked],[\unasked],[\unasked],[\unasked],[\unasked],[\unasked],0,[\unasked],[\unasked],[\unasked],[\unasked],[\unasked],Master’s (or similar graduate degree),1,[^not chosen],[^not chosen],[^not chosen],[^not chosen],[^not chosen],[^not chosen],x,[^not chosen],[^not chosen],[^not chosen],1,[^not chosen],[^not chosen],[^not chosen],x,[^not chosen],[^not chosen],[^not chosen],[^not chosen],[^not chosen],[^not chosen],No
wtin,x,x,[^not chosen],[^not chosen],[^not chosen],[^not chosen],[^not chosen],Hybrid,Hybrid,Analyst,Analyst,1,[^not chosen],[^not chosen],x,[^not chosen],[^not chosen],1,[^not chosen],[^not chosen],[^not chosen],[^not chosen],[^not chosen],[^not chosen],Food and agricultural,[\unasked],0,[\unasked],[\unasked],[\unasked],[\unasked],[\unasked],[\unasked],[\unasked],[\unasked],[\unasked],[\unasked],0,[\unasked],[\unasked],[\unasked],[\unasked],[\unasked],Master’s (or similar graduate degree),2,x,[^not chosen],[^not chosen],[^not chosen],[^not chosen],[^not chosen],x,[^not chosen],[^not chosen],[^not chosen],1,[^not chosen],[^not chosen],[^not chosen],[^not chosen],[^not chosen],[^not chosen],x,[^not chosen],[^not chosen],[^not chosen],Yes
bDkT,[^not chosen],x,[^not chosen],[^not chosen],[^not chosen],[^not chosen],[^not chosen],Remote (fully or mostly),Hybrid,[\unasked],None of these describes my role,1,[^not chosen],[^not chosen],x,[^not chosen],[^not chosen],0,[^not chosen],[^not chosen],[^not chosen],[^not chosen],[^not chosen],[^not chosen],[^not chosen],[\unasked],0,[\unasked],[\unasked],[\unasked],[\unasked],[\unasked],[\unasked],[\unasked],[\unasked],[\unasked],[\unasked],0,[\unasked],[\unasked],[\unasked],[\unasked],[\unasked],Master’s (or similar graduate degree),1,[^not chosen],[^not chosen],[^not chosen],[^not chosen],[^not chosen],x,[^not chosen],[^not chosen],[^not chosen],[^not chosen],3,[^not chosen],[^not chosen],[^not chosen],x,x,[^not chosen],[^not chosen],[^not chosen],x,[^not chosen],No
yZhc,[^not chosen],x,[^not chosen],[^not chosen],[^not chosen],[^not chosen],[^not chosen],Remote (fully or mostly),Hybrid,[\unasked],Analyst,4,x,x,x,x,[^not chosen],1,[^not chosen],[^not chosen],[^not chosen],[^not chosen],[^not chosen],[^not chosen],Sport,[\unasked],0,[\unasked],[\unasked],[\unasked],[\unasked],[\unasked],[\unasked],[\unasked],[\unasked],[\unasked],[\unasked],0,[\unasked],[\unasked],[\unasked],[\unasked],[\unasked],Master’s (or similar graduate degree),1,[^not chosen],[^not chosen],[^not chosen],[^not chosen],[^not chosen],[^not chosen],x,[^not chosen],[^not chosen],[^not chosen],1,[^not chosen],[^not chosen],[^not chosen],[^not chosen],[^not chosen],[^not chosen],x,[^not chosen],[^not chosen],[^not chosen],Yes
FOdl,[^not chosen],x,[^not chosen],[^not chosen],[^not chosen],[^not chosen],[^not chosen],Hybrid,Hybrid,[\unasked],"Leadership (Manager, Director, VP, etc.)",1,[^not chosen],x,[^not chosen],[^not chosen],[^not chosen],1,[^not chosen],[^not chosen],x,[^not chosen],[^not chosen],[^not chosen],[^not chosen],[\unasked],0,[\unasked],[\unasked],[\unasked],[\unasked],[\unasked],[\unasked],[\unasked],[\unasked],[\unasked],[\unasked],0,[\unasked],[\unasked],[\unasked],[\unasked],[\unasked],Bachelor’s degree,1,[^not chosen],[^not chosen],[^not chosen],[^not chosen],[^not chosen],x,[^not chosen],[^not chosen],[^not chosen],[^not chosen],0,[^not chosen],[^not chosen],[^not chosen],[^not chosen],[^not chosen],[^not chosen],[^not chosen],[^not chosen],[^not chosen],[^not chosen],No
qrKj,[^not chosen],[^not chosen],x,[^not chosen],[^not chosen],[^not chosen],[^not chosen],Remote (fully or mostly),Hybrid,[\unasked],[\unasked],0,[\unasked],[\unasked],[\unasked],[\unasked],[\unasked],0,[\unasked],[\unasked],[\unasked],[\unasked],[\unasked],[\unasked],[\unasked],[\unasked],0,[\unasked],[\unasked],[\unasked],[\unasked],[\unasked],[\unasked],[\unasked],[\unasked],[\unasked],11–20 hours,5,Often,Rarely,Sometimes,Sometimes,Often,"Doctoral degree (e.g., PhD, EdD, PsyD)",1,[^not chosen],[^not chosen],[^not chosen],x,[^not chosen],[^not chosen],[^not chosen],[^not chosen],[^not chosen],[^not chosen],1,[^not chosen],[^not chosen],[^not chosen],x,[^not chosen],[^not chosen],[^not chosen],[^not chosen],[^not chosen],[^not chosen],Yes
sTqf,[^not chosen],x,[^not chosen],[^not chosen],[^not chosen],[^not chosen],[^not chosen],Remote (fully or mostly),Hybrid,[\unasked],Teacher,1,[^not chosen],x,[^not chosen],[^not chosen],[^not chosen],2,[^not chosen],[^not chosen],x,x,[^not chosen],[^not chosen],[^not chosen],[\unasked],0,[\unasked],[\unasked],[\unasked],[\unasked],[\unasked],[\unasked],[\unasked],[\unasked],[\unasked],[\unasked],0,[\unasked],[\unasked],[\unasked],[\unasked],[\unasked],Master’s (or similar graduate degree),1,x,[^not chosen],[^not chosen],[^not chosen],[^not chosen],[^not chosen],[^not chosen],[^not chosen],[^not chosen],[^not chosen],1,x,[^not chosen],[^not chosen],[^not chosen],[^not chosen],[^not chosen],[^not chosen],[^not chosen],[^not chosen],[^not chosen],I don’t know
LUNg,[^not chosen],x,[^not chosen],[^not chosen],[^not chosen],[^not chosen],[^not chosen],Hybrid,Hybrid,[\unasked],Designer,3,x,x,x,[^not chosen],[^not chosen],4,x,x,[^not chosen],[^not chosen],x,x,[^not chosen],[\unasked],0,[\unasked],[\unasked],[\unasked],[\unasked],[\unasked],[\unasked],[\unasked],[\unasked],[\unasked],[\unasked],0,[\unasked],[\unasked],[\unasked],[\unasked],[\unasked],Master’s (or similar graduate degree),1,[^not chosen],[^not chosen],[^not chosen],[^not chosen],[^not chosen],[^not chosen],[^not chosen],[^not chosen],[^not chosen],Architecture,1,x,[^not chosen],[^not chosen],[^not chosen],[^not chosen],[^not chosen],[^not chosen],[^not chosen],[^not chosen],[^not chosen],Yes
JLvQ,[^not chosen],[^not chosen],[^not chosen],x,[^not chosen],[^not chosen],[^not chosen],Hybrid,Hybrid,[\unasked],[\unasked],0,[\unasked],[\unasked],[\unasked],[\unasked],[\unasked],0,[\unasked],[\unasked],[\unasked],[\unasked],[\unasked],[\unasked],[\unasked],[\unasked],0,[\unasked],[\unasked],[\unasked],[\unasked],[\unasked],Full time,PhD/Doctorate,"Yes, in an elective course",Information,[\unasked],0,[\unasked],[\unasked],[\unasked],[\unasked],[\unasked],Bachelor’s degree,2,[^not chosen],[^not chosen],[^not chosen],[^not chosen],[^not chosen],x,x,[^not chosen],[^not chosen],[^not chosen],0,[^not chosen],[^not chosen],[^not chosen],[^not chosen],[^not chosen],[^not chosen],[^not chosen],[^not chosen],[^not chosen],[^not chosen],Yes
RZDQ,[^not chosen],x,[^not chosen],[^not chosen],[^not chosen],[^not chosen],[^not chosen],Remote (fully or mostly),Hybrid,[\unasked],Journalist,1,[^not chosen],x,[^not chosen],[^not chosen],[^not chosen],1,[^not chosen],[^not chosen],[^not chosen],x,[^not chosen],[^not chosen],[^not chosen],[\unasked],0,[\unasked],[\unasked],[\unasked],[\unasked],[\unasked],[\unasked],[\unasked],[\unasked],[\unasked],[\unasked],0,[\unasked],[\unasked],[\unasked],[\unasked],[\unasked],Master’s (or similar graduate degree),2,x,[^not chosen],[^not chosen],[^not chosen],[^not chosen],x,[^not chosen],[^not chosen],[^not chosen],[^not chosen],1,x,[^not chosen],[^not chosen],[^not chosen],[^not chosen],[^not chosen],[^not chosen],[^not chosen],[^not chosen],[^not chosen],Yes
ptPU,[^not chosen],x,[^not chosen],[^not chosen],[^not chosen],[^not chosen],[^not chosen],Remote (fully or mostly),Hybrid,[\unasked],Developer,1,[^not chosen],x,[^not chosen],[^not chosen],[^not chosen],1,[^not chosen],[^not chosen],[^not chosen],[^not chosen],[^not chosen],[^not chosen],Books,[\unasked],0,[\unasked],[\unasked],[\unasked],[\unasked],[\unasked],[\unasked],[\unasked],[\unasked],[\unasked],[\unasked],0,[\unasked],[\unasked],[\unasked],[\unasked],[\unasked],Bachelor’s degree,1,[^not chosen],[^not chosen],[^not chosen],[^not chosen],[^not chosen],x,[^not chosen],[^not chosen],[^not chosen],[^not chosen],0,[^not chosen],[^not chosen],[^not chosen],[^not chosen],[^not chosen],[^not chosen],[^not chosen],[^not chosen],[^not chosen],[^not chosen],Yes
OiWE,[^not chosen],[^not chosen],[^not chosen],[^not chosen],x,[^not chosen],[^not chosen],Hybrid,Hybrid,[\unasked],[\unasked],0,[\unasked],[\unasked],[\unasked],[\unasked],[\unasked],0,[\unasked],[\unasked],[\unasked],[\unasked],[\unasked],[\unasked],[\unasked],Arts and Humanities,2,[^not chosen],x,x,[^not chosen],[^not chosen],[\unasked],[\unasked],[\unasked],[\unasked],[\unasked],0,[\unasked],[\unasked],[\unasked],[\unasked],[\unasked],Master’s (or similar graduate degree),1,x,[^not chosen],[^not chosen],[^not chosen],[^not chosen],[^not chosen],[^not chosen],[^not chosen],[^not chosen],[^not chosen],1,x,[^not chosen],[^not chosen],[^not chosen],[^not chosen],[^not chosen],[^not chosen],[^not chosen],[^not chosen],[^not chosen],I don’t know
tRgq,x,x,[^not chosen],[^not chosen],[^not chosen],[^not chosen],[^not chosen],Remote (fully or mostly),Hybrid,Analyst,Analyst,1,[^not chosen],x,[^not chosen],[^not chosen],[^not chosen],4,x,x,x,[^not chosen],[^not chosen],x,[^not chosen],[\unasked],0,[\unasked],[\unasked],[\unasked],[\unasked],[\unasked],[\unasked],[\unasked],[\unasked],[\unasked],[\unasked],0,[\unasked],[\unasked],[\unasked],[\unasked],[\unasked],Master’s (or similar graduate degree),2,[^not chosen],x,[^not chosen],[^not chosen],[^not chosen],x,[^not chosen],[^not chosen],[^not chosen],[^not chosen],2,[^not chosen],x,[^not chosen],[^not chosen],[^not chosen],x,[^not chosen],[^not chosen],[^not chosen],[^not chosen],No
pexY,x,[^not chosen],[^not chosen],[^not chosen],[^not chosen],[^not chosen],[^not chosen],Hybrid,Hybrid,Designer,[\unasked],0,[\unasked],[\unasked],[\unasked],[\unasked],[\unasked],0,[\unasked],[\unasked],[\unasked],[\unasked],[\unasked],[\unasked],[\unasked],[\unasked],0,[\unasked],[\unasked],[\unasked],[\unasked],[\unasked],[\unasked],[\unasked],[\unasked],[\unasked],[\unasked],0,[\unasked],[\unasked],[\unasked],[\unasked],[\unasked],Master’s (or similar graduate degree),2,x,[^not chosen],[^not chosen],[^not chosen],[^not chosen],[^not chosen],[^not chosen],[^not chosen],[^not chosen],Design,1,[^not chosen],[^not chosen],[^not chosen],[^not chosen],[^not chosen],[^not chosen],[^not chosen],[^not chosen],[^not chosen],Design,Yes
pAsh,[^not chosen],x,[^not chosen],[^not chosen],[^not chosen],[^not chosen],[^not chosen],Hybrid,Hybrid,[\unasked],"Leadership (Manager, Director, VP, etc.)",1,[^not chosen],x,[^not chosen],[^not chosen],[^not chosen],2,[^not chosen],[^not chosen],x,[^not chosen],[^not chosen],[^not chosen],Entertainment,[\unasked],0,[\unasked],[\unasked],[\unasked],[\unasked],[\unasked],[\unasked],[\unasked],[\unasked],[\unasked],[\unasked],0,[\unasked],[\unasked],[\unasked],[\unasked],[\unasked],Master’s (or similar graduate degree),1,x,[^not chosen],[^not chosen],[^not chosen],[^not chosen],[^not chosen],[^not chosen],[^not chosen],[^not chosen],[^not chosen],1,[^not chosen],[^not chosen],[^not chosen],[^not chosen],[^not chosen],x,[^not chosen],[^not chosen],[^not chosen],[^not chosen],Yes
QBcE,[^not chosen],x,[^not chosen],[^not chosen],[^not chosen],[^not chosen],[^not chosen],Hybrid,Hybrid,[\unasked],"Leadership (Manager, Director, VP, etc.)",1,[^not chosen],x,[^not chosen],[^not chosen],[^not chosen],1,[^not chosen],[^not chosen],x,[^not chosen],[^not chosen],[^not chosen],[^not chosen],[\unasked],0,[\unasked],[\unasked],[\unasked],[\unasked],[\unasked],[\unasked],[\unasked],[\unasked],[\unasked],[\unasked],0,[\unasked],[\unasked],[\unasked],[\unasked],[\unasked],Bachelor’s degree,1,[^not chosen],[^not chosen],[^not chosen],[^not chosen],[^not chosen],x,[^not chosen],[^not chosen],[^not chosen],[^not chosen],0,[^not chosen],[^not chosen],[^not chosen],[^not chosen],[^not chosen],[^not chosen],[^not chosen],[^not chosen],[^not chosen],[^not chosen],Yes
ZhtC,x,[^not chosen],[^not chosen],[^not chosen],[^not chosen],[^not chosen],[^not chosen],Remote (fully or mostly),Hybrid,Scientist,[\unasked],0,[\unasked],[\unasked],[\unasked],[\unasked],[\unasked],0,[\unasked],[\unasked],[\unasked],[\unasked],[\unasked],[\unasked],[\unasked],[\unasked],0,[\unasked],[\unasked],[\unasked],[\unasked],[\unasked],[\unasked],[\unasked],[\unasked],[\unasked],[\unasked],0,[\unasked],[\unasked],[\unasked],[\unasked],[\unasked],Master’s (or similar graduate degree),2,[^not chosen],[^not chosen],[^not chosen],x,x,[^not chosen],[^not chosen],[^not chosen],[^not chosen],[^not chosen],2,[^not chosen],[^not chosen],[^not chosen],x,x,[^not chosen],[^not chosen],[^not chosen],[^not chosen],[^not chosen],Yes
Nnej,[^not chosen],x,x,[^not chosen],[^not chosen],[^not chosen],[^not chosen],On site (fully or mostly),Hybrid,[\unasked],Designer,3,x,x,x,[^not chosen],[^not chosen],2,[^not chosen],[^not chosen],[^not chosen],[^not chosen],x,[^not chosen],Culture,[\unasked],0,[\unasked],[\unasked],[\unasked],[\unasked],[\unasked],[\unasked],[\unasked],[\unasked],[\unasked],5 hours or less,4,Sometimes,Rarely,Rarely,Never,Sometimes,Master’s (or similar graduate degree),1,x,[^not chosen],[^not chosen],[^not chosen],[^not chosen],[^not chosen],[^not chosen],[^not chosen],[^not chosen],[^not chosen],1,x,[^not chosen],[^not chosen],[^not chosen],[^not chosen],[^not chosen],[^not chosen],[^not chosen],[^not chosen],[^not chosen],No
kEIT,[^not chosen],x,[^not chosen],[^not chosen],[^not chosen],[^not chosen],[^not chosen],Remote (fully or mostly),Hybrid,[\unasked],"Leadership (Manager, Director, VP, etc.)",1,[^not chosen],x,[^not chosen],[^not chosen],[^not chosen],1,[^not chosen],[^not chosen],[^not chosen],[^not chosen],[^not chosen],[^not chosen],CPG,[\unasked],0,[\unasked],[\unasked],[\unasked],[\unasked],[\unasked],[\unasked],[\unasked],[\unasked],[\unasked],[\unasked],0,[\unasked],[\unasked],[\unasked],[\unasked],[\unasked],Bachelor’s degree,1,[^not chosen],[^not chosen],[^not chosen],[^not chosen],[^not chosen],[^not chosen],[^not chosen],[^not chosen],[^not chosen],Photojournalism,0,[^not chosen],[^not chosen],[^not chosen],[^not chosen],[^not chosen],[^not chosen],[^not chosen],[^not chosen],[^not chosen],[^not chosen],Yes
Zcpt,[^not chosen],x,[^not chosen],[^not chosen],[^not chosen],[^not chosen],[^not chosen],Remote (fully or mostly),Hybrid,[\unasked],Designer,1,[^not chosen],x,[^not chosen],[^not chosen],[^not chosen],1,[^not chosen],[^not chosen],[^not chosen],[^not chosen],x,[^not chosen],[^not chosen],[\unasked],0,[\unasked],[\unasked],[\unasked],[\unasked],[\unasked],[\unasked],[\unasked],[\unasked],[\unasked],[\unasked],0,[\unasked],[\unasked],[\unasked],[\unasked],[\unasked],Master’s (or similar graduate degree),1,[^not chosen],x,[^not chosen],[^not chosen],[^not chosen],[^not chosen],[^not chosen],[^not chosen],[^not chosen],[^not chosen],1,[^not chosen],x,[^not chosen],[^not chosen],[^not chosen],[^not chosen],[^not chosen],[^not chosen],[^not chosen],[^not chosen],Yes
SjpM,[^not chosen],x,[^not chosen],[^not chosen],[^not chosen],[^not chosen],[^not chosen],Hybrid,Hybrid,[\unasked],Analyst,1,[^not chosen],x,[^not chosen],[^not chosen],[^not chosen],1,[^not chosen],[^not chosen],x,[^not chosen],[^not chosen],[^not chosen],[^not chosen],[\unasked],0,[\unasked],[\unasked],[\unasked],[\unasked],[\unasked],[\unasked],[\unasked],[\unasked],[\unasked],[\unasked],0,[\unasked],[\unasked],[\unasked],[\unasked],[\unasked],Master’s (or similar graduate degree),1,[^not chosen],[^not chosen],[^not chosen],[^not chosen],[^not chosen],x,[^not chosen],[^not chosen],[^not chosen],[^not chosen],1,[^not chosen],[^not chosen],[^not chosen],[^not chosen],[^not chosen],x,[^not chosen],[^not chosen],[^not chosen],[^not chosen],No
ikee,[^not chosen],x,[^not chosen],[^not chosen],[^not chosen],[^not chosen],[^not chosen],Hybrid,Hybrid,[\unasked],None of these describes my role,1,[^not chosen],x,[^not chosen],[^not chosen],[^not chosen],1,[^not chosen],[^not chosen],[^not chosen],[^not chosen],[^not chosen],[^not chosen],Advertising,[\unasked],0,[\unasked],[\unasked],[\unasked],[\unasked],[\unasked],[\unasked],[\unasked],[\unasked],[\unasked],[\unasked],0,[\unasked],[\unasked],[\unasked],[\unasked],[\unasked],Master’s (or similar graduate degree),1,[^not chosen],[^not chosen],[^not chosen],[^not chosen],[^not chosen],x,[^not chosen],[^not chosen],[^not chosen],[^not chosen],1,[^not chosen],x,[^not chosen],[^not chosen],[^not chosen],[^not chosen],[^not chosen],[^not chosen],[^not chosen],[^not chosen],Yes
gUJT,[^not chosen],x,[^not chosen],[^not chosen],[^not chosen],[^not chosen],[^not chosen],On site (fully or mostly),Hybrid,[\unasked],Analyst,1,[^not chosen],[^not chosen],[^not chosen],x,[^not chosen],1,[^not chosen],[^not chosen],[^not chosen],[^not chosen],[^not chosen],[^not chosen],Education,[\unasked],0,[\unasked],[\unasked],[\unasked],[\unasked],[\unasked],[\unasked],[\unasked],[\unasked],[\unasked],[\unasked],0,[\unasked],[\unasked],[\unasked],[\unasked],[\unasked],Master’s (or similar graduate degree),1,[^not chosen],[^not chosen],[^not chosen],[^not chosen],[^not chosen],[^not chosen],x,[^not chosen],[^not chosen],[^not chosen],1,[^not chosen],[^not chosen],[^not chosen],[^not chosen],[^not chosen],[^not chosen],x,[^not chosen],[^not chosen],[^not chosen],No
cIbh,x,[^not chosen],[^not chosen],[^not chosen],[^not chosen],[^not chosen],[^not chosen],Remote (fully or mostly),Hybrid,Analyst,[\unasked],0,[\unasked],[\unasked],[\unasked],[\unasked],[\unasked],0,[\unasked],[\unasked],[\unasked],[\unasked],[\unasked],[\unasked],[\unasked],[\unasked],0,[\unasked],[\unasked],[\unasked],[\unasked],[\unasked],[\unasked],[\unasked],[\unasked],[\unasked],[\unasked],0,[\unasked],[\unasked],[\unasked],[\unasked],[\unasked],High school diploma,0,[^not chosen],[^not chosen],[^not chosen],[^not chosen],[^not chosen],[^not chosen],[^not chosen],[^not chosen],[^not chosen],[^not chosen],0,[^not chosen],[^not chosen],[^not chosen],[^not chosen],[^not chosen],[^not chosen],[^not chosen],[^not chosen],[^not chosen],[^not chosen],I don’t know
esiy,[^not chosen],x,x,[^not chosen],[^not chosen],[^not chosen],[^not chosen],Hybrid,Hybrid,[\unasked],None of these describes my role,1,[^not chosen],x,[^not chosen],[^not chosen],[^not chosen],3,[^not chosen],[^not chosen],x,[^not chosen],x,x,[^not chosen],[\unasked],0,[\unasked],[\unasked],[\unasked],[\unasked],[\unasked],[\unasked],[\unasked],[\unasked],[\unasked],5 hours or less,4,Often,Often,Never,Sometimes,Often,"Doctoral degree (e.g., PhD, EdD, PsyD)",1,[^not chosen],[^not chosen],[^not chosen],[^not chosen],[^not chosen],x,[^not chosen],[^not chosen],[^not chosen],[^not chosen],1,[^not chosen],[^not chosen],[^not chosen],[^not chosen],[^not chosen],x,[^not chosen],[^not chosen],[^not chosen],[^not chosen],Yes
laGc,x,x,[^not chosen],[^not chosen],x,[^not chosen],[^not chosen],Remote (fully or mostly),Hybrid,Designer,Designer,1,[^not chosen],x,[^not chosen],[^not chosen],[^not chosen],1,[^not chosen],[^not chosen],[^not chosen],x,[^not chosen],[^not chosen],[^not chosen],Health and Medicine,1,[^not chosen],x,[^not chosen],[^not chosen],[^not chosen],[\unasked],[\unasked],[\unasked],[\unasked],[\unasked],0,[\unasked],[\unasked],[\unasked],[\unasked],[\unasked],Master’s (or similar graduate degree),1,[^not chosen],[^not chosen],[^not chosen],x,[^not chosen],[^not chosen],[^not chosen],[^not chosen],[^not chosen],[^not chosen],1,[^not chosen],[^not chosen],[^not chosen],x,[^not chosen],[^not chosen],[^not chosen],[^not chosen],[^not chosen],[^not chosen],Yes
cYFF,x,[^not chosen],x,[^not chosen],[^not chosen],[^not chosen],[^not chosen],Remote (fully or mostly),Hybrid,None of these describes my role,[\unasked],0,[\unasked],[\unasked],[\unasked],[\unasked],[\unasked],0,[\unasked],[\unasked],[\unasked],[\unasked],[\unasked],[\unasked],[\unasked],[\unasked],0,[\unasked],[\unasked],[\unasked],[\unasked],[\unasked],[\unasked],[\unasked],[\unasked],[\unasked],5 hours or less,5,Sometimes,Sometimes,Rarely,Sometimes,Sometimes,Master’s (or similar graduate degree),1,[^not chosen],[^not chosen],[^not chosen],[^not chosen],[^not chosen],x,[^not chosen],[^not chosen],[^not chosen],[^not chosen],1,[^not chosen],[^not chosen],[^not chosen],[^not chosen],[^not chosen],x,[^not chosen],[^not chosen],[^not chosen],[^not chosen],Yes
PJSr,[^not chosen],x,[^not chosen],[^not chosen],x,[^not chosen],[^not chosen],Hybrid,Hybrid,[\unasked],Analyst,1,[^not chosen],[^not chosen],[^not chosen],x,[^not chosen],1,[^not chosen],[^not chosen],x,[^not chosen],[^not chosen],[^not chosen],[^not chosen],"Science, Math, and Technology",2,x,x,[^not chosen],[^not chosen],[^not chosen],[\unasked],[\unasked],[\unasked],[\unasked],[\unasked],0,[\unasked],[\unasked],[\unasked],[\unasked],[\unasked],"Doctoral degree (e.g., PhD, EdD, PsyD)",1,[^not chosen],[^not chosen],[^not chosen],[^not chosen],[^not chosen],x,[^not chosen],[^not chosen],[^not chosen],[^not chosen],1,[^not chosen],[^not chosen],[^not chosen],[^not chosen],[^not chosen],x,[^not chosen],[^not chosen],[^not chosen],[^not chosen],Yes
zeye,[^not chosen],x,[^not chosen],[^not chosen],[^not chosen],[^not chosen],[^not chosen],Remote (fully or mostly),Hybrid,[\unasked],Designer,1,x,[^not chosen],[^not chosen],[^not chosen],[^not chosen],1,[^not chosen],[^not chosen],[^not chosen],[^not chosen],[^not chosen],x,[^not chosen],[\unasked],0,[\unasked],[\unasked],[\unasked],[\unasked],[\unasked],[\unasked],[\unasked],[\unasked],[\unasked],[\unasked],0,[\unasked],[\unasked],[\unasked],[\unasked],[\unasked],Bachelor’s degree,1,x,[^not chosen],[^not chosen],[^not chosen],[^not chosen],[^not chosen],[^not chosen],[^not chosen],[^not chosen],[^not chosen],0,[^not chosen],[^not chosen],[^not chosen],[^not chosen],[^not chosen],[^not chosen],[^not chosen],[^not chosen],[^not chosen],[^not chosen],I don’t know
mLis,[^not chosen],x,[^not chosen],[^not chosen],[^not chosen],[^not chosen],[^not chosen],On site (fully or mostly),Hybrid,[\unasked],Analyst,1,[^not chosen],[^not chosen],x,[^not chosen],[^not chosen],1,[^not chosen],[^not chosen],[^not chosen],[^not chosen],[^not chosen],[^not chosen],Legal,[\unasked],0,[\unasked],[\unasked],[\unasked],[\unasked],[\unasked],[\unasked],[\unasked],[\unasked],[\unasked],[\unasked],0,[\unasked],[\unasked],[\unasked],[\unasked],[\unasked],Bachelor’s degree,1,[^not chosen],[^not chosen],[^not chosen],[^not chosen],[^not chosen],[^not chosen],x,[^not chosen],[^not chosen],[^not chosen],0,[^not chosen],[^not chosen],[^not chosen],[^not chosen],[^not chosen],[^not chosen],[^not chosen],[^not chosen],[^not chosen],[^not chosen],Yes
MubI,[^not chosen],x,[^not chosen],[^not chosen],[^not chosen],[^not chosen],[^not chosen],Hybrid,Hybrid,[\unasked],"Leadership (Manager, Director, VP, etc.)",1,[^not chosen],[^not chosen],x,[^not chosen],[^not chosen],1,[^not chosen],[^not chosen],[^not chosen],[^not chosen],[^not chosen],[^not chosen],Social service nonprofit and grantmaking,[\unasked],0,[\unasked],[\unasked],[\unasked],[\unasked],[\unasked],[\unasked],[\unasked],[\unasked],[\unasked],[\unasked],0,[\unasked],[\unasked],[\unasked],[\unasked],[\unasked],Master’s (or similar graduate degree),1,[^not chosen],x,[^not chosen],[^not chosen],[^not chosen],[^not chosen],[^not chosen],[^not chosen],[^not chosen],[^not chosen],1,[^not chosen],[^not chosen],[^not chosen],[^not chosen],[^not chosen],[^not chosen],x,[^not chosen],[^not chosen],[^not chosen],Yes
AMNR,[^not chosen],[^not chosen],x,[^not chosen],[^not chosen],[^not chosen],[^not chosen],On site (fully or mostly),Hybrid,[\unasked],[\unasked],0,[\unasked],[\unasked],[\unasked],[\unasked],[\unasked],0,[\unasked],[\unasked],[\unasked],[\unasked],[\unasked],[\unasked],[\unasked],[\unasked],0,[\unasked],[\unasked],[\unasked],[\unasked],[\unasked],[\unasked],[\unasked],[\unasked],[\unasked],6–10 hours,4,Often,Sometimes,Never,Sometimes,Often,"Doctoral degree (e.g., PhD, EdD, PsyD)",1,[^not chosen],[^not chosen],[^not chosen],x,[^not chosen],[^not chosen],[^not chosen],[^not chosen],[^not chosen],[^not chosen],1,[^not chosen],[^not chosen],[^not chosen],x,[^not chosen],[^not chosen],[^not chosen],[^not chosen],[^not chosen],[^not chosen],Yes
phVs,[^not chosen],x,[^not chosen],[^not chosen],[^not chosen],[^not chosen],[^not chosen],Remote (fully or mostly),Hybrid,[\unasked],Designer,1,[^not chosen],x,[^not chosen],[^not chosen],[^not chosen],1,[^not chosen],[^not chosen],[^not chosen],[^not chosen],[^not chosen],[^not chosen],Entertainment,[\unasked],0,[\unasked],[\unasked],[\unasked],[\unasked],[\unasked],[\unasked],[\unasked],[\unasked],[\unasked],[\unasked],0,[\unasked],[\unasked],[\unasked],[\unasked],[\unasked],Master’s (or similar graduate degree),1,x,[^not chosen],[^not chosen],[^not chosen],[^not chosen],[^not chosen],[^not chosen],[^not chosen],[^not chosen],[^not chosen],1,[^not chosen],[^not chosen],[^not chosen],[^not chosen],[^not chosen],[^not chosen],[^not chosen],[^not chosen],[^not chosen],Information Design & Data Visualization,Yes
tFxb,[^not chosen],x,[^not chosen],[^not chosen],[^not chosen],[^not chosen],[^not chosen],Remote (fully or mostly),Hybrid,[\unasked],Analyst,1,[^not chosen],x,[^not chosen],[^not chosen],[^not chosen],1,[^not chosen],[^not chosen],[^not chosen],[^not chosen],[^not chosen],[^not chosen],education,[\unasked],0,[\unasked],[\unasked],[\unasked],[\unasked],[\unasked],[\unasked],[\unasked],[\unasked],[\unasked],[\unasked],0,[\unasked],[\unasked],[\unasked],[\unasked],[\unasked],"Doctoral degree (e.g., PhD, EdD, PsyD)",2,x,[^not chosen],[^not chosen],[^not chosen],[^not chosen],x,[^not chosen],[^not chosen],[^not chosen],[^not chosen],1,[^not chosen],[^not chosen],[^not chosen],[^not chosen],[^not chosen],x,[^not chosen],[^not chosen],[^not chosen],[^not chosen],I don’t know
KFLS,[^not chosen],x,[^not chosen],[^not chosen],[^not chosen],[^not chosen],[^not chosen],Hybrid,Hybrid,[\unasked],Engineer,1,[^not chosen],x,[^not chosen],[^not chosen],[^not chosen],1,[^not chosen],[^not chosen],x,[^not chosen],[^not chosen],[^not chosen],[^not chosen],[\unasked],0,[\unasked],[\unasked],[\unasked],[\unasked],[\unasked],[\unasked],[\unasked],[\unasked],[\unasked],[\unasked],0,[\unasked],[\unasked],[\unasked],[\unasked],[\unasked],Master’s (or similar graduate degree),1,[^not chosen],[^not chosen],[^not chosen],[^not chosen],[^not chosen],x,[^not chosen],[^not chosen],[^not chosen],[^not chosen],1,[^not chosen],[^not chosen],[^not chosen],[^not chosen],[^not chosen],x,[^not chosen],[^not chosen],[^not chosen],[^not chosen],Yes
aEYg,[^not chosen],x,[^not chosen],[^not chosen],[^not chosen],[^not chosen],[^not chosen],Hybrid,Hybrid,[\unasked],Analyst,1,[^not chosen],[^not chosen],[^not chosen],x,[^not chosen],0,[^not chosen],[^not chosen],[^not chosen],[^not chosen],[^not chosen],[^not chosen],[^not chosen],[\unasked],0,[\unasked],[\unasked],[\unasked],[\unasked],[\unasked],[\unasked],[\unasked],[\unasked],[\unasked],[\unasked],0,[\unasked],[\unasked],[\unasked],[\unasked],[\unasked],Bachelor’s degree,1,[^not chosen],[^not chosen],[^not chosen],[^not chosen],[^not chosen],[^not chosen],x,[^not chosen],[^not chosen],[^not chosen],0,[^not chosen],[^not chosen],[^not chosen],[^not chosen],[^not chosen],[^not chosen],[^not chosen],[^not chosen],[^not chosen],[^not chosen],Yes
GtXF,[^not chosen],x,[^not chosen],[^not chosen],[^not chosen],[^not chosen],[^not chosen],Hybrid,Hybrid,[\unasked],Analyst,1,[^not chosen],[^not chosen],x,[^not chosen],[^not chosen],2,[^not chosen],x,[^not chosen],[^not chosen],[^not chosen],[^not chosen],Social Services,[\unasked],0,[\unasked],[\unasked],[\unasked],[\unasked],[\unasked],[\unasked],[\unasked],[\unasked],[\unasked],[\unasked],0,[\unasked],[\unasked],[\unasked],[\unasked],[\unasked],"Doctoral degree (e.g., PhD, EdD, PsyD)",1,x,[^not chosen],[^not chosen],[^not chosen],[^not chosen],[^not chosen],[^not chosen],[^not chosen],[^not chosen],[^not chosen],1,[^not chosen],[^not chosen],[^not chosen],[^not chosen],[^not chosen],[^not chosen],x,[^not chosen],[^not chosen],[^not chosen],I don’t know
DuXQ,[^not chosen],x,[^not chosen],[^not chosen],x,[^not chosen],[^not chosen],Hybrid,Hybrid,[\unasked],"Leadership (Manager, Director, VP, etc.)",3,x,[^not chosen],x,x,[^not chosen],1,[^not chosen],[^not chosen],[^not chosen],[^not chosen],[^not chosen],[^not chosen],Education,Social Sciences,2,x,x,[^not chosen],[^not chosen],[^not chosen],[\unasked],[\unasked],[\unasked],[\unasked],[\unasked],0,[\unasked],[\unasked],[\unasked],[\unasked],[\unasked],"Doctoral degree (e.g., PhD, EdD, PsyD)",1,[^not chosen],[^not chosen],[^not chosen],[^not chosen],[^not chosen],[^not chosen],x,[^not chosen],[^not chosen],[^not chosen],3,[^not chosen],[^not chosen],x,[^not chosen],[^not chosen],x,x,[^not chosen],[^not chosen],[^not chosen],No
iDJk,[^not chosen],x,[^not chosen],[^not chosen],[^not chosen],[^not chosen],[^not chosen],Hybrid,Hybrid,[\unasked],Designer,1,[^not chosen],x,[^not chosen],[^not chosen],[^not chosen],1,x,[^not chosen],[^not chosen],[^not chosen],[^not chosen],[^not chosen],[^not chosen],[\unasked],0,[\unasked],[\unasked],[\unasked],[\unasked],[\unasked],[\unasked],[\unasked],[\unasked],[\unasked],[\unasked],0,[\unasked],[\unasked],[\unasked],[\unasked],[\unasked],Master’s (or similar graduate degree),1,x,[^not chosen],[^not chosen],[^not chosen],[^not chosen],[^not chosen],[^not chosen],[^not chosen],[^not chosen],[^not chosen],1,[^not chosen],[^not chosen],[^not chosen],[^not chosen],[^not chosen],x,[^not chosen],[^not chosen],[^not chosen],[^not chosen],Yes
CJEE,[^not chosen],x,[^not chosen],[^not chosen],[^not chosen],[^not chosen],[^not chosen],Hybrid,Hybrid,[\unasked],Analyst,1,[^not chosen],x,[^not chosen],[^not chosen],[^not chosen],1,x,[^not chosen],[^not chosen],[^not chosen],[^not chosen],[^not chosen],[^not chosen],[\unasked],0,[\unasked],[\unasked],[\unasked],[\unasked],[\unasked],[\unasked],[\unasked],[\unasked],[\unasked],[\unasked],0,[\unasked],[\unasked],[\unasked],[\unasked],[\unasked],Master’s (or similar graduate degree),1,[^not chosen],[^not chosen],[^not chosen],[^not chosen],[^not chosen],x,[^not chosen],[^not chosen],[^not chosen],[^not chosen],1,[^not chosen],[^not chosen],[^not chosen],[^not chosen],[^not chosen],x,[^not chosen],[^not chosen],[^not chosen],[^not chosen],No
RTsE,[^not chosen],x,[^not chosen],[^not chosen],[^not chosen],[^not chosen],[^not chosen],Hybrid,Hybrid,[\unasked],Analyst,1,[^not chosen],[^not chosen],[^not chosen],x,[^not chosen],1,[^not chosen],[^not chosen],[^not chosen],[^not chosen],[^not chosen],[^not chosen],Education,[\unasked],0,[\unasked],[\unasked],[\unasked],[\unasked],[\unasked],[\unasked],[\unasked],[\unasked],[\unasked],[\unasked],0,[\unasked],[\unasked],[\unasked],[\unasked],[\unasked],Master’s (or similar graduate degree),1,[^not chosen],[^not chosen],[^not chosen],[^not chosen],[^not chosen],x,[^not chosen],[^not chosen],[^not chosen],[^not chosen],1,[^not chosen],[^not chosen],[^not chosen],[^not chosen],[^not chosen],x,[^not chosen],[^not chosen],[^not chosen],[^not chosen],Yes
awUC,[^not chosen],x,[^not chosen],[^not chosen],[^not chosen],[^not chosen],[^not chosen],On site (fully or mostly),Hybrid,[\unasked],Analyst,1,x,[^not chosen],[^not chosen],[^not chosen],[^not chosen],1,[^not chosen],[^not chosen],[^not chosen],[^not chosen],[^not chosen],[^not chosen],Public Health,[\unasked],0,[\unasked],[\unasked],[\unasked],[\unasked],[\unasked],[\unasked],[\unasked],[\unasked],[\unasked],[\unasked],0,[\unasked],[\unasked],[\unasked],[\unasked],[\unasked],Master’s (or similar graduate degree),1,[^not chosen],[^not chosen],[^not chosen],[^not chosen],[^not chosen],x,[^not chosen],[^not chosen],[^not chosen],[^not chosen],1,[^not chosen],[^not chosen],[^not chosen],[^not chosen],x,[^not chosen],[^not chosen],[^not chosen],[^not chosen],[^not chosen],No
nbrJ,[^not chosen],x,[^not chosen],[^not chosen],[^not chosen],[^not chosen],[^not chosen],Remote (fully or mostly),Hybrid,[\unasked],Analyst,1,[^not chosen],x,[^not chosen],[^not chosen],[^not chosen],1,[^not chosen],[^not chosen],[^not chosen],[^not chosen],[^not chosen],x,[^not chosen],[\unasked],0,[\unasked],[\unasked],[\unasked],[\unasked],[\unasked],[\unasked],[\unasked],[\unasked],[\unasked],[\unasked],0,[\unasked],[\unasked],[\unasked],[\unasked],[\unasked],Master’s (or similar graduate degree),1,[^not chosen],[^not chosen],[^not chosen],[^not chosen],[^not chosen],[^not chosen],x,[^not chosen],[^not chosen],[^not chosen],1,[^not chosen],x,[^not chosen],[^not chosen],[^not chosen],[^not chosen],[^not chosen],[^not chosen],[^not chosen],[^not chosen],Yes
nVLn,[^not chosen],[^not chosen],[^not chosen],[^not chosen],x,[^not chosen],[^not chosen],Hybrid,Hybrid,[\unasked],[\unasked],0,[\unasked],[\unasked],[\unasked],[\unasked],[\unasked],0,[\unasked],[\unasked],[\unasked],[\unasked],[\unasked],[\unasked],[\unasked],Multi-/Interdisciplinary Studies,3,x,x,x,[^not chosen],[^not chosen],[\unasked],[\unasked],[\unasked],[\unasked],[\unasked],0,[\unasked],[\unasked],[\unasked],[\unasked],[\unasked],"Doctoral degree (e.g., PhD, EdD, PsyD)",1,[^not chosen],[^not chosen],[^not chosen],[^not chosen],[^not chosen],x,[^not chosen],[^not chosen],[^not chosen],[^not chosen],1,[^not chosen],[^not chosen],[^not chosen],[^not chosen],[^not chosen],[^not chosen],x,[^not chosen],[^not chosen],[^not chosen],No
GUlo,[^not chosen],x,[^not chosen],[^not chosen],[^not chosen],[^not chosen],[^not chosen],Remote (fully or mostly),Hybrid,[\unasked],Analyst,1,x,[^not chosen],[^not chosen],[^not chosen],[^not chosen],1,[^not chosen],[^not chosen],[^not chosen],[^not chosen],[^not chosen],[^not chosen],Education,[\unasked],0,[\unasked],[\unasked],[\unasked],[\unasked],[\unasked],[\unasked],[\unasked],[\unasked],[\unasked],[\unasked],0,[\unasked],[\unasked],[\unasked],[\unasked],[\unasked],"Doctoral degree (e.g., PhD, EdD, PsyD)",1,[^not chosen],[^not chosen],[^not chosen],[^not chosen],[^not chosen],[^not chosen],x,[^not chosen],[^not chosen],[^not chosen],1,[^not chosen],[^not chosen],[^not chosen],[^not chosen],[^not chosen],[^not chosen],x,[^not chosen],[^not chosen],[^not chosen],I don’t know
GOpV,[^not chosen],x,[^not chosen],[^not chosen],[^not chosen],[^not chosen],[^not chosen],Hybrid,Hybrid,[\unasked],Designer,1,[^not chosen],x,[^not chosen],[^not chosen],[^not chosen],1,[^not chosen],[^not chosen],x,[^not chosen],[^not chosen],[^not chosen],[^not chosen],[\unasked],0,[\unasked],[\unasked],[\unasked],[\unasked],[\unasked],[\unasked],[\unasked],[\unasked],[\unasked],[\unasked],0,[\unasked],[\unasked],[\unasked],[\unasked],[\unasked],High school diploma,0,[^not chosen],[^not chosen],[^not chosen],[^not chosen],[^not chosen],[^not chosen],[^not chosen],[^not chosen],[^not chosen],[^not chosen],0,[^not chosen],[^not chosen],[^not chosen],[^not chosen],[^not chosen],[^not chosen],[^not chosen],[^not chosen],[^not chosen],[^not chosen],I don’t know
mdOn,[^not chosen],x,x,[^not chosen],[^not chosen],[^not chosen],[^not chosen],Hybrid,Hybrid,[\unasked],Designer,1,[^not chosen],x,[^not chosen],[^not chosen],[^not chosen],1,[^not chosen],[^not chosen],[^not chosen],x,[^not chosen],[^not chosen],[^not chosen],[\unasked],0,[\unasked],[\unasked],[\unasked],[\unasked],[\unasked],[\unasked],[\unasked],[\unasked],[\unasked],5 hours or less,5,Sometimes,Sometimes,Rarely,Rarely,Rarely,Bachelor’s degree,1,x,[^not chosen],[^not chosen],[^not chosen],[^not chosen],[^not chosen],[^not chosen],[^not chosen],[^not chosen],[^not chosen],0,[^not chosen],[^not chosen],[^not chosen],[^not chosen],[^not chosen],[^not chosen],[^not chosen],[^not chosen],[^not chosen],[^not chosen],I don’t know
nxwm,[^not chosen],x,[^not chosen],[^not chosen],[^not chosen],[^not chosen],[^not chosen],Hybrid,Hybrid,[\unasked],Engineer,1,[^not chosen],x,[^not chosen],[^not chosen],[^not chosen],1,[^not chosen],[^not chosen],x,[^not chosen],[^not chosen],[^not chosen],[^not chosen],[\unasked],0,[\unasked],[\unasked],[\unasked],[\unasked],[\unasked],[\unasked],[\unasked],[\unasked],[\unasked],[\unasked],0,[\unasked],[\unasked],[\unasked],[\unasked],[\unasked],Bachelor’s degree,1,[^not chosen],[^not chosen],[^not chosen],[^not chosen],[^not chosen],x,[^not chosen],[^not chosen],[^not chosen],[^not chosen],0,[^not chosen],[^not chosen],[^not chosen],[^not chosen],[^not chosen],[^not chosen],[^not chosen],[^not chosen],[^not chosen],[^not chosen],Yes
kbKV,[^not chosen],x,[^not chosen],[^not chosen],x,[^not chosen],[^not chosen],Hybrid,Hybrid,[\unasked],Scientist,1,[^not chosen],x,[^not chosen],[^not chosen],[^not chosen],1,[^not chosen],[^not chosen],x,[^not chosen],[^not chosen],[^not chosen],[^not chosen],"Science, Math, and Technology",2,x,[^not chosen],x,[^not chosen],[^not chosen],[\unasked],[\unasked],[\unasked],[\unasked],[\unasked],0,[\unasked],[\unasked],[\unasked],[\unasked],[\unasked],"Doctoral degree (e.g., PhD, EdD, PsyD)",1,[^not chosen],[^not chosen],[^not chosen],[^not chosen],[^not chosen],x,[^not chosen],[^not chosen],[^not chosen],[^not chosen],1,[^not chosen],[^not chosen],[^not chosen],[^not chosen],[^not chosen],x,[^not chosen],[^not chosen],[^not chosen],[^not chosen],Yes
MwIl,[^not chosen],x,[^not chosen],x,[^not chosen],[^not chosen],[^not chosen],Remote (fully or mostly),Hybrid,[\unasked],Analyst,1,[^not chosen],[^not chosen],x,[^not chosen],[^not chosen],1,[^not chosen],[^not chosen],[^not chosen],[^not chosen],[^not chosen],[^not chosen],Association/Regulation,[\unasked],0,[\unasked],[\unasked],[\unasked],[\unasked],[\unasked],Part time,Graduate/Master’s,"Yes, in a required course",Data Analytics and Visualization from MICA,[\unasked],0,[\unasked],[\unasked],[\unasked],[\unasked],[\unasked],Master’s (or similar graduate degree),1,[^not chosen],[^not chosen],[^not chosen],[^not chosen],[^not chosen],[^not chosen],x,[^not chosen],[^not chosen],[^not chosen],2,x,[^not chosen],[^not chosen],[^not chosen],[^not chosen],x,[^not chosen],[^not chosen],[^not chosen],[^not chosen],Yes
UZbw,[^not chosen],x,[^not chosen],[^not chosen],[^not chosen],[^not chosen],[^not chosen],Hybrid,Hybrid,[\unasked],Analyst,1,[^not chosen],[^not chosen],x,[^not chosen],[^not chosen],1,[^not chosen],[^not chosen],[^not chosen],[^not chosen],[^not chosen],[^not chosen],Philanthropy,[\unasked],0,[\unasked],[\unasked],[\unasked],[\unasked],[\unasked],[\unasked],[\unasked],[\unasked],[\unasked],[\unasked],0,[\unasked],[\unasked],[\unasked],[\unasked],[\unasked],Master’s (or similar graduate degree),1,[^not chosen],[^not chosen],[^not chosen],[^not chosen],[^not chosen],[^not chosen],x,[^not chosen],[^not chosen],[^not chosen],1,[^not chosen],[^not chosen],[^not chosen],[^not chosen],[^not chosen],[^not chosen],x,[^not chosen],[^not chosen],[^not chosen],No
WkXB,[^not chosen],[^not chosen],x,[^not chosen],[^not chosen],[^not chosen],[^not chosen],[^not answered],Hybrid,[\unasked],[\unasked],0,[\unasked],[\unasked],[\unasked],[\unasked],[\unasked],0,[\unasked],[\unasked],[\unasked],[\unasked],[\unasked],[\unasked],[\unasked],[\unasked],0,[\unasked],[\unasked],[\unasked],[\unasked],[\unasked],[\unasked],[\unasked],[\unasked],[\unasked],11–20 hours,5,Sometimes,Often,Sometimes,Often,Often,Master’s (or similar graduate degree),1,[^not chosen],[^not chosen],[^not chosen],[^not chosen],[^not chosen],[^not chosen],x,[^not chosen],[^not chosen],[^not chosen],1,[^not chosen],[^not chosen],[^not chosen],[^not chosen],[^not chosen],[^not chosen],x,[^not chosen],[^not chosen],[^not chosen],Yes
XQzZ,x,[^not chosen],x,[^not chosen],[^not chosen],[^not chosen],[^not chosen],Remote (fully or mostly),Hybrid,Designer,[\unasked],0,[\unasked],[\unasked],[\unasked],[\unasked],[\unasked],0,[\unasked],[\unasked],[\unasked],[\unasked],[\unasked],[\unasked],[\unasked],[\unasked],0,[\unasked],[\unasked],[\unasked],[\unasked],[\unasked],[\unasked],[\unasked],[\unasked],[\unasked],5 hours or less,5,Often,Sometimes,Sometimes,Often,Sometimes,Bachelor’s degree,1,x,[^not chosen],[^not chosen],[^not chosen],[^not chosen],[^not chosen],[^not chosen],[^not chosen],[^not chosen],[^not chosen],0,[^not chosen],[^not chosen],[^not chosen],[^not chosen],[^not chosen],[^not chosen],[^not chosen],[^not chosen],[^not chosen],[^not chosen],No
Jogi,[^not chosen],x,[^not chosen],[^not chosen],[^not chosen],[^not chosen],[^not chosen],Remote (fully or mostly),Hybrid,[\unasked],Engineer,1,[^not chosen],x,[^not chosen],[^not chosen],[^not chosen],1,[^not chosen],[^not chosen],[^not chosen],[^not chosen],[^not chosen],x,[^not chosen],[\unasked],0,[\unasked],[\unasked],[\unasked],[\unasked],[\unasked],[\unasked],[\unasked],[\unasked],[\unasked],[\unasked],0,[\unasked],[\unasked],[\unasked],[\unasked],[\unasked],[^not answered],0,[^not chosen],[^not chosen],[^not chosen],[^not chosen],[^not chosen],[^not chosen],[^not chosen],[^not chosen],[^not chosen],[^not chosen],0,[^not chosen],[^not chosen],[^not chosen],[^not chosen],[^not chosen],[^not chosen],[^not chosen],[^not chosen],[^not chosen],[^not chosen],Yes
GokK,[^not chosen],x,[^not chosen],[^not chosen],[^not chosen],[^not chosen],[^not chosen],On site (fully or mostly),Hybrid,[\unasked],None of these describes my role,1,[^not chosen],[^not chosen],[^not chosen],[^not chosen],Indigenous National Government,1,[^not chosen],[^not chosen],[^not chosen],[^not chosen],[^not chosen],x,[^not chosen],[\unasked],0,[\unasked],[\unasked],[\unasked],[\unasked],[\unasked],[\unasked],[\unasked],[\unasked],[\unasked],[\unasked],0,[\unasked],[\unasked],[\unasked],[\unasked],[\unasked],Master’s (or similar graduate degree),1,[^not chosen],[^not chosen],[^not chosen],[^not chosen],[^not chosen],x,[^not chosen],[^not chosen],[^not chosen],[^not chosen],1,[^not chosen],[^not chosen],[^not chosen],[^not chosen],[^not chosen],x,[^not chosen],[^not chosen],[^not chosen],[^not chosen],I don’t know
qOlp,x,x,[^not chosen],[^not chosen],[^not chosen],[^not chosen],[^not chosen],Remote (fully or mostly),Hybrid,Developer,"Leadership (Manager, Director, VP, etc.)",1,[^not chosen],x,[^not chosen],[^not chosen],[^not chosen],2,[^not chosen],x,[^not chosen],[^not chosen],x,[^not chosen],[^not chosen],[\unasked],0,[\unasked],[\unasked],[\unasked],[\unasked],[\unasked],[\unasked],[\unasked],[\unasked],[\unasked],[\unasked],0,[\unasked],[\unasked],[\unasked],[\unasked],[\unasked],Bachelor’s degree,1,[^not chosen],[^not chosen],[^not chosen],[^not chosen],[^not chosen],x,[^not chosen],[^not chosen],[^not chosen],[^not chosen],0,[^not chosen],[^not chosen],[^not chosen],[^not chosen],[^not chosen],[^not chosen],[^not chosen],[^not chosen],[^not chosen],[^not chosen],I don’t know
ihmM,[^not chosen],x,[^not chosen],[^not chosen],[^not chosen],[^not chosen],[^not chosen],On site (fully or mostly),Hybrid,[\unasked],"Leadership (Manager, Director, VP, etc.)",1,x,[^not chosen],[^not chosen],[^not chosen],[^not chosen],0,[^not chosen],[^not chosen],[^not chosen],[^not chosen],[^not chosen],[^not chosen],[^not chosen],[\unasked],0,[\unasked],[\unasked],[\unasked],[\unasked],[\unasked],[\unasked],[\unasked],[\unasked],[\unasked],[\unasked],0,[\unasked],[\unasked],[\unasked],[\unasked],[\unasked],Master’s (or similar graduate degree),1,[^not chosen],[^not chosen],[^not chosen],[^not chosen],x,[^not chosen],[^not chosen],[^not chosen],[^not chosen],[^not chosen],1,[^not chosen],[^not chosen],[^not chosen],[^not chosen],x,[^not chosen],[^not chosen],[^not chosen],[^not chosen],[^not chosen],Yes
KsqN,[^not chosen],x,[^not chosen],[^not chosen],[^not chosen],[^not chosen],[^not chosen],Hybrid,Hybrid,[\unasked],Designer,2,[^not chosen],[^not chosen],x,x,[^not chosen],1,[^not chosen],[^not chosen],[^not chosen],[^not chosen],[^not chosen],[^not chosen],social science research,[\unasked],0,[\unasked],[\unasked],[\unasked],[\unasked],[\unasked],[\unasked],[\unasked],[\unasked],[\unasked],[\unasked],0,[\unasked],[\unasked],[\unasked],[\unasked],[\unasked],Bachelor’s degree,1,x,[^not chosen],[^not chosen],[^not chosen],[^not chosen],[^not chosen],[^not chosen],[^not chosen],[^not chosen],[^not chosen],0,[^not chosen],[^not chosen],[^not chosen],[^not chosen],[^not chosen],[^not chosen],[^not chosen],[^not chosen],[^not chosen],[^not chosen],No
cdAe,[^not chosen],x,[^not chosen],[^not chosen],[^not chosen],[^not chosen],[^not chosen],Remote (fully or mostly),Hybrid,[\unasked],Analyst,1,x,[^not chosen],[^not chosen],[^not chosen],[^not chosen],1,[^not chosen],[^not chosen],[^not chosen],[^not chosen],[^not chosen],[^not chosen],Education,[\unasked],0,[\unasked],[\unasked],[\unasked],[\unasked],[\unasked],[\unasked],[\unasked],[\unasked],[\unasked],[\unasked],0,[\unasked],[\unasked],[\unasked],[\unasked],[\unasked],Master’s (or similar graduate degree),1,[^not chosen],[^not chosen],[^not chosen],[^not chosen],[^not chosen],[^not chosen],x,[^not chosen],[^not chosen],[^not chosen],1,[^not chosen],[^not chosen],x,[^not chosen],[^not chosen],[^not chosen],[^not chosen],[^not chosen],[^not chosen],[^not chosen],No
LtWF,x,[^not chosen],[^not chosen],x,x,[^not chosen],[^not chosen],Hybrid,Hybrid,Designer,[\unasked],0,[\unasked],[\unasked],[\unasked],[\unasked],[\unasked],0,[\unasked],[\unasked],[\unasked],[\unasked],[\unasked],[\unasked],[\unasked],Multi-/Interdisciplinary Studies,3,x,x,x,[^not chosen],[^not chosen],Full time,Graduate/Master’s,"Yes, in a required course",Design for Data Visualisation,[\unasked],0,[\unasked],[\unasked],[\unasked],[\unasked],[\unasked],[\unfinished],0,[\unfinished],[\unfinished],[\unfinished],[\unfinished],[\unfinished],[\unfinished],[\unfinished],[\unfinished],[\unfinished],[\unfinished],0,[\unfinished],[\unfinished],[\unfinished],[\unfinished],[\unfinished],[\unfinished],[\unfinished],[\unfinished],[\unfinished],[\unfinished],[\unfinished]
vXrA,[^not chosen],x,[^not chosen],[^not chosen],[^not chosen],[^not chosen],[^not chosen],On site (fully or mostly),Hybrid,[\unasked],"Leadership (Manager, Director, VP, etc.)",1,[^not chosen],x,[^not chosen],[^not chosen],[^not chosen],1,[^not chosen],[^not chosen],[^not chosen],x,[^not chosen],[^not chosen],[^not chosen],[\unasked],0,[\unasked],[\unasked],[\unasked],[\unasked],[\unasked],[\unasked],[\unasked],[\unasked],[\unasked],[\unasked],0,[\unasked],[\unasked],[\unasked],[\unasked],[\unasked],[\unfinished],0,[\unfinished],[\unfinished],[\unfinished],[\unfinished],[\unfinished],[\unfinished],[\unfinished],[\unfinished],[\unfinished],[\unfinished],0,[\unfinished],[\unfinished],[\unfinished],[\unfinished],[\unfinished],[\unfinished],[\unfinished],[\unfinished],[\unfinished],[\unfinished],[\unfinished]
wVZX,[^not chosen],[^not chosen],[^not chosen],[^not chosen],x,[^not chosen],[^not chosen],Hybrid,Hybrid,[\unasked],[\unasked],0,[\unasked],[\unasked],[\unasked],[\unasked],[\unasked],0,[\unasked],[\unasked],[\unasked],[\unasked],[\unasked],[\unasked],[\unasked],Business,2,[^not chosen],x,x,[^not chosen],[^not chosen],[\unasked],[\unasked],[\unasked],[\unasked],[\unasked],0,[\unasked],[\unasked],[\unasked],[\unasked],[\unasked],[\unfinished],0,[\unfinished],[\unfinished],[\unfinished],[\unfinished],[\unfinished],[\unfinished],[\unfinished],[\unfinished],[\unfinished],[\unfinished],0,[\unfinished],[\unfinished],[\unfinished],[\unfinished],[\unfinished],[\unfinished],[\unfinished],[\unfinished],[\unfinished],[\unfinished],[\unfinished]
GzhX,[^not chosen],x,[^not chosen],[^not chosen],[^not chosen],[^not chosen],[^not chosen],Hybrid,Hybrid,[\unasked],Developer,1,x,[^not chosen],[^not chosen],[^not chosen],[^not chosen],1,[^not chosen],[^not chosen],[^not chosen],[^not chosen],[^not chosen],x,[^not chosen],[\unasked],0,[\unasked],[\unasked],[\unasked],[\unasked],[\unasked],[\unasked],[\unasked],[\unasked],[\unasked],[\unasked],0,[\unasked],[\unasked],[\unasked],[\unasked],[\unasked],[\unfinished],0,[\unfinished],[\unfinished],[\unfinished],[\unfinished],[\unfinished],[\unfinished],[\unfinished],[\unfinished],[\unfinished],[\unfinished],0,[\unfinished],[\unfinished],[\unfinished],[\unfinished],[\unfinished],[\unfinished],[\unfinished],[\unfinished],[\unfinished],[\unfinished],[\unfinished]
Zsrt,[^not chosen],x,[^not chosen],x,[^not chosen],[^not chosen],[^not chosen],On site (fully or mostly),Hybrid,[\unasked],Developer,1,[^not chosen],x,[^not chosen],[^not chosen],[^not chosen],1,[^not chosen],[^not chosen],[^not chosen],[^not chosen],[^not chosen],[^not chosen],Retail,[\unasked],0,[\unasked],[\unasked],[\unasked],[\unasked],[\unasked],Full time,Graduate/Master’s,"Yes, in a required course",Data Analytics,[\unasked],0,[\unasked],[\unasked],[\unasked],[\unasked],[\unasked],[\unfinished],0,[\unfinished],[\unfinished],[\unfinished],[\unfinished],[\unfinished],[\unfinished],[\unfinished],[\unfinished],[\unfinished],[\unfinished],0,[\unfinished],[\unfinished],[\unfinished],[\unfinished],[\unfinished],[\unfinished],[\unfinished],[\unfinished],[\unfinished],[\unfinished],[\unfinished]
LLsK,x,[^not chosen],[^not chosen],[^not chosen],[^not chosen],[^not chosen],[^not chosen],Hybrid,Hybrid,[\unfinished],[\unasked],0,[\unasked],[\unasked],[\unasked],[\unasked],[\unasked],0,[\unasked],[\unasked],[\unasked],[\unasked],[\unasked],[\unasked],[\unasked],[\unasked],0,[\unasked],[\unasked],[\unasked],[\unasked],[\unasked],[\unasked],[\unasked],[\unasked],[\unasked],[\unasked],0,[\unasked],[\unasked],[\unasked],[\unasked],[\unasked],[\unfinished],0,[\unfinished],[\unfinished],[\unfinished],[\unfinished],[\unfinished],[\unfinished],[\unfinished],[\unfinished],[\unfinished],[\unfinished],0,[\unfinished],[\unfinished],[\unfinished],[\unfinished],[\unfinished],[\unfinished],[\unfinished],[\unfinished],[\unfinished],[\unfinished],[\unfinished]
uUIJ,[^not chosen],x,[^not chosen],[^not chosen],[^not chosen],[^not chosen],[^not chosen],Hybrid,Hybrid,[\unasked],"Leadership (Manager, Director, VP, etc.)",1,[^not chosen],x,[^not chosen],[^not chosen],[^not chosen],1,x,[^not chosen],[^not chosen],[^not chosen],[^not chosen],[^not chosen],[^not chosen],[\unasked],0,[\unasked],[\unasked],[\unasked],[\unasked],[\unasked],[\unasked],[\unasked],[\unasked],[\unasked],[\unasked],0,[\unasked],[\unasked],[\unasked],[\unasked],[\unasked],[\unfinished],0,[\unfinished],[\unfinished],[\unfinished],[\unfinished],[\unfinished],[\unfinished],[\unfinished],[\unfinished],[\unfinished],[\unfinished],0,[\unfinished],[\unfinished],[\unfinished],[\unfinished],[\unfinished],[\unfinished],[\unfinished],[\unfinished],[\unfinished],[\unfinished],[\unfinished]
HXuG,x,x,x,[^not chosen],[^not chosen],[^not chosen],[^not chosen],Hybrid,Hybrid,Designer,Designer,1,[^not chosen],[^not chosen],x,[^not chosen],[^not chosen],1,[^not chosen],[^not chosen],[^not chosen],[^not chosen],[^not chosen],x,[^not chosen],[\unasked],0,[\unasked],[\unasked],[\unasked],[\unasked],[\unasked],[\unasked],[\unasked],[\unasked],[\unasked],6–10 hours,5,Sometimes,Sometimes,Sometimes,Sometimes,Sometimes,[\unfinished],0,[\unfinished],[\unfinished],[\unfinished],[\unfinished],[\unfinished],[\unfinished],[\unfinished],[\unfinished],[\unfinished],[\unfinished],0,[\unfinished],[\unfinished],[\unfinished],[\unfinished],[\unfinished],[\unfinished],[\unfinished],[\unfinished],[\unfinished],[\unfinished],[\unfinished]
zsXE,[^not chosen],x,[^not chosen],[^not chosen],[^not chosen],[^not chosen],[^not chosen],Remote (fully or mostly),Hybrid,[\unasked],"Leadership (Manager, Director, VP, etc.)",1,x,[^not chosen],[^not chosen],[^not chosen],[^not chosen],1,[^not chosen],[^not chosen],[^not chosen],[^not chosen],[^not chosen],[^not chosen],Early Childhood Education,[\unasked],0,[\unasked],[\unasked],[\unasked],[\unasked],[\unasked],[\unasked],[\unasked],[\unasked],[\unasked],[\unasked],0,[\unasked],[\unasked],[\unasked],[\unasked],[\unasked],[\unfinished],0,[\unfinished],[\unfinished],[\unfinished],[\unfinished],[\unfinished],[\unfinished],[\unfinished],[\unfinished],[\unfinished],[\unfinished],0,[\unfinished],[\unfinished],[\unfinished],[\unfinished],[\unfinished],[\unfinished],[\unfinished],[\unfinished],[\unfinished],[\unfinished],[\unfinished]
gvwL,[^not chosen],x,[^not chosen],[^not chosen],[^not chosen],[^not chosen],[^not chosen],Hybrid,Hybrid,[\unasked],"Leadership (Manager, Director, VP, etc.)",1,[^not chosen],[^not chosen],x,[^not chosen],[^not chosen],1,[^not chosen],x,[^not chosen],[^not chosen],[^not chosen],[^not chosen],[^not chosen],[\unasked],0,[\unasked],[\unasked],[\unasked],[\unasked],[\unasked],[\unasked],[\unasked],[\unasked],[\unasked],[\unasked],0,[\unasked],[\unasked],[\unasked],[\unasked],[\unasked],[\unfinished],0,[\unfinished],[\unfinished],[\unfinished],[\unfinished],[\unfinished],[\unfinished],[\unfinished],[\unfinished],[\unfinished],[\unfinished],0,[\unfinished],[\unfinished],[\unfinished],[\unfinished],[\unfinished],[\unfinished],[\unfinished],[\unfinished],[\unfinished],[\unfinished],[\unfinished]
ophh,[^not chosen],x,[^not chosen],[^not chosen],[^not chosen],[^not chosen],[^not chosen],Hybrid,Hybrid,[\unasked],Analyst,1,[^not chosen],x,[^not chosen],[^not chosen],[^not chosen],3,x,[^not chosen],x,[^not chosen],[^not chosen],x,[^not chosen],[\unasked],0,[\unasked],[\unasked],[\unasked],[\unasked],[\unasked],[\unasked],[\unasked],[\unasked],[\unasked],[\unasked],0,[\unasked],[\unasked],[\unasked],[\unasked],[\unasked],[\unfinished],0,[\unfinished],[\unfinished],[\unfinished],[\unfinished],[\unfinished],[\unfinished],[\unfinished],[\unfinished],[\unfinished],[\unfinished],0,[\unfinished],[\unfinished],[\unfinished],[\unfinished],[\unfinished],[\unfinished],[\unfinished],[\unfinished],[\unfinished],[\unfinished],[\unfinished]
gcFu,x,[^not chosen],[^not chosen],[^not chosen],[^not chosen],[^not chosen],[^not chosen],Hybrid,Hybrid,Designer,[\unasked],0,[\unasked],[\unasked],[\unasked],[\unasked],[\unasked],0,[\unasked],[\unasked],[\unasked],[\unasked],[\unasked],[\unasked],[\unasked],[\unasked],0,[\unasked],[\unasked],[\unasked],[\unasked],[\unasked],[\unasked],[\unasked],[\unasked],[\unasked],[\unasked],0,[\unasked],[\unasked],[\unasked],[\unasked],[\unasked],[\unfinished],0,[\unfinished],[\unfinished],[\unfinished],[\unfinished],[\unfinished],[\unfinished],[\unfinished],[\unfinished],[\unfinished],[\unfinished],0,[\unfinished],[\unfinished],[\unfinished],[\unfinished],[\unfinished],[\unfinished],[\unfinished],[\unfinished],[\unfinished],[\unfinished],[\unfinished]
pePC,[^not chosen],x,[^not chosen],[^not chosen],[^not chosen],[^not chosen],[^not chosen],Hybrid,Hybrid,[\unasked],Analyst,1,[^not chosen],x,[^not chosen],[^not chosen],[^not chosen],1,[^not chosen],[^not chosen],[^not chosen],[^not chosen],[^not chosen],[^not chosen],Energy,[\unasked],0,[\unasked],[\unasked],[\unasked],[\unasked],[\unasked],[\unasked],[\unasked],[\unasked],[\unasked],[\unasked],0,[\unasked],[\unasked],[\unasked],[\unasked],[\unasked],[\unfinished],0,[\unfinished],[\unfinished],[\unfinished],[\unfinished],[\unfinished],[\unfinished],[\unfinished],[\unfinished],[\unfinished],[\unfinished],0,[\unfinished],[\unfinished],[\unfinished],[\unfinished],[\unfinished],[\unfinished],[\unfinished],[\unfinished],[\unfinished],[\unfinished],[\unfinished]
LCdE,[^not chosen],x,[^not chosen],[^not chosen],[^not chosen],[^not chosen],[^not chosen],On site (fully or mostly),Hybrid,[\unasked],Journalist,1,[^not chosen],x,[^not chosen],[^not chosen],[^not chosen],3,x,[^not chosen],x,x,[^not chosen],[^not chosen],[^not chosen],[\unasked],0,[\unasked],[\unasked],[\unasked],[\unasked],[\unasked],[\unasked],[\unasked],[\unasked],[\unasked],[\unasked],0,[\unasked],[\unasked],[\unasked],[\unasked],[\unasked],[\unfinished],0,[\unfinished],[\unfinished],[\unfinished],[\unfinished],[\unfinished],[\unfinished],[\unfinished],[\unfinished],[\unfinished],[\unfinished],0,[\unfinished],[\unfinished],[\unfinished],[\unfinished],[\unfinished],[\unfinished],[\unfinished],[\unfinished],[\unfinished],[\unfinished],[\unfinished]
ixqZ,[^not chosen],x,[^not chosen],[^not chosen],[^not chosen],[^not chosen],[^not chosen],Hybrid,Hybrid,[\unasked],Designer,1,[^not chosen],x,[^not chosen],[^not chosen],[^not chosen],1,[^not chosen],x,[^not chosen],[^not chosen],[^not chosen],[^not chosen],[^not chosen],[\unasked],0,[\unasked],[\unasked],[\unasked],[\unasked],[\unasked],[\unasked],[\unasked],[\unasked],[\unasked],[\unasked],0,[\unasked],[\unasked],[\unasked],[\unasked],[\unasked],[\unfinished],0,[\unfinished],[\unfinished],[\unfinished],[\unfinished],[\unfinished],[\unfinished],[\unfinished],[\unfinished],[\unfinished],[\unfinished],0,[\unfinished],[\unfinished],[\unfinished],[\unfinished],[\unfinished],[\unfinished],[\unfinished],[\unfinished],[\unfinished],[\unfinished],[\unfinished]
aieC,[^not chosen],x,[^not chosen],[^not chosen],[^not chosen],[^not chosen],[^not chosen],Hybrid,Hybrid,[\unasked],Scientist,1,x,[^not chosen],[^not chosen],[^not chosen],[^not chosen],1,[^not chosen],[^not chosen],[^not chosen],[^not chosen],[^not chosen],[^not chosen],Natural resources; forestry,[\unasked],0,[\unasked],[\unasked],[\unasked],[\unasked],[\unasked],[\unasked],[\unasked],[\unasked],[\unasked],[\unasked],0,[\unasked],[\unasked],[\unasked],[\unasked],[\unasked],[\unfinished],0,[\unfinished],[\unfinished],[\unfinished],[\unfinished],[\unfinished],[\unfinished],[\unfinished],[\unfinished],[\unfinished],[\unfinished],0,[\unfinished],[\unfinished],[\unfinished],[\unfinished],[\unfinished],[\unfinished],[\unfinished],[\unfinished],[\unfinished],[\unfinished],[\unfinished]
aafP,x,[^not chosen],[^not chosen],[^not chosen],[^not chosen],[^not chosen],[^not chosen],Remote (fully or mostly),Hybrid,Designer,[\unasked],0,[\unasked],[\unasked],[\unasked],[\unasked],[\unasked],0,[\unasked],[\unasked],[\unasked],[\unasked],[\unasked],[\unasked],[\unasked],[\unasked],0,[\unasked],[\unasked],[\unasked],[\unasked],[\unasked],[\unasked],[\unasked],[\unasked],[\unasked],[\unasked],0,[\unasked],[\unasked],[\unasked],[\unasked],[\unasked],[\unfinished],0,[\unfinished],[\unfinished],[\unfinished],[\unfinished],[\unfinished],[\unfinished],[\unfinished],[\unfinished],[\unfinished],[\unfinished],0,[\unfinished],[\unfinished],[\unfinished],[\unfinished],[\unfinished],[\unfinished],[\unfinished],[\unfinished],[\unfinished],[\unfinished],[\unfinished]
plTK,[^not chosen],[^not chosen],[^not chosen],[^not chosen],x,[^not chosen],[^not chosen],Remote (fully or mostly),Hybrid,[\unasked],[\unasked],0,[\unasked],[\unasked],[\unasked],[\unasked],[\unasked],0,[\unasked],[\unasked],[\unasked],[\unasked],[\unasked],[\unasked],[\unasked],"Science, Math, and Technology",3,x,x,[^not chosen],[^not chosen],Data exploration,[\unasked],[\unasked],[\unasked],[\unasked],[\unasked],0,[\unasked],[\unasked],[\unasked],[\unasked],[\unasked],[\unfinished],0,[\unfinished],[\unfinished],[\unfinished],[\unfinished],[\unfinished],[\unfinished],[\unfinished],[\unfinished],[\unfinished],[\unfinished],0,[\unfinished],[\unfinished],[\unfinished],[\unfinished],[\unfinished],[\unfinished],[\unfinished],[\unfinished],[\unfinished],[\unfinished],[\unfinished]
cxbC,[^not chosen],x,x,x,[^not chosen],[^not chosen],[^not chosen],Looking for a job,Hybrid,[\unasked],Analyst,1,[^not chosen],[^not chosen],[^not chosen],x,[^not chosen],0,[^not chosen],[^not chosen],[^not chosen],[^not chosen],[^not chosen],[^not chosen],[^not chosen],[\unasked],0,[\unasked],[\unasked],[\unasked],[\unasked],[\unasked],[^not answered],[^not answered],[^not answered],[^not answered],11–20 hours,5,Often,Often,Sometimes,Often,Often,[\unfinished],0,[\unfinished],[\unfinished],[\unfinished],[\unfinished],[\unfinished],[\unfinished],[\unfinished],[\unfinished],[\unfinished],[\unfinished],0,[\unfinished],[\unfinished],[\unfinished],[\unfinished],[\unfinished],[\unfinished],[\unfinished],[\unfinished],[\unfinished],[\unfinished],[\unfinished]
sUmR,[^not chosen],x,[^not chosen],[^not chosen],[^not chosen],[^not chosen],[^not chosen],Hybrid,Hybrid,[\unasked],[\unfinished],0,[\unfinished],[\unfinished],[\unfinished],[\unfinished],[\unfinished],0,[\unfinished],[\unfinished],[\unfinished],[\unfinished],[\unfinished],[\unfinished],[\unfinished],[\unasked],0,[\unasked],[\unasked],[\unasked],[\unasked],[\unasked],[\unasked],[\unasked],[\unasked],[\unasked],[\unasked],0,[\unasked],[\unasked],[\unasked],[\unasked],[\unasked],[\unfinished],0,[\unfinished],[\unfinished],[\unfinished],[\unfinished],[\unfinished],[\unfinished],[\unfinished],[\unfinished],[\unfinished],[\unfinished],0,[\unfinished],[\unfinished],[\unfinished],[\unfinished],[\unfinished],[\unfinished],[\unfinished],[\unfinished],[\unfinished],[\unfinished],[\unfinished]
gVaw,[^not chosen],x,[^not chosen],[^not chosen],[^not chosen],[^not chosen],[^not chosen],On site (fully or mostly),Hybrid,[\unasked],Analyst,1,[^not chosen],[^not chosen],x,[^not chosen],[^not chosen],1,[^not chosen],[^not chosen],[^not chosen],[^not chosen],[^not chosen],x,[^not chosen],[\unasked],0,[\unasked],[\unasked],[\unasked],[\unasked],[\unasked],[\unasked],[\unasked],[\unasked],[\unasked],[\unasked],0,[\unasked],[\unasked],[\unasked],[\unasked],[\unasked],[\unfinished],0,[\unfinished],[\unfinished],[\unfinished],[\unfinished],[\unfinished],[\unfinished],[\unfinished],[\unfinished],[\unfinished],[\unfinished],0,[\unfinished],[\unfinished],[\unfinished],[\unfinished],[\unfinished],[\unfinished],[\unfinished],[\unfinished],[\unfinished],[\unfinished],[\unfinished]
HKzL,[^not chosen],[^not chosen],[^not chosen],x,[^not chosen],[^not chosen],[^not chosen],Hybrid,Hybrid,[\unasked],[\unasked],0,[\unasked],[\unasked],[\unasked],[\unasked],[\unasked],0,[\unasked],[\unasked],[\unasked],[\unasked],[\unasked],[\unasked],[\unasked],[\unasked],0,[\unasked],[\unasked],[\unasked],[\unasked],[\unasked],Full time,Undergraduate/Bachelor’s,"Yes, in a required course",Data Science and Statistics,[\unasked],0,[\unasked],[\unasked],[\unasked],[\unasked],[\unasked],[\unfinished],0,[\unfinished],[\unfinished],[\unfinished],[\unfinished],[\unfinished],[\unfinished],[\unfinished],[\unfinished],[\unfinished],[\unfinished],0,[\unfinished],[\unfinished],[\unfinished],[\unfinished],[\unfinished],[\unfinished],[\unfinished],[\unfinished],[\unfinished],[\unfinished],[\unfinished]
xcPz,[^not chosen],[^not chosen],[^not chosen],[^not chosen],[^not chosen],x,[^not chosen],On site (fully or mostly),Hybrid,[\unasked],[\unasked],0,[\unasked],[\unasked],[\unasked],[\unasked],[\unasked],0,[\unasked],[\unasked],[\unasked],[\unasked],[\unasked],[\unasked],[\unasked],[\unasked],0,[\unasked],[\unasked],[\unasked],[\unasked],[\unasked],[\unasked],[\unasked],[\unasked],[\unasked],[\unasked],0,[\unasked],[\unasked],[\unasked],[\unasked],[\unasked],[\unfinished],0,[\unfinished],[\unfinished],[\unfinished],[\unfinished],[\unfinished],[\unfinished],[\unfinished],[\unfinished],[\unfinished],[\unfinished],0,[\unfinished],[\unfinished],[\unfinished],[\unfinished],[\unfinished],[\unfinished],[\unfinished],[\unfinished],[\unfinished],[\unfinished],[\unfinished]
UuqY,[^not chosen],x,[^not chosen],[^not chosen],[^not chosen],[^not chosen],[^not chosen],Hybrid,Hybrid,[\unasked],Scientist,1,x,[^not chosen],[^not chosen],[^not chosen],[^not chosen],1,[^not chosen],x,[^not chosen],[^not chosen],[^not chosen],[^not chosen],[^not chosen],[\unasked],0,[\unasked],[\unasked],[\unasked],[\unasked],[\unasked],[\unasked],[\unasked],[\unasked],[\unasked],[\unasked],0,[\unasked],[\unasked],[\unasked],[\unasked],[\unasked],[\unfinished],0,[\unfinished],[\unfinished],[\unfinished],[\unfinished],[\unfinished],[\unfinished],[\unfinished],[\unfinished],[\unfinished],[\unfinished],0,[\unfinished],[\unfinished],[\unfinished],[\unfinished],[\unfinished],[\unfinished],[\unfinished],[\unfinished],[\unfinished],[\unfinished],[\unfinished]
QPDl,[^not chosen],x,[^not chosen],[^not chosen],x,[^not chosen],[^not chosen],Hybrid,Hybrid,[\unasked],[\unfinished],0,[\unfinished],[\unfinished],[\unfinished],[\unfinished],[\unfinished],0,[\unfinished],[\unfinished],[\unfinished],[\unfinished],[\unfinished],[\unfinished],[\unfinished],[\unfinished],0,[^not chosen],[^not chosen],[^not chosen],[^not chosen],[^not chosen],[\unasked],[\unasked],[\unasked],[\unasked],[\unasked],0,[\unasked],[\unasked],[\unasked],[\unasked],[\unasked],[\unfinished],0,[\unfinished],[\unfinished],[\unfinished],[\unfinished],[\unfinished],[\unfinished],[\unfinished],[\unfinished],[\unfinished],[\unfinished],0,[\unfinished],[\unfinished],[\unfinished],[\unfinished],[\unfinished],[\unfinished],[\unfinished],[\unfinished],[\unfinished],[\unfinished],[\unfinished]
Sgpu,[^not chosen],x,[^not chosen],[^not chosen],[^not chosen],[^not chosen],[^not chosen],Hybrid,Hybrid,[\unasked],Engineer,1,[^not chosen],x,[^not chosen],[^not chosen],[^not chosen],1,x,[^not chosen],[^not chosen],[^not chosen],[^not chosen],[^not chosen],[^not chosen],[\unasked],0,[\unasked],[\unasked],[\unasked],[\unasked],[\unasked],[\unasked],[\unasked],[\unasked],[\unasked],[\unasked],0,[\unasked],[\unasked],[\unasked],[\unasked],[\unasked],[\unfinished],0,[\unfinished],[\unfinished],[\unfinished],[\unfinished],[\unfinished],[\unfinished],[\unfinished],[\unfinished],[\unfinished],[\unfinished],0,[\unfinished],[\unfinished],[\unfinished],[\unfinished],[\unfinished],[\unfinished],[\unfinished],[\unfinished],[\unfinished],[\unfinished],[\unfinished]
wjeL,x,[^not chosen],[^not chosen],[^not chosen],[^not chosen],[^not chosen],[^not chosen],Hybrid,Hybrid,[\unfinished],[\unasked],0,[\unasked],[\unasked],[\unasked],[\unasked],[\unasked],0,[\unasked],[\unasked],[\unasked],[\unasked],[\unasked],[\unasked],[\unasked],[\unasked],0,[\unasked],[\unasked],[\unasked],[\unasked],[\unasked],[\unasked],[\unasked],[\unasked],[\unasked],[\unasked],0,[\unasked],[\unasked],[\unasked],[\unasked],[\unasked],[\unfinished],0,[\unfinished],[\unfinished],[\unfinished],[\unfinished],[\unfinished],[\unfinished],[\unfinished],[\unfinished],[\unfinished],[\unfinished],0,[\unfinished],[\unfinished],[\unfinished],[\unfinished],[\unfinished],[\unfinished],[\unfinished],[\unfinished],[\unfinished],[\unfinished],[\unfinished]
gYev,[^not chosen],x,[^not chosen],[^not chosen],[^not chosen],[^not chosen],[^not chosen],Hybrid,Hybrid,[\unasked],Designer,1,[^not chosen],x,[^not chosen],[^not chosen],[^not chosen],1,[^not chosen],[^not chosen],[^not chosen],[^not chosen],[^not chosen],[^not chosen],Agriculture,[\unasked],0,[\unasked],[\unasked],[\unasked],[\unasked],[\unasked],[\unasked],[\unasked],[\unasked],[\unasked],[\unasked],0,[\unasked],[\unasked],[\unasked],[\unasked],[\unasked],[\unfinished],0,[\unfinished],[\unfinished],[\unfinished],[\unfinished],[\unfinished],[\unfinished],[\unfinished],[\unfinished],[\unfinished],[\unfinished],0,[\unfinished],[\unfinished],[\unfinished],[\unfinished],[\unfinished],[\unfinished],[\unfinished],[\unfinished],[\unfinished],[\unfinished],[\unfinished]
EePx,[^not chosen],x,[^not chosen],[^not chosen],[^not chosen],[^not chosen],[^not chosen],Remote (fully or mostly),Hybrid,[\unasked],Scientist,1,[^not chosen],[^not chosen],x,[^not chosen],[^not chosen],1,[^not chosen],[^not chosen],[^not chosen],[^not chosen],[^not chosen],[^not chosen],Humanitarian,[\unasked],0,[\unasked],[\unasked],[\unasked],[\unasked],[\unasked],[\unasked],[\unasked],[\unasked],[\unasked],[\unasked],0,[\unasked],[\unasked],[\unasked],[\unasked],[\unasked],[\unfinished],0,[\unfinished],[\unfinished],[\unfinished],[\unfinished],[\unfinished],[\unfinished],[\unfinished],[\unfinished],[\unfinished],[\unfinished],0,[\unfinished],[\unfinished],[\unfinished],[\unfinished],[\unfinished],[\unfinished],[\unfinished],[\unfinished],[\unfinished],[\unfinished],[\unfinished]
oAuJ,[^not chosen],x,[^not chosen],[^not chosen],[^not chosen],[^not chosen],[^not chosen],Remote (fully or mostly),Hybrid,[\unasked],Analyst,1,[^not chosen],x,[^not chosen],[^not chosen],[^not chosen],2,x,[^not chosen],[^not chosen],[^not chosen],[^not chosen],x,[^not chosen],[\unasked],0,[\unasked],[\unasked],[\unasked],[\unasked],[\unasked],[\unasked],[\unasked],[\unasked],[\unasked],[\unasked],0,[\unasked],[\unasked],[\unasked],[\unasked],[\unasked],[\unfinished],0,[\unfinished],[\unfinished],[\unfinished],[\unfinished],[\unfinished],[\unfinished],[\unfinished],[\unfinished],[\unfinished],[\unfinished],0,[\unfinished],[\unfinished],[\unfinished],[\unfinished],[\unfinished],[\unfinished],[\unfinished],[\unfinished],[\unfinished],[\unfinished],[\unfinished]
hjyf,[^not chosen],x,[^not chosen],[^not chosen],[^not chosen],[^not chosen],[^not chosen],Hybrid,Hybrid,[\unasked],Designer,1,x,[^not chosen],[^not chosen],[^not chosen],[^not chosen],1,[^not chosen],[^not chosen],[^not chosen],[^not chosen],[^not chosen],x,[^not chosen],[\unasked],0,[\unasked],[\unasked],[\unasked],[\unasked],[\unasked],[\unasked],[\unasked],[\unasked],[\unasked],[\unasked],0,[\unasked],[\unasked],[\unasked],[\unasked],[\unasked],[\unfinished],0,[\unfinished],[\unfinished],[\unfinished],[\unfinished],[\unfinished],[\unfinished],[\unfinished],[\unfinished],[\unfinished],[\unfinished],0,[\unfinished],[\unfinished],[\unfinished],[\unfinished],[\unfinished],[\unfinished],[\unfinished],[\unfinished],[\unfinished],[\unfinished],[\unfinished]
alNb,[^not chosen],x,[^not chosen],[^not chosen],[^not chosen],[^not chosen],[^not chosen],On site (fully or mostly),Hybrid,[\unasked],[\unfinished],0,[\unfinished],[\unfinished],[\unfinished],[\unfinished],[\unfinished],0,[\unfinished],[\unfinished],[\unfinished],[\unfinished],[\unfinished],[\unfinished],[\unfinished],[\unasked],0,[\unasked],[\unasked],[\unasked],[\unasked],[\unasked],[\unasked],[\unasked],[\unasked],[\unasked],[\unasked],0,[\unasked],[\unasked],[\unasked],[\unasked],[\unasked],[\unfinished],0,[\unfinished],[\unfinished],[\unfinished],[\unfinished],[\unfinished],[\unfinished],[\unfinished],[\unfinished],[\unfinished],[\unfinished],0,[\unfinished],[\unfinished],[\unfinished],[\unfinished],[\unfinished],[\unfinished],[\unfinished],[\unfinished],[\unfinished],[\unfinished],[\unfinished]
Hflj,[^not chosen],x,[^not chosen],[^not chosen],[^not chosen],[^not chosen],[^not chosen],Hybrid,Hybrid,[\unasked],Analyst,1,[^not chosen],[^not chosen],x,[^not chosen],[^not chosen],1,[^not chosen],[^not chosen],[^not chosen],[^not chosen],[^not chosen],[^not chosen],Higher education,[\unasked],0,[\unasked],[\unasked],[\unasked],[\unasked],[\unasked],[\unasked],[\unasked],[\unasked],[\unasked],[\unasked],0,[\unasked],[\unasked],[\unasked],[\unasked],[\unasked],[\unfinished],0,[\unfinished],[\unfinished],[\unfinished],[\unfinished],[\unfinished],[\unfinished],[\unfinished],[\unfinished],[\unfinished],[\unfinished],0,[\unfinished],[\unfinished],[\unfinished],[\unfinished],[\unfinished],[\unfinished],[\unfinished],[\unfinished],[\unfinished],[\unfinished],[\unfinished]
RgJw,x,x,[^not chosen],[^not chosen],[^not chosen],[^not chosen],[^not chosen],Hybrid,Hybrid,Analyst,"Leadership (Manager, Director, VP, etc.)",1,[^not chosen],x,[^not chosen],[^not chosen],[^not chosen],3,x,[^not chosen],x,[^not chosen],[^not chosen],x,[^not chosen],[\unasked],0,[\unasked],[\unasked],[\unasked],[\unasked],[\unasked],[\unasked],[\unasked],[\unasked],[\unasked],[\unasked],0,[\unasked],[\unasked],[\unasked],[\unasked],[\unasked],[\unfinished],0,[\unfinished],[\unfinished],[\unfinished],[\unfinished],[\unfinished],[\unfinished],[\unfinished],[\unfinished],[\unfinished],[\unfinished],0,[\unfinished],[\unfinished],[\unfinished],[\unfinished],[\unfinished],[\unfinished],[\unfinished],[\unfinished],[\unfinished],[\unfinished],[\unfinished]
LZHI,[^not chosen],[^not chosen],x,[^not chosen],x,[^not chosen],[^not chosen],Hybrid,Hybrid,[\unasked],[\unasked],0,[\unasked],[\unasked],[\unasked],[\unasked],[\unasked],0,[\unasked],[\unasked],[\unasked],[\unasked],[\unasked],[\unasked],[\unasked],Social Sciences,1,x,[^not chosen],[^not chosen],[^not chosen],[^not chosen],[\unasked],[\unasked],[\unasked],[\unasked],5 hours or less,4,Often,Never,Often,Sometimes,Often,[\unfinished],0,[\unfinished],[\unfinished],[\unfinished],[\unfinished],[\unfinished],[\unfinished],[\unfinished],[\unfinished],[\unfinished],[\unfinished],0,[\unfinished],[\unfinished],[\unfinished],[\unfinished],[\unfinished],[\unfinished],[\unfinished],[\unfinished],[\unfinished],[\unfinished],[\unfinished]
uBgG,[^not chosen],x,[^not chosen],[^not chosen],[^not chosen],[^not chosen],[^not chosen],Hybrid,Hybrid,[\unasked],Analyst,1,[^not chosen],x,[^not chosen],[^not chosen],[^not chosen],1,[^not chosen],[^not chosen],[^not chosen],[^not chosen],[^not chosen],x,[^not chosen],[\unasked],0,[\unasked],[\unasked],[\unasked],[\unasked],[\unasked],[\unasked],[\unasked],[\unasked],[\unasked],[\unasked],0,[\unasked],[\unasked],[\unasked],[\unasked],[\unasked],[\unfinished],0,[\unfinished],[\unfinished],[\unfinished],[\unfinished],[\unfinished],[\unfinished],[\unfinished],[\unfinished],[\unfinished],[\unfinished],0,[\unfinished],[\unfinished],[\unfinished],[\unfinished],[\unfinished],[\unfinished],[\unfinished],[\unfinished],[\unfinished],[\unfinished],[\unfinished]
Wecc,[^not chosen],x,[^not chosen],[^not chosen],[^not chosen],[^not chosen],[^not chosen],On site (fully or mostly),Hybrid,[\unasked],Analyst,1,[^not chosen],[^not chosen],x,[^not chosen],[^not chosen],1,[^not chosen],[^not chosen],[^not chosen],[^not chosen],[^not chosen],[^not chosen],Education,[\unasked],0,[\unasked],[\unasked],[\unasked],[\unasked],[\unasked],[\unasked],[\unasked],[\unasked],[\unasked],[\unasked],0,[\unasked],[\unasked],[\unasked],[\unasked],[\unasked],[\unfinished],0,[\unfinished],[\unfinished],[\unfinished],[\unfinished],[\unfinished],[\unfinished],[\unfinished],[\unfinished],[\unfinished],[\unfinished],0,[\unfinished],[\unfinished],[\unfinished],[\unfinished],[\unfinished],[\unfinished],[\unfinished],[\unfinished],[\unfinished],[\unfinished],[\unfinished]
dmcc,x,[^not chosen],[^not chosen],[^not chosen],[^not chosen],[^not chosen],[^not chosen],Remote (fully or mostly),Hybrid,[\unfinished],[\unasked],0,[\unasked],[\unasked],[\unasked],[\unasked],[\unasked],0,[\unasked],[\unasked],[\unasked],[\unasked],[\unasked],[\unasked],[\unasked],[\unasked],0,[\unasked],[\unasked],[\unasked],[\unasked],[\unasked],[\unasked],[\unasked],[\unasked],[\unasked],[\unasked],0,[\unasked],[\unasked],[\unasked],[\unasked],[\unasked],[\unfinished],0,[\unfinished],[\unfinished],[\unfinished],[\unfinished],[\unfinished],[\unfinished],[\unfinished],[\unfinished],[\unfinished],[\unfinished],0,[\unfinished],[\unfinished],[\unfinished],[\unfinished],[\unfinished],[\unfinished],[\unfinished],[\unfinished],[\unfinished],[\unfinished],[\unfinished]
IFIA,x,[^not chosen],[^not chosen],[^not chosen],[^not chosen],[^not chosen],[^not chosen],Work from my home office - did this before the pandemic too,Continue to work from home,None of these describes my role,[\unasked],0,[\unasked],[\unasked],[\unasked],[\unasked],[\unasked],0,[\unasked],[\unasked],[\unasked],[\unasked],[\unasked],[\unasked],[\unasked],[\unasked],0,[\unasked],[\unasked],[\unasked],[\unasked],[\unasked],[\unasked],[\unasked],[\unasked],[\unasked],[\unasked],0,[\unasked],[\unasked],[\unasked],[\unasked],[\unasked],Master’s (or similar graduate degree),1,[^not chosen],[^not chosen],[^not chosen],[^not chosen],[^not chosen],[^not chosen],x,[^not chosen],[^not chosen],[^not chosen],1,[^not chosen],[^not chosen],[^not chosen],[^not chosen],[^not chosen],[^not chosen],x,[^not chosen],[^not chosen],[^not chosen],No
vxIm,[^not chosen],x,[^not chosen],[^not chosen],[^not chosen],[^not chosen],[^not chosen],Hybrid,1 week on site; 2 weeks remote with optional on site days,[\unasked],[\unfinished],0,[\unfinished],[\unfinished],[\unfinished],[\unfinished],[\unfinished],0,[\unfinished],[\unfinished],[\unfinished],[\unfinished],[\unfinished],[\unfinished],[\unfinished],[\unasked],0,[\unasked],[\unasked],[\unasked],[\unasked],[\unasked],[\unasked],[\unasked],[\unasked],[\unasked],[\unasked],0,[\unasked],[\unasked],[\unasked],[\unasked],[\unasked],[\unfinished],0,[\unfinished],[\unfinished],[\unfinished],[\unfinished],[\unfinished],[\unfinished],[\unfinished],[\unfinished],[\unfinished],[\unfinished],0,[\unfinished],[\unfinished],[\unfinished],[\unfinished],[\unfinished],[\unfinished],[\unfinished],[\unfinished],[\unfinished],[\unfinished],[\unfinished]
TBUf,[^not chosen],x,[^not chosen],[^not chosen],[^not chosen],[^not chosen],[^not chosen],[^not answered],[^not answered],[\unasked],"Leadership (Manager, Director, VP, etc.)",2,[^not chosen],[^not chosen],x,x,[^not chosen],2,[^not chosen],x,[^not chosen],[^not chosen],[^not chosen],[^not chosen],education,[\unasked],0,[\unasked],[\unasked],[\unasked],[\unasked],[\unasked],[\unasked],[\unasked],[\unasked],[\unasked],[\unasked],0,[\unasked],[\unasked],[\unasked],[\unasked],[\unasked],"Doctoral degree (e.g., PhD, EdD, PsyD)",1,[^not chosen],[^not chosen],[^not chosen],[^not chosen],[^not chosen],x,[^not chosen],[^not chosen],[^not chosen],[^not chosen],1,[^not chosen],[^not chosen],x,[^not chosen],[^not chosen],[^not chosen],[^not chosen],[^not chosen],[^not chosen],[^not chosen],No
smGs,[^not chosen],[^not chosen],x,x,[^not chosen],[^not chosen],[^not chosen],[^not answered],[^not answered],[\unasked],[\unasked],0,[\unasked],[\unasked],[\unasked],[\unasked],[\unasked],0,[\unasked],[\unasked],[\unasked],[\unasked],[\unasked],[\unasked],[\unasked],[\unasked],0,[\unasked],[\unasked],[\unasked],[\unasked],[\unasked],Part time,Graduate/Master’s,"Yes, in an elective course",computer science,6–10 hours,4,Often,Sometimes,Never,Sometimes,Sometimes,Bachelor’s degree,1,[^not chosen],[^not chosen],[^not chosen],[^not chosen],[^not chosen],x,[^not chosen],[^not chosen],[^not chosen],[^not chosen],0,[^not chosen],[^not chosen],[^not chosen],[^not chosen],[^not chosen],[^not chosen],[^not chosen],[^not chosen],[^not chosen],[^not chosen],Yes
LBRB,[^not chosen],x,[^not chosen],[^not chosen],[^not chosen],[^not chosen],[^not chosen],[^not answered],[^not answered],[\unasked],Journalist,0,[^not chosen],[^not chosen],[^not chosen],[^not chosen],[^not chosen],0,[^not chosen],[^not chosen],[^not chosen],[^not chosen],[^not chosen],[^not chosen],[^not chosen],[\unasked],0,[\unasked],[\unasked],[\unasked],[\unasked],[\unasked],[\unasked],[\unasked],[\unasked],[\unasked],[\unasked],0,[\unasked],[\unasked],[\unasked],[\unasked],[\unasked],[\unfinished],0,[\unfinished],[\unfinished],[\unfinished],[\unfinished],[\unfinished],[\unfinished],[\unfinished],[\unfinished],[\unfinished],[\unfinished],0,[\unfinished],[\unfinished],[\unfinished],[\unfinished],[\unfinished],[\unfinished],[\unfinished],[\unfinished],[\unfinished],[\unfinished],[\unfinished]
sgkV,x,[^not chosen],[^not chosen],[^not chosen],[^not chosen],[^not chosen],[^not chosen],[^not answered],[^not answered],[^not answered],[\unasked],0,[\unasked],[\unasked],[\unasked],[\unasked],[\unasked],0,[\unasked],[\unasked],[\unasked],[\unasked],[\unasked],[\unasked],[\unasked],[\unasked],0,[\unasked],[\unasked],[\unasked],[\unasked],[\unasked],[\unasked],[\unasked],[\unasked],[\unasked],[\unasked],0,[\unasked],[\unasked],[\unasked],[\unasked],[\unasked],[\unfinished],0,[\unfinished],[\unfinished],[\unfinished],[\unfinished],[\unfinished],[\unfinished],[\unfinished],[\unfinished],[\unfinished],[\unfinished],0,[\unfinished],[\unfinished],[\unfinished],[\unfinished],[\unfinished],[\unfinished],[\unfinished],[\unfinished],[\unfinished],[\unfinished],[\unfinished]
gqqF,[^not chosen],[^not chosen],[^not chosen],[^not chosen],[^not chosen],[^not chosen],x,[^not answered],[^not answered],[\unasked],[\unasked],0,[\unasked],[\unasked],[\unasked],[\unasked],[\unasked],0,[\unasked],[\unasked],[\unasked],[\unasked],[\unasked],[\unasked],[\unasked],[\unasked],0,[\unasked],[\unasked],[\unasked],[\unasked],[\unasked],[\unasked],[\unasked],[\unasked],[\unasked],[\unasked],0,[\unasked],[\unasked],[\unasked],[\unasked],[\unasked],Master’s (or similar graduate degree),0,[^not chosen],[^not chosen],[^not chosen],[^not chosen],[^not chosen],[^not chosen],[^not chosen],[^not chosen],[^not chosen],[^not chosen],0,[^not chosen],[^not chosen],[^not chosen],[^not chosen],[^not chosen],[^not chosen],[^not chosen],[^not chosen],[^not chosen],[^not chosen],Yes
quIm,[^not chosen],[^not chosen],[^not chosen],[^not chosen],x,[^not chosen],[^not chosen],[^not answered],[^not answered],[\unasked],[\unasked],0,[\unasked],[\unasked],[\unasked],[\unasked],[\unasked],0,[\unasked],[\unasked],[\unasked],[\unasked],[\unasked],[\unasked],[\unasked],"Science, Math, and Technology",3,x,x,x,[^not chosen],[^not chosen],[\unasked],[\unasked],[\unasked],[\unasked],[\unasked],0,[\unasked],[\unasked],[\unasked],[\unasked],[\unasked],"Doctoral degree (e.g., PhD, EdD, PsyD)",1,[^not chosen],[^not chosen],[^not chosen],[^not chosen],[^not chosen],x,[^not chosen],[^not chosen],[^not chosen],[^not chosen],1,[^not chosen],[^not chosen],[^not chosen],[^not chosen],[^not chosen],x,[^not chosen],[^not chosen],[^not chosen],[^not chosen],Yes
cqAI,[^not chosen],[^not chosen],[^not chosen],x,[^not chosen],[^not chosen],[^not chosen],[^not answered],[^not answered],[\unasked],[\unasked],0,[\unasked],[\unasked],[\unasked],[\unasked],[\unasked],0,[\unasked],[\unasked],[\unasked],[\unasked],[\unasked],[\unasked],[\unasked],[\unasked],0,[\unasked],[\unasked],[\unasked],[\unasked],[\unasked],Full time,Graduate/Master’s,"Yes, in a required course",MASc of Data Visualisation,[\unasked],0,[\unasked],[\unasked],[\unasked],[\unasked],[\unasked],[\unfinished],0,[\unfinished],[\unfinished],[\unfinished],[\unfinished],[\unfinished],[\unfinished],[\unfinished],[\unfinished],[\unfinished],[\unfinished],0,[\unfinished],[\unfinished],[\unfinished],[\unfinished],[\unfinished],[\unfinished],[\unfinished],[\unfinished],[\unfinished],[\unfinished],[\unfinished]
HqjV,[^not chosen],[^not chosen],x,[^not chosen],[^not chosen],[^not chosen],[^not chosen],[^not answered],[^not answered],[\unasked],[\unasked],0,[\unasked],[\unasked],[\unasked],[\unasked],[\unasked],0,[\unasked],[\unasked],[\unasked],[\unasked],[\unasked],[\unasked],[\unasked],[\unasked],0,[\unasked],[\unasked],[\unasked],[\unasked],[\unasked],[\unasked],[\unasked],[\unasked],[\unasked],,4,Sometimes,Rarely,Often,Sometimes,Never,[\unfinished],0,[\unfinished],[\unfinished],[\unfinished],[\unfinished],[\unfinished],[\unfinished],[\unfinished],[\unfinished],[\unfinished],[\unfinished],0,[\unfinished],[\unfinished],[\unfinished],[\unfinished],[\unfinished],[\unfinished],[\unfinished],[\unfinished],[\unfinished],[\unfinished],[\unfinished]
ibbd,[^not chosen],x,[^not chosen],[^not chosen],[^not chosen],[^not chosen],[^not chosen],On site (fully or mostly),[^not answered],[\unasked],Developer,1,[^not chosen],x,[^not chosen],[^not chosen],[^not chosen],0,[^not chosen],[^not chosen],[^not chosen],[^not chosen],[^not chosen],[^not chosen],[^not chosen],[\unasked],0,[\unasked],[\unasked],[\unasked],[\unasked],[\unasked],[\unasked],[\unasked],[\unasked],[\unasked],[\unasked],0,[\unasked],[\unasked],[\unasked],[\unasked],[\unasked],[\unfinished],0,[\unfinished],[\unfinished],[\unfinished],[\unfinished],[\unfinished],[\unfinished],[\unfinished],[\unfinished],[\unfinished],[\unfinished],0,[\unfinished],[\unfinished],[\unfinished],[\unfinished],[\unfinished],[\unfinished],[\unfinished],[\unfinished],[\unfinished],[\unfinished],[\unfinished]
XZxE,x,[^not chosen],[^not chosen],[^not chosen],[^not chosen],[^not chosen],[^not chosen],[^not answered],[^not answered],[^not answered],[\unasked],0,[\unasked],[\unasked],[\unasked],[\unasked],[\unasked],0,[\unasked],[\unasked],[\unasked],[\unasked],[\unasked],[\unasked],[\unasked],[\unasked],0,[\unasked],[\unasked],[\unasked],[\unasked],[\unasked],[\unasked],[\unasked],[\unasked],[\unasked],[\unasked],0,[\unasked],[\unasked],[\unasked],[\unasked],[\unasked],[\unfinished],0,[\unfinished],[\unfinished],[\unfinished],[\unfinished],[\unfinished],[\unfinished],[\unfinished],[\unfinished],[\unfinished],[\unfinished],0,[\unfinished],[\unfinished],[\unfinished],[\unfinished],[\unfinished],[\unfinished],[\unfinished],[\unfinished],[\unfinished],[\unfinished],[\unfinished]
mMmn,[^not chosen],[^not chosen],[^not chosen],x,[^not chosen],[^not chosen],[^not chosen],[^not answered],[^not answered],[\unasked],[\unasked],0,[\unasked],[\unasked],[\unasked],[\unasked],[\unasked],0,[\unasked],[\unasked],[\unasked],[\unasked],[\unasked],[\unasked],[\unasked],[\unasked],0,[\unasked],[\unasked],[\unasked],[\unasked],[\unasked],[^not answered],[^not answered],[^not answered],[^not answered],[\unasked],0,[\unasked],[\unasked],[\unasked],[\unasked],[\unasked],[\unfinished],0,[\unfinished],[\unfinished],[\unfinished],[\unfinished],[\unfinished],[\unfinished],[\unfinished],[\unfinished],[\unfinished],[\unfinished],0,[\unfinished],[\unfinished],[\unfinished],[\unfinished],[\unfinished],[\unfinished],[\unfinished],[\unfinished],[\unfinished],[\unfinished],[\unfinished]
KOda,[^not chosen],x,[^not chosen],x,[^not chosen],[^not chosen],[^not chosen],Remote (fully or mostly),[^not answered],[\unasked],"Leadership (Manager, Director, VP, etc.)",4,x,x,x,x,[^not chosen],1,[^not chosen],[^not chosen],[^not chosen],[^not chosen],[^not chosen],x,[^not chosen],[\unasked],0,[\unasked],[\unasked],[\unasked],[\unasked],[\unasked],Full time,PhD/Doctorate,"Yes, in a required course",Data Science,[\unasked],0,[\unasked],[\unasked],[\unasked],[\unasked],[\unasked],[\unfinished],0,[\unfinished],[\unfinished],[\unfinished],[\unfinished],[\unfinished],[\unfinished],[\unfinished],[\unfinished],[\unfinished],[\unfinished],0,[\unfinished],[\unfinished],[\unfinished],[\unfinished],[\unfinished],[\unfinished],[\unfinished],[\unfinished],[\unfinished],[\unfinished],[\unfinished]
ivXi,[^not chosen],[^not chosen],x,[^not chosen],[^not chosen],[^not chosen],[^not chosen],[^not answered],[^not answered],[\unasked],[\unasked],0,[\unasked],[\unasked],[\unasked],[\unasked],[\unasked],0,[\unasked],[\unasked],[\unasked],[\unasked],[\unasked],[\unasked],[\unasked],[\unasked],0,[\unasked],[\unasked],[\unasked],[\unasked],[\unasked],[\unasked],[\unasked],[\unasked],[\unasked],5 hours or less,5,Sometimes,Often,Often,Sometimes,Often,[\unfinished],0,[\unfinished],[\unfinished],[\unfinished],[\unfinished],[\unfinished],[\unfinished],[\unfinished],[\unfinished],[\unfinished],[\unfinished],0,[\unfinished],[\unfinished],[\unfinished],[\unfinished],[\unfinished],[\unfinished],[\unfinished],[\unfinished],[\unfinished],[\unfinished],[\unfinished]
lGdp,[^not chosen],[^not chosen],[^not chosen],[^not chosen],[^not chosen],[^not chosen],[^not chosen],[^not answered],[^not answered],Developer,[\unasked],0,[\unasked],[\unasked],[\unasked],[\unasked],[\unasked],0,[\unasked],[\unasked],[\unasked],[\unasked],[\unasked],[\unasked],[\unasked],[\unasked],0,[\unasked],[\unasked],[\unasked],[\unasked],[\unasked],[\unasked],[\unasked],[\unasked],[\unasked],[\unasked],0,[\unasked],[\unasked],[\unasked],[\unasked],[\unasked],[\unfinished],0,[\unfinished],[\unfinished],[\unfinished],[\unfinished],[\unfinished],[\unfinished],[\unfinished],[\unfinished],[\unfinished],[\unfinished],0,[\unfinished],[\unfinished],[\unfinished],[\unfinished],[\unfinished],[\unfinished],[\unfinished],[\unfinished],[\unfinished],[\unfinished],[\unfinished]
NwTE,[^not chosen],x,[^not chosen],[^not chosen],[^not chosen],[^not chosen],[^not chosen],[\unfinished],[\unfinished],[\unasked],[\unfinished],0,[\unfinished],[\unfinished],[\unfinished],[\unfinished],[\unfinished],0,[\unfinished],[\unfinished],[\unfinished],[\unfinished],[\unfinished],[\unfinished],[\unfinished],[\unasked],0,[\unasked],[\unasked],[\unasked],[\unasked],[\unasked],[\unasked],[\unasked],[\unasked],[\unasked],[\unasked],0,[\unasked],[\unasked],[\unasked],[\unasked],[\unasked],[\unfinished],0,[\unfinished],[\unfinished],[\unfinished],[\unfinished],[\unfinished],[\unfinished],[\unfinished],[\unfinished],[\unfinished],[\unfinished],0,[\unfinished],[\unfinished],[\unfinished],[\unfinished],[\unfinished],[\unfinished],[\unfinished],[\unfinished],[\unfinished],[\unfinished],[\unfinished]
jTIF,[^not chosen],[^not chosen],[^not chosen],x,[^not chosen],[^not chosen],[^not chosen],[\unfinished],[\unfinished],[\unasked],[\unasked],0,[\unasked],[\unasked],[\unasked],[\unasked],[\unasked],0,[\unasked],[\unasked],[\unasked],[\unasked],[\unasked],[\unasked],[\unasked],[\unasked],0,[\unasked],[\unasked],[\unasked],[\unasked],[\unasked],[\unfinished],[\unfinished],[\unfinished],[\unfinished],[\unasked],0,[\unasked],[\unasked],[\unasked],[\unasked],[\unasked],[\unfinished],0,[\unfinished],[\unfinished],[\unfinished],[\unfinished],[\unfinished],[\unfinished],[\unfinished],[\unfinished],[\unfinished],[\unfinished],0,[\unfinished],[\unfinished],[\unfinished],[\unfinished],[\unfinished],[\unfinished],[\unfinished],[\unfinished],[\unfinished],[\unfinished],[\unfinished]
zPFa,[^not chosen],[^not chosen],[^not chosen],[^not chosen],x,[^not chosen],[^not chosen],[\unfinished],[\unfinished],[\unasked],[\unasked],0,[\unasked],[\unasked],[\unasked],[\unasked],[\unasked],0,[\unasked],[\unasked],[\unasked],[\unasked],[\unasked],[\unasked],[\unasked],[\unfinished],0,[^not chosen],[^not chosen],[^not chosen],[^not chosen],[^not chosen],[\unasked],[\unasked],[\unasked],[\unasked],[\unasked],0,[\unasked],[\unasked],[\unasked],[\unasked],[\unasked],[\unfinished],0,[\unfinished],[\unfinished],[\unfinished],[\unfinished],[\unfinished],[\unfinished],[\unfinished],[\unfinished],[\unfinished],[\unfinished],0,[\unfinished],[\unfinished],[\unfinished],[\unfinished],[\unfinished],[\unfinished],[\unfinished],[\unfinished],[\unfinished],[\unfinished],[\unfinished]
JryH,[^not chosen],[^not chosen],[^not chosen],x,[^not chosen],[^not chosen],[^not chosen],[\unfinished],[\unfinished],[\unasked],[\unasked],0,[\unasked],[\unasked],[\unasked],[\unasked],[\unasked],0,[\unasked],[\unasked],[\unasked],[\unasked],[\unasked],[\unasked],[\unasked],[\unasked],0,[\unasked],[\unasked],[\unasked],[\unasked],[\unasked],[\unfinished],[\unfinished],[\unfinished],[\unfinished],[\unasked],0,[\unasked],[\unasked],[\unasked],[\unasked],[\unasked],[\unfinished],0,[\unfinished],[\unfinished],[\unfinished],[\unfinished],[\unfinished],[\unfinished],[\unfinished],[\unfinished],[\unfinished],[\unfinished],0,[\unfinished],[\unfinished],[\unfinished],[\unfinished],[\unfinished],[\unfinished],[\unfinished],[\unfinished],[\unfinished],[\unfinished],[\unfinished]
ENbn,[^not chosen],x,[^not chosen],x,[^not chosen],[^not chosen],[^not chosen],[\unfinished],[\unfinished],[\unasked],[\unfinished],0,[\unfinished],[\unfinished],[\unfinished],[\unfinished],[\unfinished],0,[\unfinished],[\unfinished],[\unfinished],[\unfinished],[\unfinished],[\unfinished],[\unfinished],[\unasked],0,[\unasked],[\unasked],[\unasked],[\unasked],[\unasked],[\unfinished],[\unfinished],[\unfinished],[\unfinished],[\unasked],0,[\unasked],[\unasked],[\unasked],[\unasked],[\unasked],[\unfinished],0,[\unfinished],[\unfinished],[\unfinished],[\unfinished],[\unfinished],[\unfinished],[\unfinished],[\unfinished],[\unfinished],[\unfinished],0,[\unfinished],[\unfinished],[\unfinished],[\unfinished],[\unfinished],[\unfinished],[\unfinished],[\unfinished],[\unfinished],[\unfinished],[\unfinished]
AjZR,x,x,[^not chosen],[^not chosen],x,[^not chosen],[^not chosen],[\unfinished],[\unfinished],[\unfinished],[\unfinished],0,[\unfinished],[\unfinished],[\unfinished],[\unfinished],[\unfinished],0,[\unfinished],[\unfinished],[\unfinished],[\unfinished],[\unfinished],[\unfinished],[\unfinished],[\unfinished],0,[^not chosen],[^not chosen],[^not chosen],[^not chosen],[^not chosen],[\unasked],[\unasked],[\unasked],[\unasked],[\unasked],0,[\unasked],[\unasked],[\unasked],[\unasked],[\unasked],[\unfinished],0,[\unfinished],[\unfinished],[\unfinished],[\unfinished],[\unfinished],[\unfinished],[\unfinished],[\unfinished],[\unfinished],[\unfinished],0,[\unfinished],[\unfinished],[\unfinished],[\unfinished],[\unfinished],[\unfinished],[\unfinished],[\unfinished],[\unfinished],[\unfinished],[\unfinished]
kWyU,[^not chosen],[^not chosen],[^not chosen],[^not chosen],x,[^not chosen],[^not chosen],[\unfinished],[\unfinished],[\unasked],[\unasked],0,[\unasked],[\unasked],[\unasked],[\unasked],[\unasked],0,[\unasked],[\unasked],[\unasked],[\unasked],[\unasked],[\unasked],[\unasked],[\unfinished],0,[^not chosen],[^not chosen],[^not chosen],[^not chosen],[^not chosen],[\unasked],[\unasked],[\unasked],[\unasked],[\unasked],0,[\unasked],[\unasked],[\unasked],[\unasked],[\unasked],[\unfinished],0,[\unfinished],[\unfinished],[\unfinished],[\unfinished],[\unfinished],[\unfinished],[\unfinished],[\unfinished],[\unfinished],[\unfinished],0,[\unfinished],[\unfinished],[\unfinished],[\unfinished],[\unfinished],[\unfinished],[\unfinished],[\unfinished],[\unfinished],[\unfinished],[\unfinished]
rxGi,x,[^not chosen],[^not chosen],[^not chosen],[^not chosen],[^not chosen],[^not chosen],[\unfinished],[\unfinished],[\unfinished],[\unasked],0,[\unasked],[\unasked],[\unasked],[\unasked],[\unasked],0,[\unasked],[\unasked],[\unasked],[\unasked],[\unasked],[\unasked],[\unasked],[\unasked],0,[\unasked],[\unasked],[\unasked],[\unasked],[\unasked],[\unasked],[\unasked],[\unasked],[\unasked],[\unasked],0,[\unasked],[\unasked],[\unasked],[\unasked],[\unasked],[\unfinished],0,[\unfinished],[\unfinished],[\unfinished],[\unfinished],[\unfinished],[\unfinished],[\unfinished],[\unfinished],[\unfinished],[\unfinished],0,[\unfinished],[\unfinished],[\unfinished],[\unfinished],[\unfinished],[\unfinished],[\unfinished],[\unfinished],[\unfinished],[\unfinished],[\unfinished]
vNVP,[^not chosen],x,[^not chosen],[^not chosen],x,[^not chosen],[^not chosen],[\unfinished],[\unfinished],[\unasked],[\unfinished],0,[\unfinished],[\unfinished],[\unfinished],[\unfinished],[\unfinished],0,[\unfinished],[\unfinished],[\unfinished],[\unfinished],[\unfinished],[\unfinished],[\unfinished],[\unfinished],0,[^not chosen],[^not chosen],[^not chosen],[^not chosen],[^not chosen],[\unasked],[\unasked],[\unasked],[\unasked],[\unasked],0,[\unasked],[\unasked],[\unasked],[\unasked],[\unasked],[\unfinished],0,[\unfinished],[\unfinished],[\unfinished],[\unfinished],[\unfinished],[\unfinished],[\unfinished],[\unfinished],[\unfinished],[\unfinished],0,[\unfinished],[\unfinished],[\unfinished],[\unfinished],[\unfinished],[\unfinished],[\unfinished],[\unfinished],[\unfinished],[\unfinished],[\unfinished]
mjVo,[^not chosen],x,[^not chosen],[^not chosen],[^not chosen],[^not chosen],[^not chosen],[\unfinished],[\unfinished],[\unasked],[\unfinished],0,[\unfinished],[\unfinished],[\unfinished],[\unfinished],[\unfinished],0,[\unfinished],[\unfinished],[\unfinished],[\unfinished],[\unfinished],[\unfinished],[\unfinished],[\unasked],0,[\unasked],[\unasked],[\unasked],[\unasked],[\unasked],[\unasked],[\unasked],[\unasked],[\unasked],[\unasked],0,[\unasked],[\unasked],[\unasked],[\unasked],[\unasked],[\unfinished],0,[\unfinished],[\unfinished],[\unfinished],[\unfinished],[\unfinished],[\unfinished],[\unfinished],[\unfinished],[\unfinished],[\unfinished],0,[\unfinished],[\unfinished],[\unfinished],[\unfinished],[\unfinished],[\unfinished],[\unfinished],[\unfinished],[\unfinished],[\unfinished],[\unfinished]
rwyT,[^not chosen],x,[^not chosen],[^not chosen],[^not chosen],[^not chosen],[^not chosen],[\unfinished],[\unfinished],[\unasked],[\unfinished],0,[\unfinished],[\unfinished],[\unfinished],[\unfinished],[\unfinished],0,[\unfinished],[\unfinished],[\unfinished],[\unfinished],[\unfinished],[\unfinished],[\unfinished],[\unasked],0,[\unasked],[\unasked],[\unasked],[\unasked],[\unasked],[\unasked],[\unasked],[\unasked],[\unasked],[\unasked],0,[\unasked],[\unasked],[\unasked],[\unasked],[\unasked],[\unfinished],0,[\unfinished],[\unfinished],[\unfinished],[\unfinished],[\unfinished],[\unfinished],[\unfinished],[\unfinished],[\unfinished],[\unfinished],0,[\unfinished],[\unfinished],[\unfinished],[\unfinished],[\unfinished],[\unfinished],[\unfinished],[\unfinished],[\unfinished],[\unfinished],[\unfinished]
DxxL,[^not chosen],x,[^not chosen],[^not chosen],[^not chosen],[^not chosen],[^not chosen],[\unfinished],[\unfinished],[\unasked],[\unfinished],0,[\unfinished],[\unfinished],[\unfinished],[\unfinished],[\unfinished],0,[\unfinished],[\unfinished],[\unfinished],[\unfinished],[\unfinished],[\unfinished],[\unfinished],[\unasked],0,[\unasked],[\unasked],[\unasked],[\unasked],[\unasked],[\unasked],[\unasked],[\unasked],[\unasked],[\unasked],0,[\unasked],[\unasked],[\unasked],[\unasked],[\unasked],[\unfinished],0,[\unfinished],[\unfinished],[\unfinished],[\unfinished],[\unfinished],[\unfinished],[\unfinished],[\unfinished],[\unfinished],[\unfinished],0,[\unfinished],[\unfinished],[\unfinished],[\unfinished],[\unfinished],[\unfinished],[\unfinished],[\unfinished],[\unfinished],[\unfinished],[\unfinished]
zNoM,[^not chosen],x,[^not chosen],[^not chosen],[^not chosen],[^not chosen],[^not chosen],[\unfinished],[\unfinished],[\unasked],[\unfinished],0,[\unfinished],[\unfinished],[\unfinished],[\unfinished],[\unfinished],0,[\unfinished],[\unfinished],[\unfinished],[\unfinished],[\unfinished],[\unfinished],[\unfinished],[\unasked],0,[\unasked],[\unasked],[\unasked],[\unasked],[\unasked],[\unasked],[\unasked],[\unasked],[\unasked],[\unasked],0,[\unasked],[\unasked],[\unasked],[\unasked],[\unasked],[\unfinished],0,[\unfinished],[\unfinished],[\unfinished],[\unfinished],[\unfinished],[\unfinished],[\unfinished],[\unfinished],[\unfinished],[\unfinished],0,[\unfinished],[\unfinished],[\unfinished],[\unfinished],[\unfinished],[\unfinished],[\unfinished],[\unfinished],[\unfinished],[\unfinished],[\unfinished]
pynB,x,[^not chosen],[^not chosen],x,[^not chosen],[^not chosen],[^not chosen],[\unfinished],[\unfinished],[\unfinished],[\unasked],0,[\unasked],[\unasked],[\unasked],[\unasked],[\unasked],0,[\unasked],[\unasked],[\unasked],[\unasked],[\unasked],[\unasked],[\unasked],[\unasked],0,[\unasked],[\unasked],[\unasked],[\unasked],[\unasked],[\unfinished],[\unfinished],[\unfinished],[\unfinished],[\unasked],0,[\unasked],[\unasked],[\unasked],[\unasked],[\unasked],[\unfinished],0,[\unfinished],[\unfinished],[\unfinished],[\unfinished],[\unfinished],[\unfinished],[\unfinished],[\unfinished],[\unfinished],[\unfinished],0,[\unfinished],[\unfinished],[\unfinished],[\unfinished],[\unfinished],[\unfinished],[\unfinished],[\unfinished],[\unfinished],[\unfinished],[\unfinished]
xLTh,[^not chosen],[^not chosen],[^not chosen],[^not chosen],x,[^not chosen],[^not chosen],[\unfinished],[\unfinished],[\unasked],[\unasked],0,[\unasked],[\unasked],[\unasked],[\unasked],[\unasked],0,[\unasked],[\unasked],[\unasked],[\unasked],[\unasked],[\unasked],[\unasked],[\unfinished],0,[^not chosen],[^not chosen],[^not chosen],[^not chosen],[^not chosen],[\unasked],[\unasked],[\unasked],[\unasked],[\unasked],0,[\unasked],[\unasked],[\unasked],[\unasked],[\unasked],[\unfinished],0,[\unfinished],[\unfinished],[\unfinished],[\unfinished],[\unfinished],[\unfinished],[\unfinished],[\unfinished],[\unfinished],[\unfinished],0,[\unfinished],[\unfinished],[\unfinished],[\unfinished],[\unfinished],[\unfinished],[\unfinished],[\unfinished],[\unfinished],[\unfinished],[\unfinished]
gtNL,[^not chosen],x,[^not chosen],[^not chosen],[^not chosen],[^not chosen],[^not chosen],[\unfinished],[\unfinished],[\unasked],[\unfinished],0,[\unfinished],[\unfinished],[\unfinished],[\unfinished],[\unfinished],0,[\unfinished],[\unfinished],[\unfinished],[\unfinished],[\unfinished],[\unfinished],[\unfinished],[\unasked],0,[\unasked],[\unasked],[\unasked],[\unasked],[\unasked],[\unasked],[\unasked],[\unasked],[\unasked],[\unasked],0,[\unasked],[\unasked],[\unasked],[\unasked],[\unasked],[\unfinished],0,[\unfinished],[\unfinished],[\unfinished],[\unfinished],[\unfinished],[\unfinished],[\unfinished],[\unfinished],[\unfinished],[\unfinished],0,[\unfinished],[\unfinished],[\unfinished],[\unfinished],[\unfinished],[\unfinished],[\unfinished],[\unfinished],[\unfinished],[\unfinished],[\unfinished]
tVWh,[^not chosen],x,[^not chosen],[^not chosen],[^not chosen],[^not chosen],[^not chosen],[\unfinished],[\unfinished],[\unasked],[\unfinished],0,[\unfinished],[\unfinished],[\unfinished],[\unfinished],[\unfinished],0,[\unfinished],[\unfinished],[\unfinished],[\unfinished],[\unfinished],[\unfinished],[\unfinished],[\unasked],0,[\unasked],[\unasked],[\unasked],[\unasked],[\unasked],[\unasked],[\unasked],[\unasked],[\unasked],[\unasked],0,[\unasked],[\unasked],[\unasked],[\unasked],[\unasked],[\unfinished],0,[\unfinished],[\unfinished],[\unfinished],[\unfinished],[\unfinished],[\unfinished],[\unfinished],[\unfinished],[\unfinished],[\unfinished],0,[\unfinished],[\unfinished],[\unfinished],[\unfinished],[\unfinished],[\unfinished],[\unfinished],[\unfinished],[\unfinished],[\unfinished],[\unfinished]
AodP,x,[^not chosen],[^not chosen],[^not chosen],[^not chosen],[^not chosen],[^not chosen],[\unfinished],[\unfinished],[\unfinished],[\unasked],0,[\unasked],[\unasked],[\unasked],[\unasked],[\unasked],0,[\unasked],[\unasked],[\unasked],[\unasked],[\unasked],[\unasked],[\unasked],[\unasked],0,[\unasked],[\unasked],[\unasked],[\unasked],[\unasked],[\unasked],[\unasked],[\unasked],[\unasked],[\unasked],0,[\unasked],[\unasked],[\unasked],[\unasked],[\unasked],[\unfinished],0,[\unfinished],[\unfinished],[\unfinished],[\unfinished],[\unfinished],[\unfinished],[\unfinished],[\unfinished],[\unfinished],[\unfinished],0,[\unfinished],[\unfinished],[\unfinished],[\unfinished],[\unfinished],[\unfinished],[\unfinished],[\unfinished],[\unfinished],[\unfinished],[\unfinished]
cngd,x,[^not chosen],[^not chosen],[^not chosen],[^not chosen],[^not chosen],[^not chosen],[\unfinished],[\unfinished],[\unfinished],[\unasked],0,[\unasked],[\unasked],[\unasked],[\unasked],[\unasked],0,[\unasked],[\unasked],[\unasked],[\unasked],[\unasked],[\unasked],[\unasked],[\unasked],0,[\unasked],[\unasked],[\unasked],[\unasked],[\unasked],[\unasked],[\unasked],[\unasked],[\unasked],[\unasked],0,[\unasked],[\unasked],[\unasked],[\unasked],[\unasked],[\unfinished],0,[\unfinished],[\unfinished],[\unfinished],[\unfinished],[\unfinished],[\unfinished],[\unfinished],[\unfinished],[\unfinished],[\unfinished],0,[\unfinished],[\unfinished],[\unfinished],[\unfinished],[\unfinished],[\unfinished],[\unfinished],[\unfinished],[\unfinished],[\unfinished],[\unfinished]
lHLh,[^not chosen],x,[^not chosen],[^not chosen],[^not chosen],[^not chosen],[^not chosen],[\unfinished],[\unfinished],[\unasked],[\unfinished],0,[\unfinished],[\unfinished],[\unfinished],[\unfinished],[\unfinished],0,[\unfinished],[\unfinished],[\unfinished],[\unfinished],[\unfinished],[\unfinished],[\unfinished],[\unasked],0,[\unasked],[\unasked],[\unasked],[\unasked],[\unasked],[\unasked],[\unasked],[\unasked],[\unasked],[\unasked],0,[\unasked],[\unasked],[\unasked],[\unasked],[\unasked],[\unfinished],0,[\unfinished],[\unfinished],[\unfinished],[\unfinished],[\unfinished],[\unfinished],[\unfinished],[\unfinished],[\unfinished],[\unfinished],0,[\unfinished],[\unfinished],[\unfinished],[\unfinished],[\unfinished],[\unfinished],[\unfinished],[\unfinished],[\unfinished],[\unfinished],[\unfinished]
FPfW,x,[^not chosen],[^not chosen],[^not chosen],[^not chosen],[^not chosen],[^not chosen],[\unfinished],[\unfinished],[\unfinished],[\unasked],0,[\unasked],[\unasked],[\unasked],[\unasked],[\unasked],0,[\unasked],[\unasked],[\unasked],[\unasked],[\unasked],[\unasked],[\unasked],[\unasked],0,[\unasked],[\unasked],[\unasked],[\unasked],[\unasked],[\unasked],[\unasked],[\unasked],[\unasked],[\unasked],0,[\unasked],[\unasked],[\unasked],[\unasked],[\unasked],[\unfinished],0,[\unfinished],[\unfinished],[\unfinished],[\unfinished],[\unfinished],[\unfinished],[\unfinished],[\unfinished],[\unfinished],[\unfinished],0,[\unfinished],[\unfinished],[\unfinished],[\unfinished],[\unfinished],[\unfinished],[\unfinished],[\unfinished],[\unfinished],[\unfinished],[\unfinished]
jFfe,[^not chosen],x,[^not chosen],[^not chosen],[^not chosen],[^not chosen],[^not chosen],[\unfinished],[\unfinished],[\unasked],[\unfinished],0,[\unfinished],[\unfinished],[\unfinished],[\unfinished],[\unfinished],0,[\unfinished],[\unfinished],[\unfinished],[\unfinished],[\unfinished],[\unfinished],[\unfinished],[\unasked],0,[\unasked],[\unasked],[\unasked],[\unasked],[\unasked],[\unasked],[\unasked],[\unasked],[\unasked],[\unasked],0,[\unasked],[\unasked],[\unasked],[\unasked],[\unasked],[\unfinished],0,[\unfinished],[\unfinished],[\unfinished],[\unfinished],[\unfinished],[\unfinished],[\unfinished],[\unfinished],[\unfinished],[\unfinished],0,[\unfinished],[\unfinished],[\unfinished],[\unfinished],[\unfinished],[\unfinished],[\unfinished],[\unfinished],[\unfinished],[\unfinished],[\unfinished]
ajxr,[^not chosen],x,[^not chosen],[^not chosen],[^not chosen],[^not chosen],[^not chosen],[\unfinished],[\unfinished],[\unasked],[\unfinished],0,[\unfinished],[\unfinished],[\unfinished],[\unfinished],[\unfinished],0,[\unfinished],[\unfinished],[\unfinished],[\unfinished],[\unfinished],[\unfinished],[\unfinished],[\unasked],0,[\unasked],[\unasked],[\unasked],[\unasked],[\unasked],[\unasked],[\unasked],[\unasked],[\unasked],[\unasked],0,[\unasked],[\unasked],[\unasked],[\unasked],[\unasked],[\unfinished],0,[\unfinished],[\unfinished],[\unfinished],[\unfinished],[\unfinished],[\unfinished],[\unfinished],[\unfinished],[\unfinished],[\unfinished],0,[\unfinished],[\unfinished],[\unfinished],[\unfinished],[\unfinished],[\unfinished],[\unfinished],[\unfinished],[\unfinished],[\unfinished],[\unfinished]
iamp,[^not chosen],x,[^not chosen],[^not chosen],[^not chosen],[^not chosen],[^not chosen],[\unfinished],[\unfinished],[\unasked],[\unfinished],0,[\unfinished],[\unfinished],[\unfinished],[\unfinished],[\unfinished],0,[\unfinished],[\unfinished],[\unfinished],[\unfinished],[\unfinished],[\unfinished],[\unfinished],[\unasked],0,[\unasked],[\unasked],[\unasked],[\unasked],[\unasked],[\unasked],[\unasked],[\unasked],[\unasked],[\unasked],0,[\unasked],[\unasked],[\unasked],[\unasked],[\unasked],[\unfinished],0,[\unfinished],[\unfinished],[\unfinished],[\unfinished],[\unfinished],[\unfinished],[\unfinished],[\unfinished],[\unfinished],[\unfinished],0,[\unfinished],[\unfinished],[\unfinished],[\unfinished],[\unfinished],[\unfinished],[\unfinished],[\unfinished],[\unfinished],[\unfinished],[\unfinished]
yLJC,[^not chosen],x,[^not chosen],[^not chosen],[^not chosen],[^not chosen],[^not chosen],[\unfinished],[\unfinished],[\unasked],[\unfinished],0,[\unfinished],[\unfinished],[\unfinished],[\unfinished],[\unfinished],0,[\unfinished],[\unfinished],[\unfinished],[\unfinished],[\unfinished],[\unfinished],[\unfinished],[\unasked],0,[\unasked],[\unasked],[\unasked],[\unasked],[\unasked],[\unasked],[\unasked],[\unasked],[\unasked],[\unasked],0,[\unasked],[\unasked],[\unasked],[\unasked],[\unasked],[\unfinished],0,[\unfinished],[\unfinished],[\unfinished],[\unfinished],[\unfinished],[\unfinished],[\unfinished],[\unfinished],[\unfinished],[\unfinished],0,[\unfinished],[\unfinished],[\unfinished],[\unfinished],[\unfinished],[\unfinished],[\unfinished],[\unfinished],[\unfinished],[\unfinished],[\unfinished]
PMWt,[^not chosen],[^not chosen],[^not chosen],[^not chosen],x,[^not chosen],[^not chosen],[\unfinished],[\unfinished],[\unasked],[\unasked],0,[\unasked],[\unasked],[\unasked],[\unasked],[\unasked],0,[\unasked],[\unasked],[\unasked],[\unasked],[\unasked],[\unasked],[\unasked],[\unfinished],0,[^not chosen],[^not chosen],[^not chosen],[^not chosen],[^not chosen],[\unasked],[\unasked],[\unasked],[\unasked],[\unasked],0,[\unasked],[\unasked],[\unasked],[\unasked],[\unasked],[\unfinished],0,[\unfinished],[\unfinished],[\unfinished],[\unfinished],[\unfinished],[\unfinished],[\unfinished],[\unfinished],[\unfinished],[\unfinished],0,[\unfinished],[\unfinished],[\unfinished],[\unfinished],[\unfinished],[\unfinished],[\unfinished],[\unfinished],[\unfinished],[\unfinished],[\unfinished]
cEUl,[^not chosen],x,[^not chosen],[^not chosen],[^not chosen],[^not chosen],[^not chosen],[\unfinished],[\unfinished],[\unasked],[\unfinished],0,[\unfinished],[\unfinished],[\unfinished],[\unfinished],[\unfinished],0,[\unfinished],[\unfinished],[\unfinished],[\unfinished],[\unfinished],[\unfinished],[\unfinished],[\unasked],0,[\unasked],[\unasked],[\unasked],[\unasked],[\unasked],[\unasked],[\unasked],[\unasked],[\unasked],[\unasked],0,[\unasked],[\unasked],[\unasked],[\unasked],[\unasked],[\unfinished],0,[\unfinished],[\unfinished],[\unfinished],[\unfinished],[\unfinished],[\unfinished],[\unfinished],[\unfinished],[\unfinished],[\unfinished],0,[\unfinished],[\unfinished],[\unfinished],[\unfinished],[\unfinished],[\unfinished],[\unfinished],[\unfinished],[\unfinished],[\unfinished],[\unfinished]
fZeE,[^not chosen],x,[^not chosen],[^not chosen],[^not chosen],[^not chosen],[^not chosen],[\unfinished],[\unfinished],[\unasked],[\unfinished],0,[\unfinished],[\unfinished],[\unfinished],[\unfinished],[\unfinished],0,[\unfinished],[\unfinished],[\unfinished],[\unfinished],[\unfinished],[\unfinished],[\unfinished],[\unasked],0,[\unasked],[\unasked],[\unasked],[\unasked],[\unasked],[\unasked],[\unasked],[\unasked],[\unasked],[\unasked],0,[\unasked],[\unasked],[\unasked],[\unasked],[\unasked],[\unfinished],0,[\unfinished],[\unfinished],[\unfinished],[\unfinished],[\unfinished],[\unfinished],[\unfinished],[\unfinished],[\unfinished],[\unfinished],0,[\unfinished],[\unfinished],[\unfinished],[\unfinished],[\unfinished],[\unfinished],[\unfinished],[\unfinished],[\unfinished],[\unfinished],[\unfinished]
XUFU,[^not chosen],x,[^not chosen],[^not chosen],[^not chosen],[^not chosen],[^not chosen],[\unfinished],[\unfinished],[\unasked],[\unfinished],0,[\unfinished],[\unfinished],[\unfinished],[\unfinished],[\unfinished],0,[\unfinished],[\unfinished],[\unfinished],[\unfinished],[\unfinished],[\unfinished],[\unfinished],[\unasked],0,[\unasked],[\unasked],[\unasked],[\unasked],[\unasked],[\unasked],[\unasked],[\unasked],[\unasked],[\unasked],0,[\unasked],[\unasked],[\unasked],[\unasked],[\unasked],[\unfinished],0,[\unfinished],[\unfinished],[\unfinished],[\unfinished],[\unfinished],[\unfinished],[\unfinished],[\unfinished],[\unfinished],[\unfinished],0,[\unfinished],[\unfinished],[\unfinished],[\unfinished],[\unfinished],[\unfinished],[\unfinished],[\unfinished],[\unfinished],[\unfinished],[\unfinished]
zNtY,x,x,x,[^not chosen],[^not chosen],[^not chosen],[^not chosen],[\unfinished],[\unfinished],[\unfinished],[\unfinished],0,[\unfinished],[\unfinished],[\unfinished],[\unfinished],[\unfinished],0,[\unfinished],[\unfinished],[\unfinished],[\unfinished],[\unfinished],[\unfinished],[\unfinished],[\unasked],0,[\unasked],[\unasked],[\unasked],[\unasked],[\unasked],[\unasked],[\unasked],[\unasked],[\unasked],[\unfinished],0,[\unfinished],[\unfinished],[\unfinished],[\unfinished],[\unfinished],[\unfinished],0,[\unfinished],[\unfinished],[\unfinished],[\unfinished],[\unfinished],[\unfinished],[\unfinished],[\unfinished],[\unfinished],[\unfinished],0,[\unfinished],[\unfinished],[\unfinished],[\unfinished],[\unfinished],[\unfinished],[\unfinished],[\unfinished],[\unfinished],[\unfinished],[\unfinished]
AnWh,[^not chosen],x,[^not chosen],[^not chosen],[^not chosen],[^not chosen],[^not chosen],[\unfinished],[\unfinished],[\unasked],[\unfinished],0,[\unfinished],[\unfinished],[\unfinished],[\unfinished],[\unfinished],0,[\unfinished],[\unfinished],[\unfinished],[\unfinished],[\unfinished],[\unfinished],[\unfinished],[\unasked],0,[\unasked],[\unasked],[\unasked],[\unasked],[\unasked],[\unasked],[\unasked],[\unasked],[\unasked],[\unasked],0,[\unasked],[\unasked],[\unasked],[\unasked],[\unasked],[\unfinished],0,[\unfinished],[\unfinished],[\unfinished],[\unfinished],[\unfinished],[\unfinished],[\unfinished],[\unfinished],[\unfinished],[\unfinished],0,[\unfinished],[\unfinished],[\unfinished],[\unfinished],[\unfinished],[\unfinished],[\unfinished],[\unfinished],[\unfinished],[\unfinished],[\unfinished]
iDaz,[^not chosen],[^not chosen],[^not chosen],[^not chosen],x,[^not chosen],[^not chosen],[\unfinished],[\unfinished],[\unasked],[\unasked],0,[\unasked],[\unasked],[\unasked],[\unasked],[\unasked],0,[\unasked],[\unasked],[\unasked],[\unasked],[\unasked],[\unasked],[\unasked],[\unfinished],0,[^not chosen],[^not chosen],[^not chosen],[^not chosen],[^not chosen],[\unasked],[\unasked],[\unasked],[\unasked],[\unasked],0,[\unasked],[\unasked],[\unasked],[\unasked],[\unasked],[\unfinished],0,[\unfinished],[\unfinished],[\unfinished],[\unfinished],[\unfinished],[\unfinished],[\unfinished],[\unfinished],[\unfinished],[\unfinished],0,[\unfinished],[\unfinished],[\unfinished],[\unfinished],[\unfinished],[\unfinished],[\unfinished],[\unfinished],[\unfinished],[\unfinished],[\unfinished]
KNUK,[^not chosen],x,[^not chosen],[^not chosen],[^not chosen],[^not chosen],[^not chosen],[\unfinished],[\unfinished],[\unasked],[\unfinished],0,[\unfinished],[\unfinished],[\unfinished],[\unfinished],[\unfinished],0,[\unfinished],[\unfinished],[\unfinished],[\unfinished],[\unfinished],[\unfinished],[\unfinished],[\unasked],0,[\unasked],[\unasked],[\unasked],[\unasked],[\unasked],[\unasked],[\unasked],[\unasked],[\unasked],[\unasked],0,[\unasked],[\unasked],[\unasked],[\unasked],[\unasked],[\unfinished],0,[\unfinished],[\unfinished],[\unfinished],[\unfinished],[\unfinished],[\unfinished],[\unfinished],[\unfinished],[\unfinished],[\unfinished],0,[\unfinished],[\unfinished],[\unfinished],[\unfinished],[\unfinished],[\unfinished],[\unfinished],[\unfinished],[\unfinished],[\unfinished],[\unfinished]
akBc,[^not chosen],x,[^not chosen],[^not chosen],[^not chosen],[^not chosen],[^not chosen],[\unfinished],[\unfinished],[\unasked],[\unfinished],0,[\unfinished],[\unfinished],[\unfinished],[\unfinished],[\unfinished],0,[\unfinished],[\unfinished],[\unfinished],[\unfinished],[\unfinished],[\unfinished],[\unfinished],[\unasked],0,[\unasked],[\unasked],[\unasked],[\unasked],[\unasked],[\unasked],[\unasked],[\unasked],[\unasked],[\unasked],0,[\unasked],[\unasked],[\unasked],[\unasked],[\unasked],[\unfinished],0,[\unfinished],[\unfinished],[\unfinished],[\unfinished],[\unfinished],[\unfinished],[\unfinished],[\unfinished],[\unfinished],[\unfinished],0,[\unfinished],[\unfinished],[\unfinished],[\unfinished],[\unfinished],[\unfinished],[\unfinished],[\unfinished],[\unfinished],[\unfinished],[\unfinished]
mxZH,[^not chosen],x,[^not chosen],[^not chosen],[^not chosen],[^not chosen],[^not chosen],[\unfinished],[\unfinished],[\unasked],[\unfinished],0,[\unfinished],[\unfinished],[\unfinished],[\unfinished],[\unfinished],0,[\unfinished],[\unfinished],[\unfinished],[\unfinished],[\unfinished],[\unfinished],[\unfinished],[\unasked],0,[\unasked],[\unasked],[\unasked],[\unasked],[\unasked],[\unasked],[\unasked],[\unasked],[\unasked],[\unasked],0,[\unasked],[\unasked],[\unasked],[\unasked],[\unasked],[\unfinished],0,[\unfinished],[\unfinished],[\unfinished],[\unfinished],[\unfinished],[\unfinished],[\unfinished],[\unfinished],[\unfinished],[\unfinished],0,[\unfinished],[\unfinished],[\unfinished],[\unfinished],[\unfinished],[\unfinished],[\unfinished],[\unfinished],[\unfinished],[\unfinished],[\unfinished]
vSZA,[^not chosen],x,[^not chosen],[^not chosen],[^not chosen],[^not chosen],[^not chosen],[\unfinished],[\unfinished],[\unasked],[\unfinished],0,[\unfinished],[\unfinished],[\unfinished],[\unfinished],[\unfinished],0,[\unfinished],[\unfinished],[\unfinished],[\unfinished],[\unfinished],[\unfinished],[\unfinished],[\unasked],0,[\unasked],[\unasked],[\unasked],[\unasked],[\unasked],[\unasked],[\unasked],[\unasked],[\unasked],[\unasked],0,[\unasked],[\unasked],[\unasked],[\unasked],[\unasked],[\unfinished],0,[\unfinished],[\unfinished],[\unfinished],[\unfinished],[\unfinished],[\unfinished],[\unfinished],[\unfinished],[\unfinished],[\unfinished],0,[\unfinished],[\unfinished],[\unfinished],[\unfinished],[\unfinished],[\unfinished],[\unfinished],[\unfinished],[\unfinished],[\unfinished],[\unfinished]
igKw,[^not chosen],x,[^not chosen],[^not chosen],[^not chosen],[^not chosen],[^not chosen],[\unfinished],[\unfinished],[\unasked],[\unfinished],0,[\unfinished],[\unfinished],[\unfinished],[\unfinished],[\unfinished],0,[\unfinished],[\unfinished],[\unfinished],[\unfinished],[\unfinished],[\unfinished],[\unfinished],[\unasked],0,[\unasked],[\unasked],[\unasked],[\unasked],[\unasked],[\unasked],[\unasked],[\unasked],[\unasked],[\unasked],0,[\unasked],[\unasked],[\unasked],[\unasked],[\unasked],[\unfinished],0,[\unfinished],[\unfinished],[\unfinished],[\unfinished],[\unfinished],[\unfinished],[\unfinished],[\unfinished],[\unfinished],[\unfinished],0,[\unfinished],[\unfinished],[\unfinished],[\unfinished],[\unfinished],[\unfinished],[\unfinished],[\unfinished],[\unfinished],[\unfinished],[\unfinished]
GNKP,x,[^not chosen],[^not chosen],[^not chosen],[^not chosen],[^not chosen],[^not chosen],[\unfinished],[\unfinished],[\unfinished],[\unasked],0,[\unasked],[\unasked],[\unasked],[\unasked],[\unasked],0,[\unasked],[\unasked],[\unasked],[\unasked],[\unasked],[\unasked],[\unasked],[\unasked],0,[\unasked],[\unasked],[\unasked],[\unasked],[\unasked],[\unasked],[\unasked],[\unasked],[\unasked],[\unasked],0,[\unasked],[\unasked],[\unasked],[\unasked],[\unasked],[\unfinished],0,[\unfinished],[\unfinished],[\unfinished],[\unfinished],[\unfinished],[\unfinished],[\unfinished],[\unfinished],[\unfinished],[\unfinished],0,[\unfinished],[\unfinished],[\unfinished],[\unfinished],[\unfinished],[\unfinished],[\unfinished],[\unfinished],[\unfinished],[\unfinished],[\unfinished]
ooil,[^not chosen],x,[^not chosen],[^not chosen],[^not chosen],[^not chosen],[^not chosen],[\unfinished],[\unfinished],[\unasked],[\unfinished],0,[\unfinished],[\unfinished],[\unfinished],[\unfinished],[\unfinished],0,[\unfinished],[\unfinished],[\unfinished],[\unfinished],[\unfinished],[\unfinished],[\unfinished],[\unasked],0,[\unasked],[\unasked],[\unasked],[\unasked],[\unasked],[\unasked],[\unasked],[\unasked],[\unasked],[\unasked],0,[\unasked],[\unasked],[\unasked],[\unasked],[\unasked],[\unfinished],0,[\unfinished],[\unfinished],[\unfinished],[\unfinished],[\unfinished],[\unfinished],[\unfinished],[\unfinished],[\unfinished],[\unfinished],0,[\unfinished],[\unfinished],[\unfinished],[\unfinished],[\unfinished],[\unfinished],[\unfinished],[\unfinished],[\unfinished],[\unfinished],[\unfinished]
mYEH,[^not chosen],x,[^not chosen],[^not chosen],[^not chosen],[^not chosen],[^not chosen],[\unfinished],[\unfinished],[\unasked],[\unfinished],0,[\unfinished],[\unfinished],[\unfinished],[\unfinished],[\unfinished],0,[\unfinished],[\unfinished],[\unfinished],[\unfinished],[\unfinished],[\unfinished],[\unfinished],[\unasked],0,[\unasked],[\unasked],[\unasked],[\unasked],[\unasked],[\unasked],[\unasked],[\unasked],[\unasked],[\unasked],0,[\unasked],[\unasked],[\unasked],[\unasked],[\unasked],[\unfinished],0,[\unfinished],[\unfinished],[\unfinished],[\unfinished],[\unfinished],[\unfinished],[\unfinished],[\unfinished],[\unfinished],[\unfinished],0,[\unfinished],[\unfinished],[\unfinished],[\unfinished],[\unfinished],[\unfinished],[\unfinished],[\unfinished],[\unfinished],[\unfinished],[\unfinished]
YveG,[^not chosen],x,[^not chosen],[^not chosen],[^not chosen],[^not chosen],[^not chosen],[\unfinished],[\unfinished],[\unasked],[\unfinished],0,[\unfinished],[\unfinished],[\unfinished],[\unfinished],[\unfinished],0,[\unfinished],[\unfinished],[\unfinished],[\unfinished],[\unfinished],[\unfinished],[\unfinished],[\unasked],0,[\unasked],[\unasked],[\unasked],[\unasked],[\unasked],[\unasked],[\unasked],[\unasked],[\unasked],[\unasked],0,[\unasked],[\unasked],[\unasked],[\unasked],[\unasked],[\unfinished],0,[\unfinished],[\unfinished],[\unfinished],[\unfinished],[\unfinished],[\unfinished],[\unfinished],[\unfinished],[\unfinished],[\unfinished],0,[\unfinished],[\unfinished],[\unfinished],[\unfinished],[\unfinished],[\unfinished],[\unfinished],[\unfinished],[\unfinished],[\unfinished],[\unfinished]
GRhH,[^not chosen],[^not chosen],[^not chosen],[^not chosen],x,[^not chosen],[^not chosen],[\unfinished],[\unfinished],[\unasked],[\unasked],0,[\unasked],[\unasked],[\unasked],[\unasked],[\unasked],0,[\unasked],[\unasked],[\unasked],[\unasked],[\unasked],[\unasked],[\unasked],[\unfinished],0,[^not chosen],[^not chosen],[^not chosen],[^not chosen],[^not chosen],[\unasked],[\unasked],[\unasked],[\unasked],[\unasked],0,[\unasked],[\unasked],[\unasked],[\unasked],[\unasked],[\unfinished],0,[\unfinished],[\unfinished],[\unfinished],[\unfinished],[\unfinished],[\unfinished],[\unfinished],[\unfinished],[\unfinished],[\unfinished],0,[\unfinished],[\unfinished],[\unfinished],[\unfinished],[\unfinished],[\unfinished],[\unfinished],[\unfinished],[\unfinished],[\unfinished],[\unfinished]
ZnXT,x,[^not chosen],[^not chosen],[^not chosen],[^not chosen],[^not chosen],[^not chosen],[\unfinished],[\unfinished],[\unfinished],[\unasked],0,[\unasked],[\unasked],[\unasked],[\unasked],[\unasked],0,[\unasked],[\unasked],[\unasked],[\unasked],[\unasked],[\unasked],[\unasked],[\unasked],0,[\unasked],[\unasked],[\unasked],[\unasked],[\unasked],[\unasked],[\unasked],[\unasked],[\unasked],[\unasked],0,[\unasked],[\unasked],[\unasked],[\unasked],[\unasked],[\unfinished],0,[\unfinished],[\unfinished],[\unfinished],[\unfinished],[\unfinished],[\unfinished],[\unfinished],[\unfinished],[\unfinished],[\unfinished],0,[\unfinished],[\unfinished],[\unfinished],[\unfinished],[\unfinished],[\unfinished],[\unfinished],[\unfinished],[\unfinished],[\unfinished],[\unfinished]
GJqu,[^not chosen],[^not chosen],[^not chosen],[^not chosen],[^not chosen],[^not chosen],x,[\unfinished],[\unfinished],[\unasked],[\unasked],0,[\unasked],[\unasked],[\unasked],[\unasked],[\unasked],0,[\unasked],[\unasked],[\unasked],[\unasked],[\unasked],[\unasked],[\unasked],[\unasked],0,[\unasked],[\unasked],[\unasked],[\unasked],[\unasked],[\unasked],[\unasked],[\unasked],[\unasked],[\unasked],0,[\unasked],[\unasked],[\unasked],[\unasked],[\unasked],[\unfinished],0,[\unfinished],[\unfinished],[\unfinished],[\unfinished],[\unfinished],[\unfinished],[\unfinished],[\unfinished],[\unfinished],[\unfinished],0,[\unfinished],[\unfinished],[\unfinished],[\unfinished],[\unfinished],[\unfinished],[\unfinished],[\unfinished],[\unfinished],[\unfinished],[\unfinished]
plPb,x,[^not chosen],[^not chosen],[^not chosen],[^not chosen],[^not chosen],[^not chosen],[\unfinished],[\unfinished],[\unfinished],[\unasked],0,[\unasked],[\unasked],[\unasked],[\unasked],[\unasked],0,[\unasked],[\unasked],[\unasked],[\unasked],[\unasked],[\unasked],[\unasked],[\unasked],0,[\unasked],[\unasked],[\unasked],[\unasked],[\unasked],[\unasked],[\unasked],[\unasked],[\unasked],[\unasked],0,[\unasked],[\unasked],[\unasked],[\unasked],[\unasked],[\unfinished],0,[\unfinished],[\unfinished],[\unfinished],[\unfinished],[\unfinished],[\unfinished],[\unfinished],[\unfinished],[\unfinished],[\unfinished],0,[\unfinished],[\unfinished],[\unfinished],[\unfinished],[\unfinished],[\unfinished],[\unfinished],[\unfinished],[\unfinished],[\unfinished],[\unfinished]
RXwb,[^not chosen],x,[^not chosen],[^not chosen],[^not chosen],[^not chosen],[^not chosen],[\unfinished],[\unfinished],[\unasked],[\unfinished],0,[\unfinished],[\unfinished],[\unfinished],[\unfinished],[\unfinished],0,[\unfinished],[\unfinished],[\unfinished],[\unfinished],[\unfinished],[\unfinished],[\unfinished],[\unasked],0,[\unasked],[\unasked],[\unasked],[\unasked],[\unasked],[\unasked],[\unasked],[\unasked],[\unasked],[\unasked],0,[\unasked],[\unasked],[\unasked],[\unasked],[\unasked],[\unfinished],0,[\unfinished],[\unfinished],[\unfinished],[\unfinished],[\unfinished],[\unfinished],[\unfinished],[\unfinished],[\unfinished],[\unfinished],0,[\unfinished],[\unfinished],[\unfinished],[\unfinished],[\unfinished],[\unfinished],[\unfinished],[\unfinished],[\unfinished],[\unfinished],[\unfinished]
cYZv,x,[^not chosen],[^not chosen],[^not chosen],[^not chosen],[^not chosen],[^not chosen],[\unfinished],[\unfinished],[\unfinished],[\unasked],0,[\unasked],[\unasked],[\unasked],[\unasked],[\unasked],0,[\unasked],[\unasked],[\unasked],[\unasked],[\unasked],[\unasked],[\unasked],[\unasked],0,[\unasked],[\unasked],[\unasked],[\unasked],[\unasked],[\unasked],[\unasked],[\unasked],[\unasked],[\unasked],0,[\unasked],[\unasked],[\unasked],[\unasked],[\unasked],[\unfinished],0,[\unfinished],[\unfinished],[\unfinished],[\unfinished],[\unfinished],[\unfinished],[\unfinished],[\unfinished],[\unfinished],[\unfinished],0,[\unfinished],[\unfinished],[\unfinished],[\unfinished],[\unfinished],[\unfinished],[\unfinished],[\unfinished],[\unfinished],[\unfinished],[\unfinished]
bvzB,[^not chosen],x,[^not chosen],[^not chosen],[^not chosen],x,[^not chosen],[\unfinished],[\unfinished],[\unasked],[\unfinished],0,[\unfinished],[\unfinished],[\unfinished],[\unfinished],[\unfinished],0,[\unfinished],[\unfinished],[\unfinished],[\unfinished],[\unfinished],[\unfinished],[\unfinished],[\unasked],0,[\unasked],[\unasked],[\unasked],[\unasked],[\unasked],[\unasked],[\unasked],[\unasked],[\unasked],[\unasked],0,[\unasked],[\unasked],[\unasked],[\unasked],[\unasked],[\unfinished],0,[\unfinished],[\unfinished],[\unfinished],[\unfinished],[\unfinished],[\unfinished],[\unfinished],[\unfinished],[\unfinished],[\unfinished],0,[\unfinished],[\unfinished],[\unfinished],[\unfinished],[\unfinished],[\unfinished],[\unfinished],[\unfinished],[\unfinished],[\unfinished],[\unfinished]
jQyY,[^not chosen],[^not chosen],[^not chosen],[^not chosen],[^not chosen],[^not chosen],x,[\unfinished],[\unfinished],[\unasked],[\unasked],0,[\unasked],[\unasked],[\unasked],[\unasked],[\unasked],0,[\unasked],[\unasked],[\unasked],[\unasked],[\unasked],[\unasked],[\unasked],[\unasked],0,[\unasked],[\unasked],[\unasked],[\unasked],[\unasked],[\unasked],[\unasked],[\unasked],[\unasked],[\unasked],0,[\unasked],[\unasked],[\unasked],[\unasked],[\unasked],[\unfinished],0,[\unfinished],[\unfinished],[\unfinished],[\unfinished],[\unfinished],[\unfinished],[\unfinished],[\unfinished],[\unfinished],[\unfinished],0,[\unfinished],[\unfinished],[\unfinished],[\unfinished],[\unfinished],[\unfinished],[\unfinished],[\unfinished],[\unfinished],[\unfinished],[\unfinished]
bCyO,[^not chosen],x,[^not chosen],[^not chosen],[^not chosen],[^not chosen],[^not chosen],[\unfinished],[\unfinished],[\unasked],[\unfinished],0,[\unfinished],[\unfinished],[\unfinished],[\unfinished],[\unfinished],0,[\unfinished],[\unfinished],[\unfinished],[\unfinished],[\unfinished],[\unfinished],[\unfinished],[\unasked],0,[\unasked],[\unasked],[\unasked],[\unasked],[\unasked],[\unasked],[\unasked],[\unasked],[\unasked],[\unasked],0,[\unasked],[\unasked],[\unasked],[\unasked],[\unasked],[\unfinished],0,[\unfinished],[\unfinished],[\unfinished],[\unfinished],[\unfinished],[\unfinished],[\unfinished],[\unfinished],[\unfinished],[\unfinished],0,[\unfinished],[\unfinished],[\unfinished],[\unfinished],[\unfinished],[\unfinished],[\unfinished],[\unfinished],[\unfinished],[\unfinished],[\unfinished]
VLXt,[^not chosen],x,[^not chosen],[^not chosen],[^not chosen],[^not chosen],[^not chosen],[\unfinished],[\unfinished],[\unasked],[\unfinished],0,[\unfinished],[\unfinished],[\unfinished],[\unfinished],[\unfinished],0,[\unfinished],[\unfinished],[\unfinished],[\unfinished],[\unfinished],[\unfinished],[\unfinished],[\unasked],0,[\unasked],[\unasked],[\unasked],[\unasked],[\unasked],[\unasked],[\unasked],[\unasked],[\unasked],[\unasked],0,[\unasked],[\unasked],[\unasked],[\unasked],[\unasked],[\unfinished],0,[\unfinished],[\unfinished],[\unfinished],[\unfinished],[\unfinished],[\unfinished],[\unfinished],[\unfinished],[\unfinished],[\unfinished],0,[\unfinished],[\unfinished],[\unfinished],[\unfinished],[\unfinished],[\unfinished],[\unfinished],[\unfinished],[\unfinished],[\unfinished],[\unfinished]
WgZt,x,[^not chosen],[^not chosen],[^not chosen],[^not chosen],[^not chosen],[^not chosen],[\unfinished],[\unfinished],[\unfinished],[\unasked],0,[\unasked],[\unasked],[\unasked],[\unasked],[\unasked],0,[\unasked],[\unasked],[\unasked],[\unasked],[\unasked],[\unasked],[\unasked],[\unasked],0,[\unasked],[\unasked],[\unasked],[\unasked],[\unasked],[\unasked],[\unasked],[\unasked],[\unasked],[\unasked],0,[\unasked],[\unasked],[\unasked],[\unasked],[\unasked],[\unfinished],0,[\unfinished],[\unfinished],[\unfinished],[\unfinished],[\unfinished],[\unfinished],[\unfinished],[\unfinished],[\unfinished],[\unfinished],0,[\unfinished],[\unfinished],[\unfinished],[\unfinished],[\unfinished],[\unfinished],[\unfinished],[\unfinished],[\unfinished],[\unfinished],[\unfinished]
yduW,[^not chosen],[^not chosen],[^not chosen],x,[^not chosen],[^not chosen],[^not chosen],[\unfinished],[\unfinished],[\unasked],[\unasked],0,[\unasked],[\unasked],[\unasked],[\unasked],[\unasked],0,[\unasked],[\unasked],[\unasked],[\unasked],[\unasked],[\unasked],[\unasked],[\unasked],0,[\unasked],[\unasked],[\unasked],[\unasked],[\unasked],[\unfinished],[\unfinished],[\unfinished],[\unfinished],[\unasked],0,[\unasked],[\unasked],[\unasked],[\unasked],[\unasked],[\unfinished],0,[\unfinished],[\unfinished],[\unfinished],[\unfinished],[\unfinished],[\unfinished],[\unfinished],[\unfinished],[\unfinished],[\unfinished],0,[\unfinished],[\unfinished],[\unfinished],[\unfinished],[\unfinished],[\unfinished],[\unfinished],[\unfinished],[\unfinished],[\unfinished],[\unfinished]
ODkl,[^not chosen],x,[^not chosen],[^not chosen],[^not chosen],[^not chosen],[^not chosen],[\unfinished],[\unfinished],[\unasked],[\unfinished],0,[\unfinished],[\unfinished],[\unfinished],[\unfinished],[\unfinished],0,[\unfinished],[\unfinished],[\unfinished],[\unfinished],[\unfinished],[\unfinished],[\unfinished],[\unasked],0,[\unasked],[\unasked],[\unasked],[\unasked],[\unasked],[\unasked],[\unasked],[\unasked],[\unasked],[\unasked],0,[\unasked],[\unasked],[\unasked],[\unasked],[\unasked],[\unfinished],0,[\unfinished],[\unfinished],[\unfinished],[\unfinished],[\unfinished],[\unfinished],[\unfinished],[\unfinished],[\unfinished],[\unfinished],0,[\unfinished],[\unfinished],[\unfinished],[\unfinished],[\unfinished],[\unfinished],[\unfinished],[\unfinished],[\unfinished],[\unfinished],[\unfinished]
IPnA,[^not chosen],[^not chosen],[^not chosen],[^not chosen],[^not chosen],[^not chosen],x,[\unfinished],[\unfinished],[\unasked],[\unasked],0,[\unasked],[\unasked],[\unasked],[\unasked],[\unasked],0,[\unasked],[\unasked],[\unasked],[\unasked],[\unasked],[\unasked],[\unasked],[\unasked],0,[\unasked],[\unasked],[\unasked],[\unasked],[\unasked],[\unasked],[\unasked],[\unasked],[\unasked],[\unasked],0,[\unasked],[\unasked],[\unasked],[\unasked],[\unasked],[\unfinished],0,[\unfinished],[\unfinished],[\unfinished],[\unfinished],[\unfinished],[\unfinished],[\unfinished],[\unfinished],[\unfinished],[\unfinished],0,[\unfinished],[\unfinished],[\unfinished],[\unfinished],[\unfinished],[\unfinished],[\unfinished],[\unfinished],[\unfinished],[\unfinished],[\unfinished]
VKGN,[^not chosen],x,[^not chosen],[^not chosen],[^not chosen],[^not chosen],[^not chosen],[\unfinished],[\unfinished],[\unasked],[\unfinished],0,[\unfinished],[\unfinished],[\unfinished],[\unfinished],[\unfinished],0,[\unfinished],[\unfinished],[\unfinished],[\unfinished],[\unfinished],[\unfinished],[\unfinished],[\unasked],0,[\unasked],[\unasked],[\unasked],[\unasked],[\unasked],[\unasked],[\unasked],[\unasked],[\unasked],[\unasked],0,[\unasked],[\unasked],[\unasked],[\unasked],[\unasked],[\unfinished],0,[\unfinished],[\unfinished],[\unfinished],[\unfinished],[\unfinished],[\unfinished],[\unfinished],[\unfinished],[\unfinished],[\unfinished],0,[\unfinished],[\unfinished],[\unfinished],[\unfinished],[\unfinished],[\unfinished],[\unfinished],[\unfinished],[\unfinished],[\unfinished],[\unfinished]
qwHx,[^not chosen],[^not chosen],[^not chosen],x,[^not chosen],x,[^not chosen],[\unfinished],[\unfinished],[\unasked],[\unasked],0,[\unasked],[\unasked],[\unasked],[\unasked],[\unasked],0,[\unasked],[\unasked],[\unasked],[\unasked],[\unasked],[\unasked],[\unasked],[\unasked],0,[\unasked],[\unasked],[\unasked],[\unasked],[\unasked],[\unfinished],[\unfinished],[\unfinished],[\unfinished],[\unasked],0,[\unasked],[\unasked],[\unasked],[\unasked],[\unasked],[\unfinished],0,[\unfinished],[\unfinished],[\unfinished],[\unfinished],[\unfinished],[\unfinished],[\unfinished],[\unfinished],[\unfinished],[\unfinished],0,[\unfinished],[\unfinished],[\unfinished],[\unfinished],[\unfinished],[\unfinished],[\unfinished],[\unfinished],[\unfinished],[\unfinished],[\unfinished]
SfJw,[^not chosen],x,[^not chosen],[^not chosen],[^not chosen],[^not chosen],[^not chosen],[\unfinished],[\unfinished],[\unasked],[\unfinished],0,[\unfinished],[\unfinished],[\unfinished],[\unfinished],[\unfinished],0,[\unfinished],[\unfinished],[\unfinished],[\unfinished],[\unfinished],[\unfinished],[\unfinished],[\unasked],0,[\unasked],[\unasked],[\unasked],[\unasked],[\unasked],[\unasked],[\unasked],[\unasked],[\unasked],[\unasked],0,[\unasked],[\unasked],[\unasked],[\unasked],[\unasked],[\unfinished],0,[\unfinished],[\unfinished],[\unfinished],[\unfinished],[\unfinished],[\unfinished],[\unfinished],[\unfinished],[\unfinished],[\unfinished],0,[\unfinished],[\unfinished],[\unfinished],[\unfinished],[\unfinished],[\unfinished],[\unfinished],[\unfinished],[\unfinished],[\unfinished],[\unfinished]
xntG,[^not chosen],[^not chosen],x,[^not chosen],[^not chosen],[^not chosen],[^not chosen],[\unfinished],[\unfinished],[\unasked],[\unasked],0,[\unasked],[\unasked],[\unasked],[\unasked],[\unasked],0,[\unasked],[\unasked],[\unasked],[\unasked],[\unasked],[\unasked],[\unasked],[\unasked],0,[\unasked],[\unasked],[\unasked],[\unasked],[\unasked],[\unasked],[\unasked],[\unasked],[\unasked],[\unfinished],0,[\unfinished],[\unfinished],[\unfinished],[\unfinished],[\unfinished],[\unfinished],0,[\unfinished],[\unfinished],[\unfinished],[\unfinished],[\unfinished],[\unfinished],[\unfinished],[\unfinished],[\unfinished],[\unfinished],0,[\unfinished],[\unfinished],[\unfinished],[\unfinished],[\unfinished],[\unfinished],[\unfinished],[\unfinished],[\unfinished],[\unfinished],[\unfinished]
QEyR,x,[^not chosen],[^not chosen],[^not chosen],[^not chosen],[^not chosen],[^not chosen],[\unfinished],[\unfinished],[\unfinished],[\unasked],0,[\unasked],[\unasked],[\unasked],[\unasked],[\unasked],0,[\unasked],[\unasked],[\unasked],[\unasked],[\unasked],[\unasked],[\unasked],[\unasked],0,[\unasked],[\unasked],[\unasked],[\unasked],[\unasked],[\unasked],[\unasked],[\unasked],[\unasked],[\unasked],0,[\unasked],[\unasked],[\unasked],[\unasked],[\unasked],[\unfinished],0,[\unfinished],[\unfinished],[\unfinished],[\unfinished],[\unfinished],[\unfinished],[\unfinished],[\unfinished],[\unfinished],[\unfinished],0,[\unfinished],[\unfinished],[\unfinished],[\unfinished],[\unfinished],[\unfinished],[\unfinished],[\unfinished],[\unfinished],[\unfinished],[\unfinished]
Euxt,[^not chosen],[^not chosen],x,[^not chosen],[^not chosen],[^not chosen],[^not chosen],[\unfinished],[\unfinished],[\unasked],[\unasked],0,[\unasked],[\unasked],[\unasked],[\unasked],[\unasked],0,[\unasked],[\unasked],[\unasked],[\unasked],[\unasked],[\unasked],[\unasked],[\unasked],0,[\unasked],[\unasked],[\unasked],[\unasked],[\unasked],[\unasked],[\unasked],[\unasked],[\unasked],[\unfinished],0,[\unfinished],[\unfinished],[\unfinished],[\unfinished],[\unfinished],[\unfinished],0,[\unfinished],[\unfinished],[\unfinished],[\unfinished],[\unfinished],[\unfinished],[\unfinished],[\unfinished],[\unfinished],[\unfinished],0,[\unfinished],[\unfinished],[\unfinished],[\unfinished],[\unfinished],[\unfinished],[\unfinished],[\unfinished],[\unfinished],[\unfinished],[\unfinished]
ELHY,[^not chosen],x,[^not chosen],[^not chosen],x,[^not chosen],[^not chosen],[\unfinished],[\unfinished],[\unasked],[\unfinished],0,[\unfinished],[\unfinished],[\unfinished],[\unfinished],[\unfinished],0,[\unfinished],[\unfinished],[\unfinished],[\unfinished],[\unfinished],[\unfinished],[\unfinished],[\unfinished],0,[^not chosen],[^not chosen],[^not chosen],[^not chosen],[^not chosen],[\unasked],[\unasked],[\unasked],[\unasked],[\unasked],0,[\unasked],[\unasked],[\unasked],[\unasked],[\unasked],[\unfinished],0,[\unfinished],[\unfinished],[\unfinished],[\unfinished],[\unfinished],[\unfinished],[\unfinished],[\unfinished],[\unfinished],[\unfinished],0,[\unfinished],[\unfinished],[\unfinished],[\unfinished],[\unfinished],[\unfinished],[\unfinished],[\unfinished],[\unfinished],[\unfinished],[\unfinished]
xIFd,[^not chosen],[^not chosen],[^not chosen],[^not chosen],x,[^not chosen],[^not chosen],[\unfinished],[\unfinished],[\unasked],[\unasked],0,[\unasked],[\unasked],[\unasked],[\unasked],[\unasked],0,[\unasked],[\unasked],[\unasked],[\unasked],[\unasked],[\unasked],[\unasked],[\unfinished],0,[^not chosen],[^not chosen],[^not chosen],[^not chosen],[^not chosen],[\unasked],[\unasked],[\unasked],[\unasked],[\unasked],0,[\unasked],[\unasked],[\unasked],[\unasked],[\unasked],[\unfinished],0,[\unfinished],[\unfinished],[\unfinished],[\unfinished],[\unfinished],[\unfinished],[\unfinished],[\unfinished],[\unfinished],[\unfinished],0,[\unfinished],[\unfinished],[\unfinished],[\unfinished],[\unfinished],[\unfinished],[\unfinished],[\unfinished],[\unfinished],[\unfinished],[\unfinished]
DJFw,[^not chosen],x,x,[^not chosen],[^not chosen],[^not chosen],[^not chosen],[\unfinished],[\unfinished],[\unasked],[\unfinished],0,[\unfinished],[\unfinished],[\unfinished],[\unfinished],[\unfinished],0,[\unfinished],[\unfinished],[\unfinished],[\unfinished],[\unfinished],[\unfinished],[\unfinished],[\unasked],0,[\unasked],[\unasked],[\unasked],[\unasked],[\unasked],[\unasked],[\unasked],[\unasked],[\unasked],[\unfinished],0,[\unfinished],[\unfinished],[\unfinished],[\unfinished],[\unfinished],[\unfinished],0,[\unfinished],[\unfinished],[\unfinished],[\unfinished],[\unfinished],[\unfinished],[\unfinished],[\unfinished],[\unfinished],[\unfinished],0,[\unfinished],[\unfinished],[\unfinished],[\unfinished],[\unfinished],[\unfinished],[\unfinished],[\unfinished],[\unfinished],[\unfinished],[\unfinished]
ihoC,[^not chosen],x,[^not chosen],[^not chosen],[^not chosen],[^not chosen],[^not chosen],[\unfinished],[\unfinished],[\unasked],[\unfinished],0,[\unfinished],[\unfinished],[\unfinished],[\unfinished],[\unfinished],0,[\unfinished],[\unfinished],[\unfinished],[\unfinished],[\unfinished],[\unfinished],[\unfinished],[\unasked],0,[\unasked],[\unasked],[\unasked],[\unasked],[\unasked],[\unasked],[\unasked],[\unasked],[\unasked],[\unasked],0,[\unasked],[\unasked],[\unasked],[\unasked],[\unasked],[\unfinished],0,[\unfinished],[\unfinished],[\unfinished],[\unfinished],[\unfinished],[\unfinished],[\unfinished],[\unfinished],[\unfinished],[\unfinished],0,[\unfinished],[\unfinished],[\unfinished],[\unfinished],[\unfinished],[\unfinished],[\unfinished],[\unfinished],[\unfinished],[\unfinished],[\unfinished]
RzbN,[^not chosen],[^not chosen],x,[^not chosen],[^not chosen],[^not chosen],[^not chosen],[\unfinished],[\unfinished],[\unasked],[\unasked],0,[\unasked],[\unasked],[\unasked],[\unasked],[\unasked],0,[\unasked],[\unasked],[\unasked],[\unasked],[\unasked],[\unasked],[\unasked],[\unasked],0,[\unasked],[\unasked],[\unasked],[\unasked],[\unasked],[\unasked],[\unasked],[\unasked],[\unasked],[\unfinished],0,[\unfinished],[\unfinished],[\unfinished],[\unfinished],[\unfinished],[\unfinished],0,[\unfinished],[\unfinished],[\unfinished],[\unfinished],[\unfinished],[\unfinished],[\unfinished],[\unfinished],[\unfinished],[\unfinished],0,[\unfinished],[\unfinished],[\unfinished],[\unfinished],[\unfinished],[\unfinished],[\unfinished],[\unfinished],[\unfinished],[\unfinished],[\unfinished]
TITe,[^not chosen],[^not chosen],x,[^not chosen],[^not chosen],[^not chosen],[^not chosen],[\unfinished],[\unfinished],[\unasked],[\unasked],0,[\unasked],[\unasked],[\unasked],[\unasked],[\unasked],0,[\unasked],[\unasked],[\unasked],[\unasked],[\unasked],[\unasked],[\unasked],[\unasked],0,[\unasked],[\unasked],[\unasked],[\unasked],[\unasked],[\unasked],[\unasked],[\unasked],[\unasked],[\unfinished],0,[\unfinished],[\unfinished],[\unfinished],[\unfinished],[\unfinished],[\unfinished],0,[\unfinished],[\unfinished],[\unfinished],[\unfinished],[\unfinished],[\unfinished],[\unfinished],[\unfinished],[\unfinished],[\unfinished],0,[\unfinished],[\unfinished],[\unfinished],[\unfinished],[\unfinished],[\unfinished],[\unfinished],[\unfinished],[\unfinished],[\unfinished],[\unfinished]
hyCq,[^not chosen],[^not chosen],[^not chosen],x,[^not chosen],[^not chosen],[^not chosen],[\unfinished],[\unfinished],[\unasked],[\unasked],0,[\unasked],[\unasked],[\unasked],[\unasked],[\unasked],0,[\unasked],[\unasked],[\unasked],[\unasked],[\unasked],[\unasked],[\unasked],[\unasked],0,[\unasked],[\unasked],[\unasked],[\unasked],[\unasked],[\unfinished],[\unfinished],[\unfinished],[\unfinished],[\unasked],0,[\unasked],[\unasked],[\unasked],[\unasked],[\unasked],[\unfinished],0,[\unfinished],[\unfinished],[\unfinished],[\unfinished],[\unfinished],[\unfinished],[\unfinished],[\unfinished],[\unfinished],[\unfinished],0,[\unfinished],[\unfinished],[\unfinished],[\unfinished],[\unfinished],[\unfinished],[\unfinished],[\unfinished],[\unfinished],[\unfinished],[\unfinished]
vyuH,[^not chosen],x,[^not chosen],[^not chosen],[^not chosen],[^not chosen],[^not chosen],[\unfinished],[\unfinished],[\unasked],[\unfinished],0,[\unfinished],[\unfinished],[\unfinished],[\unfinished],[\unfinished],0,[\unfinished],[\unfinished],[\unfinished],[\unfinished],[\unfinished],[\unfinished],[\unfinished],[\unasked],0,[\unasked],[\unasked],[\unasked],[\unasked],[\unasked],[\unasked],[\unasked],[\unasked],[\unasked],[\unasked],0,[\unasked],[\unasked],[\unasked],[\unasked],[\unasked],[\unfinished],0,[\unfinished],[\unfinished],[\unfinished],[\unfinished],[\unfinished],[\unfinished],[\unfinished],[\unfinished],[\unfinished],[\unfinished],0,[\unfinished],[\unfinished],[\unfinished],[\unfinished],[\unfinished],[\unfinished],[\unfinished],[\unfinished],[\unfinished],[\unfinished],[\unfinished]
BjoF,x,[^not chosen],[^not chosen],[^not chosen],[^not chosen],[^not chosen],[^not chosen],[\unfinished],[\unfinished],[\unfinished],[\unasked],0,[\unasked],[\unasked],[\unasked],[\unasked],[\unasked],0,[\unasked],[\unasked],[\unasked],[\unasked],[\unasked],[\unasked],[\unasked],[\unasked],0,[\unasked],[\unasked],[\unasked],[\unasked],[\unasked],[\unasked],[\unasked],[\unasked],[\unasked],[\unasked],0,[\unasked],[\unasked],[\unasked],[\unasked],[\unasked],[\unfinished],0,[\unfinished],[\unfinished],[\unfinished],[\unfinished],[\unfinished],[\unfinished],[\unfinished],[\unfinished],[\unfinished],[\unfinished],0,[\unfinished],[\unfinished],[\unfinished],[\unfinished],[\unfinished],[\unfinished],[\unfinished],[\unfinished],[\unfinished],[\unfinished],[\unfinished]
EQvx,[^not chosen],[^not chosen],x,[^not chosen],[^not chosen],[^not chosen],[^not chosen],[\unfinished],[\unfinished],[\unasked],[\unasked],0,[\unasked],[\unasked],[\unasked],[\unasked],[\unasked],0,[\unasked],[\unasked],[\unasked],[\unasked],[\unasked],[\unasked],[\unasked],[\unasked],0,[\unasked],[\unasked],[\unasked],[\unasked],[\unasked],[\unasked],[\unasked],[\unasked],[\unasked],[\unfinished],0,[\unfinished],[\unfinished],[\unfinished],[\unfinished],[\unfinished],[\unfinished],0,[\unfinished],[\unfinished],[\unfinished],[\unfinished],[\unfinished],[\unfinished],[\unfinished],[\unfinished],[\unfinished],[\unfinished],0,[\unfinished],[\unfinished],[\unfinished],[\unfinished],[\unfinished],[\unfinished],[\unfinished],[\unfinished],[\unfinished],[\unfinished],[\unfinished]
Jspt,[^not chosen],[^not chosen],x,[^not chosen],[^not chosen],[^not chosen],[^not chosen],[\unfinished],[\unfinished],[\unasked],[\unasked],0,[\unasked],[\unasked],[\unasked],[\unasked],[\unasked],0,[\unasked],[\unasked],[\unasked],[\unasked],[\unasked],[\unasked],[\unasked],[\unasked],0,[\unasked],[\unasked],[\unasked],[\unasked],[\unasked],[\unasked],[\unasked],[\unasked],[\unasked],[\unfinished],0,[\unfinished],[\unfinished],[\unfinished],[\unfinished],[\unfinished],[\unfinished],0,[\unfinished],[\unfinished],[\unfinished],[\unfinished],[\unfinished],[\unfinished],[\unfinished],[\unfinished],[\unfinished],[\unfinished],0,[\unfinished],[\unfinished],[\unfinished],[\unfinished],[\unfinished],[\unfinished],[\unfinished],[\unfinished],[\unfinished],[\unfinished],[\unfinished]
INvr,[^not chosen],[^not chosen],[^not chosen],[^not chosen],x,[^not chosen],[^not chosen],[\unfinished],[\unfinished],[\unasked],[\unasked],0,[\unasked],[\unasked],[\unasked],[\unasked],[\unasked],0,[\unasked],[\unasked],[\unasked],[\unasked],[\unasked],[\unasked],[\unasked],[\unfinished],0,[^not chosen],[^not chosen],[^not chosen],[^not chosen],[^not chosen],[\unasked],[\unasked],[\unasked],[\unasked],[\unasked],0,[\unasked],[\unasked],[\unasked],[\unasked],[\unasked],[\unfinished],0,[\unfinished],[\unfinished],[\unfinished],[\unfinished],[\unfinished],[\unfinished],[\unfinished],[\unfinished],[\unfinished],[\unfinished],0,[\unfinished],[\unfinished],[\unfinished],[\unfinished],[\unfinished],[\unfinished],[\unfinished],[\unfinished],[\unfinished],[\unfinished],[\unfinished]
ZeCH,[^not chosen],[^not chosen],[^not chosen],x,[^not chosen],[^not chosen],[^not chosen],[\unfinished],[\unfinished],[\unasked],[\unasked],0,[\unasked],[\unasked],[\unasked],[\unasked],[\unasked],0,[\unasked],[\unasked],[\unasked],[\unasked],[\unasked],[\unasked],[\unasked],[\unasked],0,[\unasked],[\unasked],[\unasked],[\unasked],[\unasked],[\unfinished],[\unfinished],[\unfinished],[\unfinished],[\unasked],0,[\unasked],[\unasked],[\unasked],[\unasked],[\unasked],[\unfinished],0,[\unfinished],[\unfinished],[\unfinished],[\unfinished],[\unfinished],[\unfinished],[\unfinished],[\unfinished],[\unfinished],[\unfinished],0,[\unfinished],[\unfinished],[\unfinished],[\unfinished],[\unfinished],[\unfinished],[\unfinished],[\unfinished],[\unfinished],[\unfinished],[\unfinished]
yGQq,[^not chosen],x,[^not chosen],[^not chosen],[^not chosen],[^not chosen],[^not chosen],[\unfinished],[\unfinished],[\unasked],[\unfinished],0,[\unfinished],[\unfinished],[\unfinished],[\unfinished],[\unfinished],0,[\unfinished],[\unfinished],[\unfinished],[\unfinished],[\unfinished],[\unfinished],[\unfinished],[\unasked],0,[\unasked],[\unasked],[\unasked],[\unasked],[\unasked],[\unasked],[\unasked],[\unasked],[\unasked],[\unasked],0,[\unasked],[\unasked],[\unasked],[\unasked],[\unasked],[\unfinished],0,[\unfinished],[\unfinished],[\unfinished],[\unfinished],[\unfinished],[\unfinished],[\unfinished],[\unfinished],[\unfinished],[\unfinished],0,[\unfinished],[\unfinished],[\unfinished],[\unfinished],[\unfinished],[\unfinished],[\unfinished],[\unfinished],[\unfinished],[\unfinished],[\unfinished]
OCpx,[^not chosen],x,[^not chosen],x,[^not chosen],[^not chosen],[^not chosen],[\unfinished],[\unfinished],[\unasked],[\unfinished],0,[\unfinished],[\unfinished],[\unfinished],[\unfinished],[\unfinished],0,[\unfinished],[\unfinished],[\unfinished],[\unfinished],[\unfinished],[\unfinished],[\unfinished],[\unasked],0,[\unasked],[\unasked],[\unasked],[\unasked],[\unasked],[\unfinished],[\unfinished],[\unfinished],[\unfinished],[\unasked],0,[\unasked],[\unasked],[\unasked],[\unasked],[\unasked],[\unfinished],0,[\unfinished],[\unfinished],[\unfinished],[\unfinished],[\unfinished],[\unfinished],[\unfinished],[\unfinished],[\unfinished],[\unfinished],0,[\unfinished],[\unfinished],[\unfinished],[\unfinished],[\unfinished],[\unfinished],[\unfinished],[\unfinished],[\unfinished],[\unfinished],[\unfinished]
dYtc,[^not chosen],x,x,[^not chosen],x,[^not chosen],[^not chosen],[\unfinished],[\unfinished],[\unasked],[\unfinished],0,[\unfinished],[\unfinished],[\unfinished],[\unfinished],[\unfinished],0,[\unfinished],[\unfinished],[\unfinished],[\unfinished],[\unfinished],[\unfinished],[\unfinished],[\unfinished],0,[^not chosen],[^not chosen],[^not chosen],[^not chosen],[^not chosen],[\unasked],[\unasked],[\unasked],[\unasked],[\unfinished],0,[\unfinished],[\unfinished],[\unfinished],[\unfinished],[\unfinished],[\unfinished],0,[\unfinished],[\unfinished],[\unfinished],[\unfinished],[\unfinished],[\unfinished],[\unfinished],[\unfinished],[\unfinished],[\unfinished],0,[\unfinished],[\unfinished],[\unfinished],[\unfinished],[\unfinished],[\unfinished],[\unfinished],[\unfinished],[\unfinished],[\unfinished],[\unfinished]
VRRJ,[^not chosen],[^not chosen],[^not chosen],[^not chosen],[^not chosen],[^not chosen],x,[\unfinished],[\unfinished],[\unasked],[\unasked],0,[\unasked],[\unasked],[\unasked],[\unasked],[\unasked],0,[\unasked],[\unasked],[\unasked],[\unasked],[\unasked],[\unasked],[\unasked],[\unasked],0,[\unasked],[\unasked],[\unasked],[\unasked],[\unasked],[\unasked],[\unasked],[\unasked],[\unasked],[\unasked],0,[\unasked],[\unasked],[\unasked],[\unasked],[\unasked],[\unfinished],0,[\unfinished],[\unfinished],[\unfinished],[\unfinished],[\unfinished],[\unfinished],[\unfinished],[\unfinished],[\unfinished],[\unfinished],0,[\unfinished],[\unfinished],[\unfinished],[\unfinished],[\unfinished],[\unfinished],[\unfinished],[\unfinished],[\unfinished],[\unfinished],[\unfinished]