set3_id,DataVizRoles_collapsed,RoleAsFreelance,RoleAsEmployee,YearsDataVizExperience_buckets,PayCurrency_cleaned,PayAnnual,PayHourly,PayComparison,Loc1Country,OrgIndustry_,OrgIndustry_Finance,OrgIndustry_HealthMed,OrgIndustry_IT,OrgIndustry_Journalism,OrgIndustry_Marketing,OrgIndustry_ConsultantMulti,OrgIndustry_Other__,OrgSize,EmployChanged,EmployNewWanted,EducLevel,Gender_summarized
XcyB,Employee,[\unasked],Journalist,6-10,USD - United States Dollar,"$100,000 - $119,999",I am not compensated on an hourly or project basis,Somewhat higher,United States,4,[^not chosen],[^not chosen],x,x,x,x,[^not chosen],Fewer than 20 employees,No,No,Some college,Woman
hhFu,Employee,[\unasked],Journalist,1-5,EUR - Euro Member Countries,"$10,000 - $19,999",[^not answered],Similar,Portugal,1,[^not chosen],[^not chosen],[^not chosen],x,[^not chosen],[^not chosen],[^not chosen],100–499 employees,Yes,No,Bachelor’s degree,Woman
BPSc,Academic,[\unasked],"Leadership (Manager, Director, VP, etc.)",Less than 1 year,CAD - Canada Dollar,"$120,000 - $139,999",I am not compensated on an hourly or project basis,Similar,Canada,4,x,x,[^not chosen],x,x,[^not chosen],[^not chosen],Fewer than 20 employees,No,No,Master’s (or similar graduate degree),Man
rQcf,Academic,[\unasked],"Leadership (Manager, Director, VP, etc.)",11-15,USD - United States Dollar,"$200,000 - $219,999",[^not answered],Somewhat lower,United States,1,[^not chosen],[^not chosen],[^not chosen],x,[^not chosen],[^not chosen],[^not chosen],"5,000+ employees",No,No,Bachelor’s degree,Man
eoGc,Student,[\unasked],Journalist,,USD - United States Dollar,"$80,000 - $99,999",I am not compensated on an hourly or project basis,Similar,United States,1,[^not chosen],[^not chosen],[^not chosen],x,[^not chosen],[^not chosen],[^not chosen],"5,000+ employees",No,Yes,Master’s (or similar graduate degree),Man
ZaSr,OtherCombo,[\unasked],Designer,1-5,EUR - Euro Member Countries,"$20,000 - $39,999",I am not compensated on an hourly or project basis,Somewhat lower,France,1,[^not chosen],[^not chosen],[^not chosen],x,[^not chosen],[^not chosen],[^not chosen],100–499 employees,No,No,Technical school,Woman
BdZy,Academic,[\unasked],"Leadership (Manager, Director, VP, etc.)",16-20,GBP - United Kingdom Pound,[^not answered],[^not answered],[^not answered],United Kingdom,6,x,x,x,x,[^not chosen],x,Social science,"1,000–4,999 employees",No,No,"Doctoral degree (e.g., PhD, EdD, PsyD)",Man
cstn,Employee,[\unasked],Journalist,1-5,USD - United States Dollar,"$120,000 - $139,999",I am not compensated on an hourly or project basis,Similar,United States,1,[^not chosen],[^not chosen],[^not chosen],x,[^not chosen],[^not chosen],[^not chosen],20–99 employees,No,Yes,"Doctoral degree (e.g., PhD, EdD, PsyD)",Man
SLcx,Employee,[\unasked],Journalist,1-5,USD - United States Dollar,"$40,000 - $59,999",[^not answered],Much lower,United States,1,[^not chosen],[^not chosen],[^not chosen],x,[^not chosen],[^not chosen],[^not chosen],20–99 employees,Yes,No,Master’s (or similar graduate degree),Woman
rrfX,Employee,[\unasked],Designer,1-5,CAD - Canada Dollar,"$20,000 - $39,999",$15 - $29,Similar,Canada,6,x,x,x,x,x,x,[^not chosen],Fewer than 20 employees,No,No,Technical school,Woman
dAWt,Employee,[\unasked],Journalist,6-10,USD - United States Dollar,"$100,000 - $119,999",[^not answered],Similar,United States,1,[^not chosen],[^not chosen],[^not chosen],x,[^not chosen],[^not chosen],[^not chosen],100–499 employees,No,No,Master’s (or similar graduate degree),Woman
vZpd,Skipped question,Designer,Designer,1-5,USD - United States Dollar,"$100,000 - $119,999",[^not answered],Similar,United States,1,[^not chosen],[^not chosen],[^not chosen],x,[^not chosen],[^not chosen],[^not chosen],500–999 employees,No,No,Master’s (or similar graduate degree),Woman
NUnx,Employee,[\unasked],Journalist,1-5,USD - United States Dollar,"$60,000 - $79,999",[^not answered],Much lower,United States,1,[^not chosen],[^not chosen],[^not chosen],x,[^not chosen],[^not chosen],[^not chosen],20–99 employees,No,No,Master’s (or similar graduate degree),Man
giHV,Employee,[\unasked],Journalist,1-5,USD - United States Dollar,"$100,000 - $119,999",[^not answered],Similar,United States,1,[^not chosen],[^not chosen],[^not chosen],x,[^not chosen],[^not chosen],[^not chosen],20–99 employees,No,No,Master’s (or similar graduate degree),Man
rXhT,Employee,[\unasked],Journalist,1-5,INR - India Rupee,"$80,000 - $99,999",$15 - $29,Somewhat lower,India,1,[^not chosen],[^not chosen],[^not chosen],x,[^not chosen],[^not chosen],[^not chosen],500–999 employees,No,Yes,Master’s (or similar graduate degree),Man
wQLe,Freelance,[\unasked],Journalist,6-10,GBP - United Kingdom Pound,"$40,000 - $59,999",I am not compensated on an hourly or project basis,Somewhat lower,United Kingdom,1,[^not chosen],[^not chosen],[^not chosen],x,[^not chosen],[^not chosen],[^not chosen],100–499 employees,No,Yes,"Doctoral degree (e.g., PhD, EdD, PsyD)",Woman
OfGq,Employee,[\unasked],Journalist,1-5,GBP - United Kingdom Pound,"$60,000 - $79,999",I am not compensated on an hourly or project basis,Somewhat higher,United Kingdom,2,[^not chosen],[^not chosen],[^not chosen],x,[^not chosen],[^not chosen],Government,"5,000+ employees",No,No,Master’s (or similar graduate degree),Man
LCkA,Hobbyist,[\unasked],Developer,1-5,EUR - Euro Member Countries,"$10,000 - $19,999",Less than $15,Similar,India,2,[^not chosen],[^not chosen],[^not chosen],x,[^not chosen],x,[^not chosen],Fewer than 20 employees,Yes,Yes,Bachelor’s degree,Man
lTGq,Employee,[\unasked],Designer,1-5,AUD - Australia Dollar,"$60,000 - $79,999",I am not compensated on an hourly or project basis,[^not answered],Australia,1,[^not chosen],[^not chosen],[^not chosen],x,[^not chosen],[^not chosen],[^not chosen],"1,000–4,999 employees",No,Yes,Bachelor’s degree,Man
MktM,Employee,[\unasked],"Leadership (Manager, Director, VP, etc.)",6-10,USD - United States Dollar,"$240,000 or more",I am not compensated on an hourly or project basis,Similar,United States,3,[^not chosen],x,[^not chosen],x,[^not chosen],[^not chosen],Economics; Justice; Education; Social Science,"1,000–4,999 employees",No,No,"Doctoral degree (e.g., PhD, EdD, PsyD)",Man
hORl,EmployeeAND,[\unasked],"Leadership (Manager, Director, VP, etc.)",1-5,SGD - Singapore Dollar,"$100,000 - $119,999",I am not compensated on an hourly or project basis,Somewhat higher,Singapore,1,[^not chosen],[^not chosen],[^not chosen],x,[^not chosen],[^not chosen],[^not chosen],100–499 employees,No,Yes,Master’s (or similar graduate degree),Woman
QMYf,Employee,Designer,Designer,1-5,EUR - Euro Member Countries,"$60,000 - $79,999",$100 - $124,Somewhat higher,Spain,1,[^not chosen],[^not chosen],[^not chosen],x,[^not chosen],[^not chosen],[^not chosen],100–499 employees,Yes,No,Master’s (or similar graduate degree),Woman
ibLs,EmployeeANDFreelanceAND,Developer,Developer,1-5,GBP - United Kingdom Pound,"$80,000 - $99,999",$75 - $99,Similar,United Kingdom,1,[^not chosen],[^not chosen],[^not chosen],x,[^not chosen],[^not chosen],[^not chosen],Fewer than 20 employees,No,No,Bachelor’s degree,Man
cbxo,Employee,Designer,Designer,1-5,EUR - Euro Member Countries,"$10,000 - $19,999",[^not answered],Similar,Portugal,1,[^not chosen],[^not chosen],[^not chosen],x,[^not chosen],[^not chosen],[^not chosen],"1,000–4,999 employees",No,No,Master’s (or similar graduate degree),Woman
EpFU,Freelance,[\unasked],"Leadership (Manager, Director, VP, etc.)",1-5,NOK - Norway Krone,[^not answered],$100 - $124,Similar,Norway,3,[^not chosen],[^not chosen],x,x,x,[^not chosen],[^not chosen],Fewer than 20 employees,No,No,[^not answered],Man
Xsvl,EmployeeANDFreelance,[\unasked],"Leadership (Manager, Director, VP, etc.)",6-10,EUR - Euro Member Countries,"$100,000 - $119,999",[^not answered],Somewhat higher,Germany,1,[^not chosen],[^not chosen],[^not chosen],x,[^not chosen],[^not chosen],[^not chosen],"1,000–4,999 employees",Yes,No,"Doctoral degree (e.g., PhD, EdD, PsyD)",Self-described or Prefer not to say
DPqH,Employee,Developer,Journalist,6-10,HUF - Hungary Forint,"$10,000 - $19,999",$45 - $59,Somewhat higher,Hungary,1,[^not chosen],[^not chosen],[^not chosen],x,[^not chosen],[^not chosen],[^not chosen],Fewer than 20 employees,No,No,Master’s (or similar graduate degree),Man
uOBj,Employee,[\unasked],Journalist,6-10,GBP - United Kingdom Pound,"$40,000 - $59,999",I am not compensated on an hourly or project basis,Somewhat lower,United Kingdom,1,[^not chosen],[^not chosen],[^not chosen],x,[^not chosen],[^not chosen],[^not chosen],500–999 employees,No,No,Master’s (or similar graduate degree),Woman
wAIe,Freelance,[\unasked],Journalist,6-10,EUR - Euro Member Countries,"$20,000 - $39,999",[^not answered],Somewhat lower,France,1,[^not chosen],[^not chosen],[^not chosen],x,[^not chosen],[^not chosen],[^not chosen],100–499 employees,No,Yes,Master’s (or similar graduate degree),Man
jOYm,EmployeeAND,[\unasked],Designer,6-10,EUR - Euro Member Countries,"$80,000 - $99,999",$125 - $149,Similar,Norway,3,[^not chosen],x,[^not chosen],x,[^not chosen],x,[^not chosen],Fewer than 20 employees,No,No,Master’s (or similar graduate degree),Woman
Yeib,FreelanceAND,[\unasked],Designer,1-5,CAD - Canada Dollar,"$40,000 - $59,999",I am not compensated on an hourly or project basis,Somewhat higher,Canada,3,[^not chosen],[^not chosen],[^not chosen],x,[^not chosen],x,Sustainable Development,Fewer than 20 employees,Yes,Yes,Bachelor’s degree,Man
xKzj,Freelance,Analyst,Journalist,1-5,RUB - Russia Ruble,"$20,000 - $39,999",$15 - $29,Somewhat higher,Russia,2,x,[^not chosen],[^not chosen],x,[^not chosen],[^not chosen],[^not chosen],"5,000+ employees",Yes,No,Bachelor’s degree,Man
DwRY,Freelance,[\unasked],Designer,6-10,CAD - Canada Dollar,"$80,000 - $99,999",[^not answered],Somewhat lower,Canada,2,[^not chosen],[^not chosen],x,x,[^not chosen],[^not chosen],[^not chosen],"1,000–4,999 employees",No,Yes,Technical school,Man
GGJb,Freelance,[\unasked],"Leadership (Manager, Director, VP, etc.)",1-5,USD - United States Dollar,[^not answered],I am not compensated on an hourly or project basis,Somewhat lower,United States,1,[^not chosen],[^not chosen],[^not chosen],x,[^not chosen],[^not chosen],[^not chosen],Don’t know,No,No,Master’s (or similar graduate degree),Self-described or Prefer not to say
mAkS,OtherCombo,[\unasked],Journalist,6-10,SEK - Sweden Krona,"$20,000 - $39,999",[^not answered],Somewhat lower,Sweden,1,[^not chosen],[^not chosen],[^not chosen],x,[^not chosen],[^not chosen],[^not chosen],Fewer than 20 employees,No,No,Bachelor’s degree,Man
Knil,EmployeeAND,[\unasked],Designer,1,EUR - Euro Member Countries,"$40,000 - $59,999",[^not answered],Somewhat higher,Germany,1,[^not chosen],[^not chosen],[^not chosen],x,[^not chosen],[^not chosen],[^not chosen],500–999 employees,Yes,Yes,Master’s (or similar graduate degree),Woman
mTOs,Employee,[\unasked],Journalist,1-5,CHF - Switzerland Franc,"$100,000 - $119,999",I am not compensated on an hourly or project basis,Similar,Switzerland,1,[^not chosen],[^not chosen],[^not chosen],x,[^not chosen],[^not chosen],[^not chosen],500–999 employees,No,No,Master’s (or similar graduate degree),Man
MhTQ,Employee,Designer,Designer,6-10,BRL - Brazil Real,I am not compensated on a yearly basis,$45 - $59,Somewhat higher,Brazil,1,[^not chosen],[^not chosen],[^not chosen],x,[^not chosen],[^not chosen],[^not chosen],Fewer than 20 employees,No,No,Master’s (or similar graduate degree),Man
GlHi,Employee,[\unasked],Developer,1-5,INR - India Rupee,"$10,000 - $19,999",I am not compensated on an hourly or project basis,Much lower,India,1,[^not chosen],[^not chosen],[^not chosen],x,[^not chosen],[^not chosen],[^not chosen],"5,000+ employees",No,Yes,Master’s (or similar graduate degree),Man
BogN,Employee,[\unasked],Teacher,6-10,EUR - Euro Member Countries,"$100,000 - $119,999",[^not answered],Somewhat higher,Germany,2,[^not chosen],[^not chosen],x,x,[^not chosen],[^not chosen],[^not chosen],20–99 employees,No,No,Master’s (or similar graduate degree),Woman
CVXz,Academic,[\unasked],Journalist,6-10,USD - United States Dollar,"$100,000 - $119,999",$15 - $29,Similar,United States,1,[^not chosen],[^not chosen],[^not chosen],x,[^not chosen],[^not chosen],[^not chosen],"5,000+ employees",No,No,Master’s (or similar graduate degree),Woman
kjkG,Student,[\unasked],"Leadership (Manager, Director, VP, etc.)",1-5,GBP - United Kingdom Pound,"$60,000 - $79,999",[^not answered],[^not answered],United Kingdom,2,[^not chosen],[^not chosen],x,x,[^not chosen],[^not chosen],[^not chosen],20–99 employees,No,No,Bachelor’s degree,Man
vBHT,Freelance,[\unasked],Journalist,16-20,USD - United States Dollar,"$80,000 - $99,999",I am not compensated on an hourly or project basis,Somewhat higher,United States,1,[^not chosen],[^not chosen],[^not chosen],x,[^not chosen],[^not chosen],[^not chosen],100–499 employees,No,Yes,Bachelor’s degree,Woman
ZyJW,Freelance,[\unasked],Engineer,16-20,GBP - United Kingdom Pound,"$180,000 - $199,999",[^not answered],Much higher,United Kingdom,1,[^not chosen],[^not chosen],[^not chosen],x,[^not chosen],[^not chosen],[^not chosen],"5,000+ employees",No,No,Master’s (or similar graduate degree),Man
KXAu,Freelance,[\unasked],Journalist,21-25,RUB - Russia Ruble,"Less than $10,000",I am not compensated on an hourly or project basis,Somewhat lower,Russia,2,[^not chosen],[^not chosen],x,x,[^not chosen],[^not chosen],[^not chosen],"1,000–4,999 employees",No,No,Bachelor’s degree,Woman
vksj,Employee,Designer,Designer,6-10,SEK - Sweden Krona,[^not answered],$100 - $124,Similar,Sweden,1,[^not chosen],[^not chosen],[^not chosen],x,[^not chosen],[^not chosen],[^not chosen],Fewer than 20 employees,No,No,Master’s (or similar graduate degree),Man
ICgg,Employee,[\unasked],Journalist,6-10,USD - United States Dollar,"$80,000 - $99,999",[^not answered],Similar,United States,1,[^not chosen],[^not chosen],[^not chosen],x,[^not chosen],[^not chosen],[^not chosen],100–499 employees,No,Yes,Bachelor’s degree,Woman
nTDL,Employee,[\unasked],Designer,1-5,THB - Thailand Baht,"$10,000 - $19,999",[^not answered],Somewhat lower,Thailand,1,[^not chosen],[^not chosen],[^not chosen],x,[^not chosen],[^not chosen],[^not chosen],Fewer than 20 employees,No,Yes,Bachelor’s degree,Woman
KFzO,FreelanceAND,[\unasked],"Leadership (Manager, Director, VP, etc.)",1-5,USD - United States Dollar,"$140,000 - $159,999",I am not compensated on an hourly or project basis,Similar,United States,1,[^not chosen],[^not chosen],[^not chosen],x,[^not chosen],[^not chosen],[^not chosen],100–499 employees,No,No,Bachelor’s degree,Man
FKkG,Employee,[\unasked],None of these describes my role,11-15,EUR - Euro Member Countries,"$20,000 - $39,999",[^not answered],Similar,Portugal,1,[^not chosen],[^not chosen],[^not chosen],x,[^not chosen],[^not chosen],[^not chosen],20–99 employees,No,Yes,Bachelor’s degree,Man
UHIj,Hobbyist,[\unasked],Developer,1-5,USD - United States Dollar,"$100,000 - $119,999",[^not answered],Somewhat lower,United States,1,[^not chosen],[^not chosen],[^not chosen],x,[^not chosen],[^not chosen],[^not chosen],"5,000+ employees",No,Yes,Master’s (or similar graduate degree),Man
xIxX,Employee,[\unasked],"Leadership (Manager, Director, VP, etc.)",6-10,USD - United States Dollar,"$140,000 - $159,999",[^not answered],Similar,United States,1,[^not chosen],[^not chosen],[^not chosen],x,[^not chosen],[^not chosen],[^not chosen],100–499 employees,[\unfinished],[\unfinished],[\unfinished],[\unfinished]
rgWg,Employee,[\unasked],Journalist,6-10,USD - United States Dollar,"$100,000 - $119,999",I am not compensated on an hourly or project basis,Somewhat higher,United States,4,[^not chosen],[^not chosen],x,x,x,x,[^not chosen],Fewer than 20 employees,No,No,[\unfinished],[\unfinished]
yMeN,Freelance,[\unasked],Developer,1-5,NOK - Norway Krone,"$60,000 - $79,999",I am not compensated on an hourly or project basis,Similar,Norway,1,[^not chosen],[^not chosen],[^not chosen],x,[^not chosen],[^not chosen],[^not chosen],"1,000–4,999 employees",No,Yes,[\unfinished],[\unfinished]
IDNI,EmployeeANDFreelanceAND,[\unasked],Journalist,21-25,USD - United States Dollar,"$100,000 - $119,999",[^not answered],Similar,United States,3,x,[^not chosen],x,x,[^not chosen],[^not chosen],[^not chosen],"5,000+ employees",[\unfinished],[\unfinished],[\unfinished],[\unfinished]
dyXH,OtherCombo,[\unasked],Scientist,Less than 1 year,USD - United States Dollar,"$140,000 - $159,999",I am not compensated on an hourly or project basis,Similar,United States,1,[^not chosen],[^not chosen],[^not chosen],[^not chosen],[^not chosen],x,[^not chosen],"5,000+ employees",No,No,"Doctoral degree (e.g., PhD, EdD, PsyD)",Woman
qjSz,Freelance,[\unasked],"Leadership (Manager, Director, VP, etc.)",Less than 1 year,USD - United States Dollar,[^not answered],[^not answered],[^not answered],United States,1,[^not chosen],[^not chosen],[^not chosen],[^not chosen],[^not chosen],x,[^not chosen],Fewer than 20 employees,No,No,Master’s (or similar graduate degree),Woman
eqlG,Employee,[\unasked],"Leadership (Manager, Director, VP, etc.)",1-5,NZD - New Zealand Dollar,"$100,000 - $119,999",[^not answered],Somewhat higher,New Zealand,1,[^not chosen],[^not chosen],[^not chosen],[^not chosen],[^not chosen],[^not chosen],Housing,100–499 employees,No,No,Bachelor’s degree,Man
gLge,Employee,[\unasked],Analyst,1-5,USD - United States Dollar,"$100,000 - $119,999",I am not compensated on an hourly or project basis,Much lower,United States,1,[^not chosen],[^not chosen],[^not chosen],[^not chosen],[^not chosen],[^not chosen],Manufacturing,"1,000–4,999 employees",No,Yes,Master’s (or similar graduate degree),Man
pjJI,FreelanceAND,[\unasked],"Leadership (Manager, Director, VP, etc.)",Less than 1 year,USD - United States Dollar,"$120,000 - $139,999",I am not compensated on an hourly or project basis,Somewhat lower,United States,1,x,[^not chosen],[^not chosen],[^not chosen],[^not chosen],[^not chosen],[^not chosen],"5,000+ employees",No,Yes,Bachelor’s degree,Man
Hjto,Hobbyist,[\unasked],Designer,1-5,USD - United States Dollar,"$120,000 - $139,999",I am not compensated on an hourly or project basis,Somewhat higher,United States,1,[^not chosen],[^not chosen],[^not chosen],[^not chosen],[^not chosen],[^not chosen],Aerospace,"5,000+ employees",No,No,Bachelor’s degree,Woman
teng,Freelance,[\unasked],Analyst,6-10,DKK - Denmark Krone,"$80,000 - $99,999",$125 - $149,Similar,Denmark,1,[^not chosen],[^not chosen],[^not chosen],[^not chosen],[^not chosen],x,[^not chosen],"5,000+ employees",No,Yes,Master’s (or similar graduate degree),Man
RdnO,Student,[\unasked],Analyst,Less than 1 year,EUR - Euro Member Countries,"$20,000 - $39,999",$45 - $59,Somewhat lower,Greece,1,[^not chosen],[^not chosen],[^not chosen],[^not chosen],[^not chosen],x,[^not chosen],"1,000–4,999 employees",No,No,Master’s (or similar graduate degree),Woman
FDUs,OtherCombo,Designer,Developer,1-5,USD - United States Dollar,[^not answered],$15 - $29,Similar,Nigeria,1,[^not chosen],[^not chosen],[^not chosen],[^not chosen],[^not chosen],x,[^not chosen],Fewer than 20 employees,No,Yes,Bachelor’s degree,Woman
VwYR,Freelance,[\unasked],None of these describes my role,1-5,CAD - Canada Dollar,"$80,000 - $99,999",[^not answered],Much higher,Canada,1,[^not chosen],x,[^not chosen],[^not chosen],[^not chosen],[^not chosen],[^not chosen],500–999 employees,No,Yes,Master’s (or similar graduate degree),Woman
LShY,Freelance,[\unasked],"Leadership (Manager, Director, VP, etc.)",Less than 1 year,USD - United States Dollar,"$120,000 - $139,999",[^not answered],Similar,United States,1,[^not chosen],[^not chosen],[^not chosen],[^not chosen],[^not chosen],[^not chosen],Regulatory organization,100–499 employees,No,Yes,Master’s (or similar graduate degree),Man
Qveb,EmployeeANDFreelanceAND,[\unasked],Analyst,1-5,USD - United States Dollar,"$100,000 - $119,999",[^not answered],Somewhat higher,United States,2,[^not chosen],x,[^not chosen],[^not chosen],[^not chosen],[^not chosen],Public health,100–499 employees,No,No,Master’s (or similar graduate degree),Woman
uAKg,EmployeeAND,[\unasked],None of these describes my role,1-5,USD - United States Dollar,"$80,000 - $99,999",I am not compensated on an hourly or project basis,Somewhat lower,United States,1,[^not chosen],x,[^not chosen],[^not chosen],[^not chosen],[^not chosen],[^not chosen],20–99 employees,No,Yes,Bachelor’s degree,Woman
Ejoy,EmployeeAND,Teacher,Analyst,1-5,USD - United States Dollar,"$60,000 - $79,999",[^not answered],Much higher,Uruguay,1,[^not chosen],[^not chosen],[^not chosen],[^not chosen],[^not chosen],[^not chosen],Mobile Gaming,500–999 employees,No,Yes,Bachelor’s degree,Man
gVdO,Employee,[\unasked],Developer,11-15,USD - United States Dollar,"$80,000 - $99,999",[^not answered],Somewhat higher,Hungary,1,[^not chosen],[^not chosen],x,[^not chosen],[^not chosen],[^not chosen],[^not chosen],Fewer than 20 employees,Yes,No,Bachelor’s degree,Woman
RLym,Employee,[\unasked],Developer,1-5,HKD - Hong Kong Dollar,"$40,000 - $59,999",I am not compensated on an hourly or project basis,Somewhat higher,China,1,[^not chosen],[^not chosen],x,[^not chosen],[^not chosen],[^not chosen],[^not chosen],"5,000+ employees",Yes,Yes,Master’s (or similar graduate degree),Self-described or Prefer not to say
KIeq,Student,[\unasked],Teacher,6-10,USD - United States Dollar,"$40,000 - $59,999",[^not answered],Somewhat lower,United States,1,[^not chosen],[^not chosen],[^not chosen],[^not chosen],[^not chosen],[^not chosen],Informal Education,20–99 employees,No,No,Bachelor’s degree,Woman
VIPI,Academic,[\unasked],Analyst,6-10,AUD - Australia Dollar,"$80,000 - $99,999",[^not answered],Similar,Australia,1,[^not chosen],[^not chosen],[^not chosen],[^not chosen],[^not chosen],[^not chosen],Local government,"1,000–4,999 employees",No,Yes,Master’s (or similar graduate degree),Woman
KGkU,Employee,[\unasked],Analyst,6-10,USD - United States Dollar,"$140,000 - $159,999",[^not answered],Somewhat higher,United States,1,[^not chosen],[^not chosen],[^not chosen],[^not chosen],[^not chosen],[^not chosen],Media,"5,000+ employees",No,No,Bachelor’s degree,Woman
EeEU,Hobbyist,[\unasked],Analyst,Less than 1 year,USD - United States Dollar,"$60,000 - $79,999",[^not answered],Somewhat lower,United States,1,[^not chosen],[^not chosen],[^not chosen],[^not chosen],[^not chosen],x,[^not chosen],20–99 employees,No,No,Master’s (or similar graduate degree),Woman
mVCw,Freelance,[\unasked],Analyst,6-10,USD - United States Dollar,"$40,000 - $59,999",I am not compensated on an hourly or project basis,Somewhat lower,United States,1,[^not chosen],[^not chosen],[^not chosen],[^not chosen],[^not chosen],[^not chosen],Non-profit program evaluation,20–99 employees,No,Yes,Bachelor’s degree,Woman
Pxum,Hobbyist,[\unasked],"Leadership (Manager, Director, VP, etc.)",1-5,EUR - Euro Member Countries,"$60,000 - $79,999",[^not answered],Somewhat higher,Bulgaria,1,[^not chosen],[^not chosen],x,[^not chosen],[^not chosen],[^not chosen],[^not chosen],100–499 employees,No,No,Master’s (or similar graduate degree),Man
rNCA,Freelance,[\unasked],"Leadership (Manager, Director, VP, etc.)",1-5,MXN - Mexico Peso,"$60,000 - $79,999",I am not compensated on an hourly or project basis,Much higher,Mexico,2,x,[^not chosen],[^not chosen],[^not chosen],[^not chosen],x,[^not chosen],100–499 employees,Yes,No,Master’s (or similar graduate degree),Man
jCVA,Employee,[\unasked],Scientist,6-10,CAD - Canada Dollar,"$40,000 - $59,999",[^not answered],Much lower,Canada,1,[^not chosen],[^not chosen],[^not chosen],[^not chosen],[^not chosen],[^not chosen],Gaming,20–99 employees,No,Yes,Master’s (or similar graduate degree),Man
PrzR,Hobbyist,[\unasked],Designer,6-10,USD - United States Dollar,"$140,000 - $159,999",I am not compensated on an hourly or project basis,Similar,United States,3,[^not chosen],x,x,[^not chosen],[^not chosen],x,[^not chosen],20–99 employees,No,No,Bachelor’s degree,Woman
hUSs,Employee,[\unasked],Scientist,6-10,USD - United States Dollar,"$100,000 - $119,999",I am not compensated on an hourly or project basis,Similar,United States,1,[^not chosen],[^not chosen],[^not chosen],[^not chosen],[^not chosen],[^not chosen],Transportation,"1,000–4,999 employees",No,No,Some college,Man
oqFz,EmployeeANDFreelance,[\unasked],Analyst,6-10,EUR - Euro Member Countries,"$40,000 - $59,999",I am not compensated on an hourly or project basis,Similar,Netherlands,2,x,[^not chosen],[^not chosen],[^not chosen],[^not chosen],[^not chosen],Insurance,"5,000+ employees",Yes,No,Master’s (or similar graduate degree),Woman
wGHt,FreelanceAND,[\unasked],Engineer,6-10,USD - United States Dollar,"$120,000 - $139,999",[^not answered],Similar,United States,1,[^not chosen],[^not chosen],x,[^not chosen],[^not chosen],[^not chosen],[^not chosen],20–99 employees,No,No,Master’s (or similar graduate degree),Man
NinE,EmployeeAND,Developer,"Leadership (Manager, Director, VP, etc.)",11-15,EUR - Euro Member Countries,"$60,000 - $79,999",$75 - $99,Somewhat higher,Portugal,1,[^not chosen],[^not chosen],[^not chosen],[^not chosen],[^not chosen],[^not chosen],Energy Industry,"5,000+ employees",Yes,Yes,Master’s (or similar graduate degree),Man
vndc,EmployeeANDFreelanceAND,[\unasked],Analyst,1-5,GBP - United Kingdom Pound,"$40,000 - $59,999",I am not compensated on an hourly or project basis,Much higher,United Kingdom,2,[^not chosen],[^not chosen],x,[^not chosen],[^not chosen],[^not chosen],AdTech,20–99 employees,No,No,Some college,Man
mXDB,Employee,[\unasked],Developer,6-10,GBP - United Kingdom Pound,"$60,000 - $79,999",I am not compensated on an hourly or project basis,Similar,United Kingdom,1,[^not chosen],[^not chosen],[^not chosen],[^not chosen],x,[^not chosen],[^not chosen],Fewer than 20 employees,No,Yes,Bachelor’s degree,Man
tCEP,Freelance,[\unasked],Developer,11-15,USD - United States Dollar,"$100,000 - $119,999",[^not answered],Similar,United States,1,[^not chosen],x,[^not chosen],[^not chosen],[^not chosen],[^not chosen],[^not chosen],"1,000–4,999 employees",No,No,Bachelor’s degree,Man
WOGt,FreelanceAND,[\unasked],Analyst,1-5,GBP - United Kingdom Pound,"$40,000 - $59,999",[^not answered],Somewhat lower,United Kingdom,1,x,[^not chosen],[^not chosen],[^not chosen],[^not chosen],[^not chosen],[^not chosen],"5,000+ employees",No,Yes,High school diploma,Woman
YDdV,EmployeeAND,[\unasked],Analyst,1-5,USD - United States Dollar,"$80,000 - $99,999",I am not compensated on an hourly or project basis,Similar,United States,1,[^not chosen],[^not chosen],[^not chosen],[^not chosen],[^not chosen],[^not chosen],Manufacturing,"1,000–4,999 employees",Yes,No,Master’s (or similar graduate degree),Woman
KunD,Academic,None of these describes my role,None of these describes my role,6-10,USD - United States Dollar,"$200,000 - $219,999",I am not compensated on an hourly or project basis,Similar,United States,1,x,[^not chosen],[^not chosen],[^not chosen],[^not chosen],[^not chosen],[^not chosen],500–999 employees,No,Yes,"Doctoral degree (e.g., PhD, EdD, PsyD)",Man
kFJT,Freelance,[\unasked],Analyst,16-20,USD - United States Dollar,"$140,000 - $159,999",[^not answered],Somewhat higher,United States,5,x,x,x,[^not chosen],x,x,[^not chosen],"5,000+ employees",No,Yes,Master’s (or similar graduate degree),Woman
gmBC,Hobbyist,[\unasked],Analyst,6-10,USD - United States Dollar,"$80,000 - $99,999",I am not compensated on an hourly or project basis,Somewhat higher,United States,1,[^not chosen],x,[^not chosen],[^not chosen],[^not chosen],[^not chosen],[^not chosen],500–999 employees,No,Yes,"Doctoral degree (e.g., PhD, EdD, PsyD)",Man
toaq,Freelance,[\unasked],Analyst,,USD - United States Dollar,"$100,000 - $119,999",I am not compensated on an hourly or project basis,Similar,United States,1,[^not chosen],[^not chosen],[^not chosen],[^not chosen],[^not chosen],[^not chosen],Utilities,"5,000+ employees",No,No,Master’s (or similar graduate degree),Man
vlid,Freelance,"Leadership (Manager, Director, VP, etc.)","Leadership (Manager, Director, VP, etc.)",,USD - United States Dollar,"$140,000 - $159,999",I am not compensated on an hourly or project basis,Somewhat lower,United States,1,[^not chosen],[^not chosen],[^not chosen],[^not chosen],[^not chosen],x,[^not chosen],100–499 employees,No,No,Some college,Woman
KjRI,Skipped question,[\unasked],"Leadership (Manager, Director, VP, etc.)",,CAD - Canada Dollar,"$100,000 - $119,999",[^not answered],Somewhat higher,Canada,3,x,[^not chosen],x,[^not chosen],[^not chosen],x,[^not chosen],100–499 employees,No,No,Bachelor’s degree,Man
WiaE,Skipped question,[\unasked],Scientist,,USD - United States Dollar,"$180,000 - $199,999",I am not compensated on an hourly or project basis,Similar,United States,1,[^not chosen],[^not chosen],[^not chosen],[^not chosen],[^not chosen],x,[^not chosen],Fewer than 20 employees,No,No,"Doctoral degree (e.g., PhD, EdD, PsyD)",Man
BeqA,Hobbyist,[\unasked],None of these describes my role,Less than 1 year,USD - United States Dollar,"$80,000 - $99,999",[^not answered],Similar,United States,1,[^not chosen],[^not chosen],[^not chosen],[^not chosen],[^not chosen],[^not chosen],Mental health,500–999 employees,Yes,No,Bachelor’s degree,Woman
mFHO,Freelance,[\unasked],Designer,6-10,USD - United States Dollar,"$80,000 - $99,999",[^not answered],Much higher,United States,1,[^not chosen],[^not chosen],[^not chosen],[^not chosen],[^not chosen],x,[^not chosen],"5,000+ employees",No,No,Master’s (or similar graduate degree),Man
NuxN,Employee,Analyst,Analyst,6-10,USD - United States Dollar,"$120,000 - $139,999",$75 - $99,Similar,United States,1,[^not chosen],[^not chosen],[^not chosen],[^not chosen],[^not chosen],[^not chosen],CPG,100–499 employees,Yes,No,Bachelor’s degree,Woman
djpT,Freelance,[\unasked],Analyst,21-25,CAD - Canada Dollar,"$10,000 - $19,999",[^not answered],Much lower,Canada,1,[^not chosen],[^not chosen],[^not chosen],[^not chosen],[^not chosen],[^not chosen],Energy; Public Utility,"1,000–4,999 employees",Yes,Yes,Some college,Woman
kHur,Employee,[\unasked],Analyst,More than 30,USD - United States Dollar,"$60,000 - $79,999",[^not answered],Similar,United States,1,[^not chosen],[^not chosen],[^not chosen],[^not chosen],[^not chosen],[^not chosen],Social justice,100–499 employees,No,No,Bachelor’s degree,Woman
XwDM,Academic,[\unasked],Analyst,More than 30,USD - United States Dollar,"$60,000 - $79,999",$30 - $44,Similar,United States,1,[^not chosen],[^not chosen],[^not chosen],[^not chosen],[^not chosen],[^not chosen],Policy; Advocacy; Research,100–499 employees,[\unfinished],[\unfinished],[\unfinished],[\unfinished]
IGfl,FreelanceAND,[\unasked],None of these describes my role,6-10,USD - United States Dollar,"$80,000 - $99,999",I am not compensated on an hourly or project basis,Similar,United States,1,[^not chosen],[^not chosen],[^not chosen],[^not chosen],[^not chosen],[^not chosen],Human rights; Social sciences,Fewer than 20 employees,No,No,Bachelor’s degree,Man
MGxY,Academic,[\unasked],Analyst,1-5,USD - United States Dollar,"$80,000 - $99,999",I am not compensated on an hourly or project basis,Similar,United States,1,[^not chosen],[^not chosen],[^not chosen],[^not chosen],[^not chosen],[^not chosen],Tourism,"5,000+ employees",No,No,Bachelor’s degree,Woman
hUKk,Employee,[\unasked],Cartographer,1-5,USD - United States Dollar,"$160,000 - $179,999",I am not compensated on an hourly or project basis,Somewhat higher,United States,1,[^not chosen],[^not chosen],x,[^not chosen],[^not chosen],[^not chosen],[^not chosen],20–99 employees,No,Yes,Master’s (or similar graduate degree),Woman
UKdg,Employee,[\unasked],Designer,1-5,USD - United States Dollar,"$80,000 - $99,999",I am not compensated on an hourly or project basis,Similar,United States,2,[^not chosen],[^not chosen],[^not chosen],[^not chosen],[^not chosen],x,Data intelligence,100–499 employees,No,Yes,Master’s (or similar graduate degree),Woman
NMPF,Employee,[\unasked],"Leadership (Manager, Director, VP, etc.)",6-10,USD - United States Dollar,"$160,000 - $179,999",I am not compensated on an hourly or project basis,Somewhat higher,United States,1,[^not chosen],[^not chosen],x,[^not chosen],[^not chosen],[^not chosen],[^not chosen],100–499 employees,No,Yes,Bachelor’s degree,Self-described or Prefer not to say
Cdpq,Employee,[\unasked],Developer,6-10,USD - United States Dollar,"$100,000 - $119,999",$150 - $174,Similar,United States,1,[^not chosen],[^not chosen],[^not chosen],[^not chosen],[^not chosen],[^not chosen],Research,100–499 employees,No,Yes,Some college,Woman
ERsO,Employee,[\unasked],Analyst,1-5,USD - United States Dollar,"$80,000 - $99,999",$45 - $59,Somewhat higher,United States,2,[^not chosen],[^not chosen],[^not chosen],[^not chosen],[^not chosen],x,Higher Education,Don’t know,No,No,"Doctoral degree (e.g., PhD, EdD, PsyD)",Woman
QPLe,Employee,[\unasked],Analyst,1-5,USD - United States Dollar,"$100,000 - $119,999",I am not compensated on an hourly or project basis,Somewhat lower,United States,1,[^not chosen],[^not chosen],[^not chosen],[^not chosen],[^not chosen],[^not chosen],Biotech,500–999 employees,No,Yes,Bachelor’s degree,Man
JHYj,EmployeeAND,[\unasked],Analyst,21-25,USD - United States Dollar,"$60,000 - $79,999",I am not compensated on an hourly or project basis,Similar,United States,1,[^not chosen],[^not chosen],[^not chosen],[^not chosen],[^not chosen],[^not chosen],Higher Education,"1,000–4,999 employees",No,No,Master’s (or similar graduate degree),Woman
sdyP,Employee,[\unasked],Analyst,6-10,USD - United States Dollar,"$80,000 - $99,999",I am not compensated on an hourly or project basis,Similar,United States,3,[^not chosen],x,[^not chosen],[^not chosen],[^not chosen],x,nonprofits and government agencies,"5,000+ employees",No,Yes,Master’s (or similar graduate degree),Woman
lbdf,Freelance,Developer,Developer,6-10,BRL - Brazil Real,"$20,000 - $39,999",Less than $15,Somewhat higher,Brazil,2,[^not chosen],[^not chosen],x,[^not chosen],[^not chosen],x,[^not chosen],500–999 employees,Yes,Yes,High school diploma,Man
Lbvh,EmployeeAND,[\unasked],"Leadership (Manager, Director, VP, etc.)",6-10,CAD - Canada Dollar,"$60,000 - $79,999",[^not answered],Similar,Canada,1,[^not chosen],x,[^not chosen],[^not chosen],[^not chosen],[^not chosen],[^not chosen],500–999 employees,Yes,No,Bachelor’s degree,Man
zCUU,Employee,[\unasked],Analyst,1-5,EUR - Euro Member Countries,"$60,000 - $79,999",$100 - $124,Similar,Germany,1,[^not chosen],[^not chosen],[^not chosen],[^not chosen],[^not chosen],x,[^not chosen],Fewer than 20 employees,No,No,Master’s (or similar graduate degree),Woman
rhTK,EmployeeANDFreelanceAND,Analyst,Analyst,6-10,GBP - United Kingdom Pound,"$40,000 - $59,999",I am not compensated on an hourly or project basis,Somewhat lower,United Kingdom,1,[^not chosen],[^not chosen],[^not chosen],[^not chosen],[^not chosen],[^not chosen],Higher Education,"1,000–4,999 employees",No,Yes,Master’s (or similar graduate degree),Woman
sWVK,Academic,Analyst,Analyst,11-15,HUF - Hungary Forint,"$60,000 - $79,999",$75 - $99,Much higher,Hungary,2,[^not chosen],[^not chosen],x,[^not chosen],[^not chosen],x,[^not chosen],"5,000+ employees",Yes,No,Master’s (or similar graduate degree),Man
hZtU,Academic,[\unasked],Developer,1-5,USD - United States Dollar,"$160,000 - $179,999",[^not answered],Somewhat higher,United States,1,x,[^not chosen],[^not chosen],[^not chosen],[^not chosen],[^not chosen],[^not chosen],"5,000+ employees",No,No,Bachelor’s degree,Man
QkQp,Employee,[\unasked],Developer,6-10,INR - India Rupee,"$20,000 - $39,999",[^not answered],Similar,India,1,[^not chosen],[^not chosen],x,[^not chosen],[^not chosen],[^not chosen],[^not chosen],"5,000+ employees",No,No,Master’s (or similar graduate degree),Man
RtWO,Employee,[\unasked],Scientist,6-10,[^not answered],"$20,000 - $39,999",[^not answered],Similar,India,1,[^not chosen],x,[^not chosen],[^not chosen],[^not chosen],[^not chosen],[^not chosen],20–99 employees,No,Yes,"Doctoral degree (e.g., PhD, EdD, PsyD)",Woman
tVif,Freelance,[\unasked],Designer,1-5,AUD - Australia Dollar,"$40,000 - $59,999",[^not answered],Similar,Australia,1,[^not chosen],[^not chosen],[^not chosen],[^not chosen],[^not chosen],x,[^not chosen],20–99 employees,No,Yes,Technical school,Man
uTyB,EmployeeANDFreelanceAND,[\unasked],Analyst,1-5,USD - United States Dollar,"$120,000 - $139,999",I am not compensated on an hourly or project basis,Somewhat higher,United States,1,[^not chosen],[^not chosen],[^not chosen],[^not chosen],[^not chosen],[^not chosen],Defense and University Research,500–999 employees,No,No,Bachelor’s degree,Man
AGTE,Academic,[\unasked],"Leadership (Manager, Director, VP, etc.)",6-10,USD - United States Dollar,[^not answered],[^not answered],Similar,United States,1,[^not chosen],[^not chosen],[^not chosen],[^not chosen],[^not chosen],[^not chosen],Education,20–99 employees,No,No,"Doctoral degree (e.g., PhD, EdD, PsyD)",Woman
lhPD,Employee,[\unasked],Analyst,1-5,USD - United States Dollar,"$100,000 - $119,999",[^not answered],Somewhat higher,United States,1,[^not chosen],[^not chosen],x,[^not chosen],[^not chosen],[^not chosen],[^not chosen],"1,000–4,999 employees",No,Yes,Master’s (or similar graduate degree),Woman
NCKq,Employee,[\unasked],Developer,6-10,EUR - Euro Member Countries,"$60,000 - $79,999",I am not compensated on an hourly or project basis,Somewhat higher,Germany,1,[^not chosen],[^not chosen],[^not chosen],[^not chosen],[^not chosen],[^not chosen],Trade,"5,000+ employees",No,No,Master’s (or similar graduate degree),Man
TzLK,Employee,[\unasked],Analyst,6-10,EUR - Euro Member Countries,"$20,000 - $39,999",I am not compensated on an hourly or project basis,Similar,Greece,3,[^not chosen],[^not chosen],x,[^not chosen],x,x,[^not chosen],500–999 employees,No,No,Master’s (or similar graduate degree),Man
dmAV,Hobbyist,[\unasked],Designer,1-5,INR - India Rupee,"$10,000 - $19,999",[^not answered],Somewhat lower,India,1,[^not chosen],[^not chosen],[^not chosen],[^not chosen],[^not chosen],x,[^not chosen],100–499 employees,No,Yes,Master’s (or similar graduate degree),Self-described or Prefer not to say
Nugz,EmployeeAND,[\unasked],Developer,6-10,HUF - Hungary Forint,[^not answered],[^not answered],Somewhat higher,Hungary,1,[^not chosen],[^not chosen],[^not chosen],[^not chosen],[^not chosen],x,[^not chosen],100–499 employees,No,Yes,Master’s (or similar graduate degree),Woman
qOWw,Academic,[\unasked],"Leadership (Manager, Director, VP, etc.)",6-10,USD - United States Dollar,"$100,000 - $119,999",$75 - $99,Similar,United States,1,[^not chosen],[^not chosen],[^not chosen],[^not chosen],[^not chosen],x,[^not chosen],Fewer than 20 employees,No,No,Master’s (or similar graduate degree),Woman
WEIa,Academic,[\unasked],Designer,16-20,USD - United States Dollar,"$200,000 - $219,999",I am not compensated on an hourly or project basis,Similar,United States,1,[^not chosen],[^not chosen],[^not chosen],[^not chosen],[^not chosen],x,[^not chosen],"5,000+ employees",No,No,Bachelor’s degree,Woman
qjzT,EmployeeAND,[\unasked],"Leadership (Manager, Director, VP, etc.)",1-5,USD - United States Dollar,"$100,000 - $119,999",I am not compensated on an hourly or project basis,Similar,United States,1,[^not chosen],[^not chosen],[^not chosen],[^not chosen],x,[^not chosen],[^not chosen],"1,000–4,999 employees",No,Yes,"Doctoral degree (e.g., PhD, EdD, PsyD)",Woman
XwyX,Employee,[\unasked],"Leadership (Manager, Director, VP, etc.)",6-10,USD - United States Dollar,"$160,000 - $179,999",I am not compensated on an hourly or project basis,Much higher,United States,1,x,[^not chosen],[^not chosen],[^not chosen],[^not chosen],[^not chosen],[^not chosen],"5,000+ employees",No,No,Bachelor’s degree,Woman
HwKv,Freelance,[\unasked],"Leadership (Manager, Director, VP, etc.)",11-15,USD - United States Dollar,"$200,000 - $219,999",[^not answered],Similar,United States,1,[^not chosen],[^not chosen],x,[^not chosen],[^not chosen],[^not chosen],[^not chosen],"1,000–4,999 employees",No,No,Master’s (or similar graduate degree),Man
iwmU,Employee,[\unasked],"Leadership (Manager, Director, VP, etc.)",Less than 1 year,USD - United States Dollar,"$100,000 - $119,999",[^not answered],Much lower,United States,0,[^not chosen],[^not chosen],[^not chosen],[^not chosen],[^not chosen],[^not chosen],[^not chosen],"5,000+ employees",No,Yes,Master’s (or similar graduate degree),Man
sGcI,Employee,[\unasked],Designer,6-10,USD - United States Dollar,"$180,000 - $199,999",[^not answered],Somewhat higher,United States,2,[^not chosen],[^not chosen],[^not chosen],[^not chosen],x,x,[^not chosen],"5,000+ employees",No,No,Bachelor’s degree,Man
caPH,Employee,[\unasked],None of these describes my role,6-10,GBP - United Kingdom Pound,"$100,000 - $119,999",[^not answered],Somewhat higher,United Kingdom,1,[^not chosen],[^not chosen],x,[^not chosen],[^not chosen],[^not chosen],[^not chosen],20–99 employees,No,No,Master’s (or similar graduate degree),Woman
ySsP,Employee,[\unasked],Analyst,6-10,USD - United States Dollar,"$40,000 - $59,999",[^not answered],Somewhat lower,United States,1,[^not chosen],[^not chosen],[^not chosen],[^not chosen],[^not chosen],[^not chosen],economic development,20–99 employees,No,Yes,Bachelor’s degree,Woman
mPYQ,Employee,[\unasked],Analyst,16-20,USD - United States Dollar,"$60,000 - $79,999",I am not compensated on an hourly or project basis,Much lower,United States,1,[^not chosen],[^not chosen],[^not chosen],[^not chosen],[^not chosen],[^not chosen],Technology,100–499 employees,No,Yes,Bachelor’s degree,Man
pKNL,Hobbyist,[\unasked],Analyst,1-5,EUR - Euro Member Countries,"$40,000 - $59,999",[^not answered],[^not answered],Finland,0,[^not chosen],[^not chosen],[^not chosen],[^not chosen],[^not chosen],[^not chosen],,20–99 employees,Yes,Yes,Master’s (or similar graduate degree),Man
pKBt,Passive income,Journalist,"Leadership (Manager, Director, VP, etc.)",6-10,INR - India Rupee,"$10,000 - $19,999",$15 - $29,Similar,India,2,[^not chosen],[^not chosen],[^not chosen],[^not chosen],[^not chosen],x,Livelihoods Not for Profit,100–499 employees,No,Yes,Bachelor’s degree,Man
QItA,Employee,[\unasked],Analyst,6-10,USD - United States Dollar,"$160,000 - $179,999",[^not answered],Similar,United States,0,[^not chosen],[^not chosen],[^not chosen],[^not chosen],[^not chosen],[^not chosen],[^not chosen],"5,000+ employees",No,Yes,Bachelor’s degree,Man
cGwA,Employee,[\unasked],Engineer,6-10,USD - United States Dollar,"$160,000 - $179,999",$75 - $99,Similar,United States,2,x,[^not chosen],[^not chosen],[^not chosen],x,[^not chosen],[^not chosen],20–99 employees,No,No,Master’s (or similar graduate degree),Man
ZAhJ,Employee,[\unasked],None of these describes my role,11-15,USD - United States Dollar,"$60,000 - $79,999",I am not compensated on an hourly or project basis,[^not answered],United States,1,[^not chosen],[^not chosen],[^not chosen],[^not chosen],[^not chosen],[^not chosen],Philanthropy; Grantmaking,100–499 employees,No,No,Bachelor’s degree,Woman
nvoK,Employee,Designer,Designer,6-10,BRL - Brazil Real,"$10,000 - $19,999",Less than $15,Somewhat higher,Brazil,3,[^not chosen],[^not chosen],x,[^not chosen],x,x,[^not chosen],Fewer than 20 employees,No,No,Bachelor’s degree,Woman
QCjX,Employee,[\unasked],Analyst,1-5,USD - United States Dollar,"$120,000 - $139,999",I am not compensated on an hourly or project basis,Somewhat higher,[^not answered],1,[^not chosen],x,[^not chosen],[^not chosen],[^not chosen],[^not chosen],[^not chosen],"5,000+ employees",No,No,Master’s (or similar graduate degree),Man
sZMn,Employee,[\unasked],Scientist,6-10,USD - United States Dollar,"$80,000 - $99,999",[^not answered],Somewhat higher,United States,1,[^not chosen],[^not chosen],[^not chosen],[^not chosen],[^not chosen],[^not chosen],Construction; environmental,"1,000–4,999 employees",No,No,Bachelor’s degree,Woman
nYVN,Employee,[\unasked],"Leadership (Manager, Director, VP, etc.)",1-5,USD - United States Dollar,"$80,000 - $99,999",I am not compensated on an hourly or project basis,Somewhat lower,United States,1,[^not chosen],[^not chosen],[^not chosen],[^not chosen],[^not chosen],[^not chosen],Education,Fewer than 20 employees,No,No,"Doctoral degree (e.g., PhD, EdD, PsyD)",Woman
AWlT,Employee,[\unasked],Analyst,1-5,USD - United States Dollar,"$80,000 - $99,999",[^not answered],Somewhat lower,United States,1,[^not chosen],[^not chosen],[^not chosen],[^not chosen],[^not chosen],[^not chosen],Public Health,"1,000–4,999 employees",Yes,No,Master’s (or similar graduate degree),Woman
UdKT,Hobbyist,None of these describes my role,None of these describes my role,11-15,USD - United States Dollar,[^not answered],$100 - $124,Somewhat higher,Sweden,1,[^not chosen],[^not chosen],[^not chosen],[^not chosen],[^not chosen],x,[^not chosen],Fewer than 20 employees,Yes,No,Master’s (or similar graduate degree),Woman
ZJpt,Employee,[\unasked],Analyst,6-10,USD - United States Dollar,"$80,000 - $99,999",[^not answered],Similar,United States,1,[^not chosen],[^not chosen],[^not chosen],[^not chosen],[^not chosen],[^not chosen],Workforce Development,100–499 employees,Yes,No,Master’s (or similar graduate degree),Man
MPOM,Employee,[\unasked],Analyst,1-5,GBP - United Kingdom Pound,"$20,000 - $39,999",[^not answered],Somewhat lower,United Kingdom,1,[^not chosen],x,[^not chosen],[^not chosen],[^not chosen],[^not chosen],[^not chosen],20–99 employees,Yes,No,"Doctoral degree (e.g., PhD, EdD, PsyD)",Woman
rUZg,Freelance,[\unasked],Analyst,1-5,CZK - Czech Republic Koruna,[^not answered],[^not answered],[^not answered],Czech Republic (Czechia),1,x,[^not chosen],[^not chosen],[^not chosen],[^not chosen],[^not chosen],[^not chosen],"5,000+ employees",No,No,Master’s (or similar graduate degree),Woman
imeE,EmployeeAND,[\unasked],"Leadership (Manager, Director, VP, etc.)",1-5,ZAR - South Africa Rand,"$40,000 - $59,999",I am not compensated on an hourly or project basis,Similar,South Africa,1,[^not chosen],x,[^not chosen],[^not chosen],[^not chosen],[^not chosen],[^not chosen],"1,000–4,999 employees",No,Yes,Some college,Man
ZkPO,Employee,[\unasked],Analyst,6-10,USD - United States Dollar,"$100,000 - $119,999",[^not answered],Somewhat lower,United States,1,[^not chosen],[^not chosen],[^not chosen],[^not chosen],[^not chosen],x,[^not chosen],Don’t know,No,Yes,Master’s (or similar graduate degree),Man
QvEW,Employee,[\unasked],Analyst,1-5,USD - United States Dollar,"$60,000 - $79,999",$30 - $44,Similar,United States,1,[^not chosen],[^not chosen],[^not chosen],[^not chosen],x,[^not chosen],[^not chosen],"5,000+ employees",No,No,Bachelor’s degree,Woman
titb,Employee,[\unasked],Analyst,1-5,USD - United States Dollar,"$80,000 - $99,999",[^not answered],Similar,United States,1,[^not chosen],[^not chosen],[^not chosen],[^not chosen],[^not chosen],x,[^not chosen],20–99 employees,Yes,No,Master’s (or similar graduate degree),Woman
LvJO,Employee,[\unasked],Analyst,6-10,USD - United States Dollar,"$60,000 - $79,999",I am not compensated on an hourly or project basis,Somewhat lower,United States,1,[^not chosen],[^not chosen],[^not chosen],[^not chosen],[^not chosen],[^not chosen],Education,500–999 employees,No,No,Master’s (or similar graduate degree),Self-described or Prefer not to say
PQKW,Freelance,[\unasked],"Leadership (Manager, Director, VP, etc.)",1-5,USD - United States Dollar,"$120,000 - $139,999",[^not answered],Similar,United States,2,[^not chosen],[^not chosen],x,[^not chosen],[^not chosen],[^not chosen],city government,"1,000–4,999 employees",No,Yes,Master’s (or similar graduate degree),Woman
HNcp,Employee,[\unasked],None of these describes my role,11-15,USD - United States Dollar,"$60,000 - $79,999",I am not compensated on an hourly or project basis,[^not answered],United States,2,[^not chosen],[^not chosen],[^not chosen],[^not chosen],[^not chosen],x,Human Services,20–99 employees,No,No,Master’s (or similar graduate degree),Woman
XYxn,Employee,[\unasked],None of these describes my role,1-5,USD - United States Dollar,"$60,000 - $79,999",I am not compensated on an hourly or project basis,Similar,United States,1,[^not chosen],[^not chosen],[^not chosen],[^not chosen],[^not chosen],[^not chosen],Education,Fewer than 20 employees,No,No,"Doctoral degree (e.g., PhD, EdD, PsyD)",Woman
MbSU,Employee,[\unasked],None of these describes my role,6-10,USD - United States Dollar,"$60,000 - $79,999",[^not answered],Similar,United States,1,[^not chosen],[^not chosen],[^not chosen],[^not chosen],[^not chosen],[^not chosen],Education,100–499 employees,No,No,Master’s (or similar graduate degree),Woman
XBPR,Employee,[\unasked],"Leadership (Manager, Director, VP, etc.)",6-10,USD - United States Dollar,"$80,000 - $99,999",I am not compensated on an hourly or project basis,Somewhat lower,United States,1,[^not chosen],x,[^not chosen],[^not chosen],[^not chosen],[^not chosen],[^not chosen],100–499 employees,No,No,Master’s (or similar graduate degree),Woman
uBAU,Employee,[\unasked],Analyst,1-5,USD - United States Dollar,I am not compensated on a yearly basis,$15 - $29,Similar,United States,1,[^not chosen],[^not chosen],[^not chosen],[^not chosen],[^not chosen],x,[^not chosen],Fewer than 20 employees,Yes,No,Master’s (or similar graduate degree),Woman
SfEl,Employee,[\unasked],None of these describes my role,More than 30,USD - United States Dollar,"$80,000 - $99,999",[^not answered],Similar,United States,1,[^not chosen],[^not chosen],[^not chosen],[^not chosen],[^not chosen],[^not chosen],Public Health,20–99 employees,No,No,Master’s (or similar graduate degree),Woman
pBRT,EmployeeAND,[\unasked],None of these describes my role,6-10,USD - United States Dollar,[^not answered],[^not answered],Somewhat lower,United States,0,[^not chosen],[^not chosen],[^not chosen],[^not chosen],[^not chosen],[^not chosen],[^not chosen],Fewer than 20 employees,No,Yes,Some college,Self-described or Prefer not to say
MsPr,Employee,[\unasked],"Leadership (Manager, Director, VP, etc.)",1-5,USD - United States Dollar,"$120,000 - $139,999",I am not compensated on an hourly or project basis,Somewhat higher,United States,1,[^not chosen],[^not chosen],[^not chosen],[^not chosen],[^not chosen],[^not chosen],consumer packaged goods; nutraceuticals,100–499 employees,No,Yes,Bachelor’s degree,Woman
CoXa,EmployeeANDFreelanceAND,[\unasked],"Leadership (Manager, Director, VP, etc.)",1-5,USD - United States Dollar,[^not answered],[^not answered],Somewhat lower,United States,2,[^not chosen],x,[^not chosen],[^not chosen],[^not chosen],[^not chosen],education,100–499 employees,No,Yes,"Doctoral degree (e.g., PhD, EdD, PsyD)",Man
ugPp,Freelance,[\unasked],Analyst,6-10,USD - United States Dollar,"$60,000 - $79,999",[^not answered],Similar,United States,1,[^not chosen],[^not chosen],[^not chosen],[^not chosen],[^not chosen],[^not chosen],Library,100–499 employees,No,No,Master’s (or similar graduate degree),Man
FAwg,Freelance,[\unasked],Analyst,6-10,USD - United States Dollar,"$60,000 - $79,999",[^not answered],Similar,United States,1,[^not chosen],[^not chosen],[^not chosen],[^not chosen],[^not chosen],[^not chosen],Education,100–499 employees,Yes,No,Master’s (or similar graduate degree),Self-described or Prefer not to say
lQhk,Freelance,[\unasked],Analyst,6-10,USD - United States Dollar,"$40,000 - $59,999",[^not answered],Similar,United States,1,[^not chosen],[^not chosen],[^not chosen],[^not chosen],[^not chosen],[^not chosen],Philanthropy,Fewer than 20 employees,Yes,No,Bachelor’s degree,Woman
ihtK,Employee,[\unasked],Analyst,11-15,USD - United States Dollar,"$60,000 - $79,999",I am not compensated on an hourly or project basis,Somewhat lower,United States,1,[^not chosen],[^not chosen],[^not chosen],[^not chosen],[^not chosen],[^not chosen],Criminal Justice,500–999 employees,No,No,"Doctoral degree (e.g., PhD, EdD, PsyD)",Woman
jYFd,EmployeeANDFreelance,[\unasked],"Leadership (Manager, Director, VP, etc.)",6-10,USD - United States Dollar,"$100,000 - $119,999",[^not answered],Similar,United States,1,x,[^not chosen],[^not chosen],[^not chosen],[^not chosen],[^not chosen],[^not chosen],"5,000+ employees",Yes,Yes,Master’s (or similar graduate degree),Woman
iMbx,Freelance,[\unasked],Analyst,6-10,USD - United States Dollar,"$100,000 - $119,999",[^not answered],Somewhat higher,United States,1,[^not chosen],x,[^not chosen],[^not chosen],[^not chosen],[^not chosen],[^not chosen],500–999 employees,Yes,No,Master’s (or similar graduate degree),Woman
aAnx,Freelance,[\unasked],Analyst,1-5,USD - United States Dollar,I am not compensated on a yearly basis,$30 - $44,Similar,United States,1,[^not chosen],x,[^not chosen],[^not chosen],[^not chosen],[^not chosen],[^not chosen],20–99 employees,Yes,No,Master’s (or similar graduate degree),Woman
eCqf,FreelanceAND,[\unasked],Analyst,6-10,USD - United States Dollar,"$80,000 - $99,999",I am not compensated on an hourly or project basis,Somewhat higher,United States,1,[^not chosen],[^not chosen],[^not chosen],[^not chosen],[^not chosen],x,[^not chosen],500–999 employees,No,No,"Doctoral degree (e.g., PhD, EdD, PsyD)",Woman
nkjB,Freelance,[\unasked],Analyst,6-10,USD - United States Dollar,"$60,000 - $79,999",I am not compensated on an hourly or project basis,Similar,United States,1,[^not chosen],[^not chosen],[^not chosen],[^not chosen],[^not chosen],[^not chosen],Social services,20–99 employees,Yes,No,Master’s (or similar graduate degree),Woman
qios,EmployeeANDFreelance,[\unasked],Analyst,1-5,USD - United States Dollar,"$100,000 - $119,999",[^not answered],Much lower,United States,1,[^not chosen],[^not chosen],[^not chosen],[^not chosen],[^not chosen],[^not chosen],social services; military services,"1,000–4,999 employees",No,Yes,"Doctoral degree (e.g., PhD, EdD, PsyD)",Woman
pPgD,Freelance,[\unasked],Analyst,11-15,GBP - United Kingdom Pound,"$100,000 - $119,999",[^not answered],Similar,United Kingdom,1,[^not chosen],[^not chosen],[^not chosen],[^not chosen],[^not chosen],[^not chosen],Transportation,"5,000+ employees",No,No,Bachelor’s degree,Man
dFSG,Hobbyist,[\unasked],Designer,1-5,GBP - United Kingdom Pound,"$60,000 - $79,999",I am not compensated on an hourly or project basis,Similar,United Kingdom,1,[^not chosen],x,[^not chosen],[^not chosen],[^not chosen],[^not chosen],[^not chosen],"1,000–4,999 employees",No,No,Bachelor’s degree,Woman
nonm,Employee,[\unasked],"Leadership (Manager, Director, VP, etc.)",11-15,USD - United States Dollar,[^not answered],[^not answered],Similar,United States,1,[^not chosen],x,[^not chosen],[^not chosen],[^not chosen],[^not chosen],[^not chosen],"5,000+ employees",No,No,"Doctoral degree (e.g., PhD, EdD, PsyD)",Man
OKkH,Employee,[\unasked],Analyst,16-20,USD - United States Dollar,"$60,000 - $79,999",[^not answered],Somewhat lower,United States,1,x,[^not chosen],[^not chosen],[^not chosen],[^not chosen],[^not chosen],[^not chosen],500–999 employees,No,Yes,Master’s (or similar graduate degree),Man
woiL,Employee,[\unasked],Designer,1-5,USD - United States Dollar,"$100,000 - $119,999",[^not answered],Somewhat higher,United States,1,[^not chosen],[^not chosen],[^not chosen],[^not chosen],[^not chosen],[^not chosen],Research,"1,000–4,999 employees",Yes,No,Master’s (or similar graduate degree),Woman
oSKI,Freelance,[\unasked],"Leadership (Manager, Director, VP, etc.)",1-5,HKD - Hong Kong Dollar,"$200,000 - $219,999",[^not answered],Somewhat higher,China,1,[^not chosen],[^not chosen],x,[^not chosen],[^not chosen],[^not chosen],[^not chosen],500–999 employees,No,No,Master’s (or similar graduate degree),Man
vmvj,Freelance,[\unasked],"Leadership (Manager, Director, VP, etc.)",1-5,MXN - Mexico Peso,"$40,000 - $59,999",I am not compensated on an hourly or project basis,Somewhat lower,Mexico,3,x,[^not chosen],x,[^not chosen],[^not chosen],x,[^not chosen],Fewer than 20 employees,No,No,"Doctoral degree (e.g., PhD, EdD, PsyD)",Man
hjft,Employee,[\unasked],Designer,6-10,USD - United States Dollar,"$40,000 - $59,999",I am not compensated on an hourly or project basis,Similar,United States,1,[^not chosen],[^not chosen],[^not chosen],[^not chosen],[^not chosen],x,[^not chosen],Fewer than 20 employees,Yes,No,Bachelor’s degree,Self-described or Prefer not to say
hmxt,EmployeeANDFreelance,[\unasked],Analyst,1-5,USD - United States Dollar,"$120,000 - $139,999",[^not answered],Somewhat higher,United States,1,[^not chosen],[^not chosen],[^not chosen],[^not chosen],[^not chosen],[^not chosen],Consumer Packaged Goods,"5,000+ employees",No,Yes,Master’s (or similar graduate degree),Woman
Shze,Employee,[\unasked],Designer,6-10,USD - United States Dollar,"$240,000 or more",I am not compensated on an hourly or project basis,Similar,United States,1,[^not chosen],x,[^not chosen],[^not chosen],[^not chosen],[^not chosen],[^not chosen],"1,000–4,999 employees",Yes,Yes,Bachelor’s degree,Man
sfpo,Employee,[\unasked],"Leadership (Manager, Director, VP, etc.)",6-10,USD - United States Dollar,"$120,000 - $139,999",I am not compensated on an hourly or project basis,Much higher,United States,1,[^not chosen],[^not chosen],[^not chosen],[^not chosen],[^not chosen],[^not chosen],Manufacturing,"5,000+ employees",No,No,Bachelor’s degree,Man
JDFT,Employee,[\unasked],Developer,1-5,USD - United States Dollar,"$120,000 - $139,999",[^not answered],Similar,United States,1,x,[^not chosen],[^not chosen],[^not chosen],[^not chosen],[^not chosen],[^not chosen],20–99 employees,No,No,Bachelor’s degree,Woman
iPaK,EmployeeAND,[\unasked],"Leadership (Manager, Director, VP, etc.)",1-5,USD - United States Dollar,"$160,000 - $179,999",I am not compensated on an hourly or project basis,Somewhat lower,United States,2,[^not chosen],x,x,[^not chosen],[^not chosen],[^not chosen],[^not chosen],"5,000+ employees",No,Yes,Bachelor’s degree,Man
SOJs,Freelance,[\unasked],"Leadership (Manager, Director, VP, etc.)",1-5,USD - United States Dollar,"$120,000 - $139,999",[^not answered],Somewhat higher,United States,1,[^not chosen],x,[^not chosen],[^not chosen],[^not chosen],[^not chosen],[^not chosen],"5,000+ employees",No,No,Master’s (or similar graduate degree),Woman
gJgh,FreelanceAND,[\unasked],Analyst,1-5,USD - United States Dollar,"$80,000 - $99,999",I am not compensated on an hourly or project basis,Similar,United States,1,[^not chosen],[^not chosen],[^not chosen],[^not chosen],[^not chosen],[^not chosen],Higher Education,"5,000+ employees",Yes,No,[^not answered],[^not answered]
dATt,Employee,[\unasked],Developer,6-10,USD - United States Dollar,"$180,000 - $199,999",[^not answered],Similar,United States,1,x,[^not chosen],[^not chosen],[^not chosen],[^not chosen],[^not chosen],[^not chosen],Fewer than 20 employees,No,Yes,Master’s (or similar graduate degree),Woman
kDUF,Employee,[\unasked],Designer,1-5,CAD - Canada Dollar,"$40,000 - $59,999",$125 - $149,Somewhat higher,Canada,1,[^not chosen],[^not chosen],[^not chosen],[^not chosen],[^not chosen],x,[^not chosen],500–999 employees,No,No,Technical school,Woman
Wsxs,EmployeeAND,[\unasked],Analyst,6-10,USD - United States Dollar,"$180,000 - $199,999",$75 - $99,Similar,United States,1,[^not chosen],[^not chosen],x,[^not chosen],[^not chosen],[^not chosen],[^not chosen],"5,000+ employees",Yes,Yes,Master’s (or similar graduate degree),Man
ixHv,Employee,[\unasked],Designer,1-5,USD - United States Dollar,"$140,000 - $159,999",[^not answered],Somewhat higher,United States,1,[^not chosen],[^not chosen],x,[^not chosen],[^not chosen],[^not chosen],[^not chosen],"1,000–4,999 employees",No,No,Bachelor’s degree,Woman
hVcy,Employee,[\unasked],Scientist,1-5,USD - United States Dollar,"$120,000 - $139,999",[^not answered],Somewhat higher,United States,1,[^not chosen],[^not chosen],[^not chosen],[^not chosen],[^not chosen],x,[^not chosen],100–499 employees,No,No,Master’s (or similar graduate degree),Woman
oxUR,Employee,[\unasked],Analyst,1-5,USD - United States Dollar,"$100,000 - $119,999",$100 - $124,Similar,United States,1,[^not chosen],x,[^not chosen],[^not chosen],[^not chosen],[^not chosen],[^not chosen],"5,000+ employees",No,No,Master’s (or similar graduate degree),Woman
rjFL,EmployeeAND,[\unasked],None of these describes my role,1-5,CAD - Canada Dollar,"$60,000 - $79,999",[^not answered],Similar,Canada,1,[^not chosen],x,[^not chosen],[^not chosen],[^not chosen],[^not chosen],[^not chosen],Fewer than 20 employees,No,No,Master’s (or similar graduate degree),Woman
wJXF,EmployeeAND,[\unasked],Designer,6-10,USD - United States Dollar,I am not compensated on a yearly basis,$45 - $59,Somewhat lower,United States,1,[^not chosen],[^not chosen],[^not chosen],[^not chosen],[^not chosen],[^not chosen],Automotive,"5,000+ employees",No,No,Bachelor’s degree,Man
UFxV,Employee,[\unasked],"Leadership (Manager, Director, VP, etc.)",6-10,USD - United States Dollar,"$220,000 - $239,999",I am not compensated on an hourly or project basis,Similar,United States,2,[^not chosen],[^not chosen],x,[^not chosen],[^not chosen],[^not chosen],Research,"1,000–4,999 employees",No,No,"Doctoral degree (e.g., PhD, EdD, PsyD)",Man
qdLs,Employee,[\unasked],"Leadership (Manager, Director, VP, etc.)",1-5,[^not answered],"$180,000 - $199,999",$60 - $74,Somewhat higher,United States,2,[^not chosen],[^not chosen],x,[^not chosen],[^not chosen],[^not chosen],Restaurants,"5,000+ employees",Yes,No,Master’s (or similar graduate degree),Woman
LFOW,EmployeeAND,[\unasked],"Leadership (Manager, Director, VP, etc.)",6-10,USD - United States Dollar,"$220,000 - $239,999",[^not answered],Somewhat higher,United States,3,x,x,x,[^not chosen],[^not chosen],[^not chosen],[^not chosen],Fewer than 20 employees,No,No,Master’s (or similar graduate degree),Man
JtEA,Employee,[\unasked],Engineer,1-5,USD - United States Dollar,"$200,000 - $219,999",[^not answered],Somewhat higher,United States,1,[^not chosen],[^not chosen],[^not chosen],[^not chosen],[^not chosen],[^not chosen],scientific research,500–999 employees,No,No,"Doctoral degree (e.g., PhD, EdD, PsyD)",Man
AtBS,Employee,[\unasked],Analyst,1-5,USD - United States Dollar,"$100,000 - $119,999",I am not compensated on an hourly or project basis,Similar,United States,1,[^not chosen],[^not chosen],[^not chosen],[^not chosen],x,[^not chosen],[^not chosen],"1,000–4,999 employees",No,Yes,Master’s (or similar graduate degree),Man
ftwW,Employee,[\unasked],Analyst,6-10,USD - United States Dollar,"$120,000 - $139,999",[^not answered],Similar,United States,1,[^not chosen],[^not chosen],x,[^not chosen],[^not chosen],[^not chosen],[^not chosen],"1,000–4,999 employees",Yes,Yes,Master’s (or similar graduate degree),Woman
ogTa,Employee,[\unasked],Designer,6-10,USD - United States Dollar,"$100,000 - $119,999",I am not compensated on an hourly or project basis,Somewhat higher,United States,1,[^not chosen],[^not chosen],[^not chosen],[^not chosen],[^not chosen],x,[^not chosen],"5,000+ employees",No,No,Bachelor’s degree,Woman
FPWJ,Employee,[\unasked],Developer,1-5,GBP - United Kingdom Pound,"$20,000 - $39,999",[^not answered],Somewhat lower,United Kingdom,1,[^not chosen],[^not chosen],[^not chosen],[^not chosen],[^not chosen],[^not chosen],Statistics,"5,000+ employees",No,Yes,Master’s (or similar graduate degree),Woman
GoEF,Employee,[\unasked],None of these describes my role,6-10,GBP - United Kingdom Pound,"$80,000 - $99,999",I am not compensated on an hourly or project basis,Somewhat higher,United Kingdom,1,[^not chosen],[^not chosen],[^not chosen],[^not chosen],[^not chosen],[^not chosen],Real estate,"5,000+ employees",No,Yes,Bachelor’s degree,Man
XDRK,Employee,[\unasked],Developer,6-10,PLN - Poland Zloty,[^not answered],[^not answered],Similar,Poland,1,[^not chosen],[^not chosen],[^not chosen],[^not chosen],[^not chosen],[^not chosen],Mobile Games,20–99 employees,No,Yes,"Doctoral degree (e.g., PhD, EdD, PsyD)",Woman
dqqW,Employee,[\unasked],"Leadership (Manager, Director, VP, etc.)",6-10,USD - United States Dollar,"$100,000 - $119,999",I am not compensated on an hourly or project basis,Somewhat lower,United States,1,[^not chosen],x,[^not chosen],[^not chosen],[^not chosen],[^not chosen],[^not chosen],"1,000–4,999 employees",No,No,Bachelor’s degree,Woman
RkBq,Employee,[\unasked],Analyst,11-15,GBP - United Kingdom Pound,"$40,000 - $59,999",[^not answered],Similar,United Kingdom,1,[^not chosen],x,[^not chosen],[^not chosen],[^not chosen],[^not chosen],[^not chosen],100–499 employees,Yes,No,Bachelor’s degree,Woman
biyH,Freelance,[\unasked],Analyst,16-20,USD - United States Dollar,"$80,000 - $99,999",[^not answered],Somewhat lower,United States,0,[^not chosen],[^not chosen],[^not chosen],[^not chosen],[^not chosen],[^not chosen],[^not chosen],"1,000–4,999 employees",No,Yes,"Doctoral degree (e.g., PhD, EdD, PsyD)",Man
llWP,Employee,[\unasked],Analyst,16-20,USD - United States Dollar,"$100,000 - $119,999",[^not answered],Similar,United States,1,[^not chosen],[^not chosen],[^not chosen],[^not chosen],[^not chosen],[^not chosen],Higher Education,"5,000+ employees",No,Yes,Master’s (or similar graduate degree),Man
rHLY,Employee,[\unasked],Engineer,6-10,USD - United States Dollar,"$160,000 - $179,999",I am not compensated on an hourly or project basis,Somewhat higher,United States,1,[^not chosen],[^not chosen],x,[^not chosen],[^not chosen],[^not chosen],[^not chosen],"1,000–4,999 employees",No,Yes,Bachelor’s degree,Woman
CgDM,EmployeeAND,[\unasked],Analyst,6-10,GBP - United Kingdom Pound,"$20,000 - $39,999",[^not answered],Much lower,United Kingdom,1,[^not chosen],[^not chosen],[^not chosen],[^not chosen],[^not chosen],[^not chosen],Publishing,"5,000+ employees",No,No,Master’s (or similar graduate degree),Self-described or Prefer not to say
OYBX,EmployeeAND,[\unasked],Analyst,1-5,USD - United States Dollar,"$100,000 - $119,999",I am not compensated on an hourly or project basis,Similar,United States,1,[^not chosen],[^not chosen],x,[^not chosen],[^not chosen],[^not chosen],[^not chosen],"5,000+ employees",No,No,Master’s (or similar graduate degree),Woman
Xvst,Freelance,[\unasked],Analyst,6-10,GBP - United Kingdom Pound,"$40,000 - $59,999",I am not compensated on an hourly or project basis,Somewhat lower,United Kingdom,3,x,x,[^not chosen],[^not chosen],[^not chosen],[^not chosen],Retail,100–499 employees,No,No,Bachelor’s degree,Man
GSWG,Freelance,[\unasked],Scientist,1-5,USD - United States Dollar,"$160,000 - $179,999",I am not compensated on an hourly or project basis,Similar,United States,1,[^not chosen],[^not chosen],[^not chosen],[^not chosen],[^not chosen],[^not chosen],Energy,"5,000+ employees",No,No,"Doctoral degree (e.g., PhD, EdD, PsyD)",Man
wnHu,Student,[\unasked],Analyst,1-5,USD - United States Dollar,"$120,000 - $139,999",[^not answered],Somewhat higher,United States,1,[^not chosen],[^not chosen],x,[^not chosen],[^not chosen],[^not chosen],[^not chosen],"5,000+ employees",No,No,Master’s (or similar graduate degree),Woman
zTBo,EmployeeANDFreelanceAND,[\unasked],Developer,1-5,USD - United States Dollar,[^not answered],[^not answered],Similar,United States,1,[^not chosen],x,[^not chosen],[^not chosen],[^not chosen],[^not chosen],[^not chosen],"1,000–4,999 employees",No,No,Master’s (or similar graduate degree),Man
Zapi,Employee,[\unasked],Scientist,6-10,[^not answered],"$100,000 - $119,999",[^not answered],Similar,Switzerland,0,[^not chosen],[^not chosen],[^not chosen],[^not chosen],[^not chosen],[^not chosen],,Fewer than 20 employees,Yes,No,Master’s (or similar graduate degree),Man
IwjJ,EmployeeAND,[\unasked],None of these describes my role,6-10,USD - United States Dollar,"$240,000 or more",$300 or more,Much higher,United States,5,x,x,x,[^not chosen],x,x,[^not chosen],100–499 employees,Yes,No,[\unfinished],[\unfinished]
pwqy,Employee,[\unasked],Developer,6-10,USD - United States Dollar,"$80,000 - $99,999",I am not compensated on an hourly or project basis,Somewhat lower,United States,1,[^not chosen],[^not chosen],[^not chosen],[^not chosen],[^not chosen],[^not chosen],manufacturing,"5,000+ employees",No,Yes,Bachelor’s degree,Man
wRlz,Employee,[\unasked],Analyst,1-5,EUR - Euro Member Countries,"$60,000 - $79,999",[^not answered],Similar,Netherlands,1,[^not chosen],[^not chosen],[^not chosen],[^not chosen],[^not chosen],[^not chosen],Forwarding (Logistics),"5,000+ employees",Yes,No,Master’s (or similar graduate degree),Man
iYUc,Employee,[\unasked],Engineer,6-10,EUR - Euro Member Countries,"$60,000 - $79,999",[^not answered],Somewhat higher,Italy,1,[^not chosen],[^not chosen],x,[^not chosen],[^not chosen],[^not chosen],[^not chosen],"1,000–4,999 employees",No,No,Some college,Woman
RDAj,EmployeeANDFreelance,[\unasked],None of these describes my role,1-5,EUR - Euro Member Countries,"$100,000 - $119,999",[^not answered],Much higher,Germany,1,[^not chosen],[^not chosen],x,[^not chosen],[^not chosen],[^not chosen],[^not chosen],500–999 employees,No,No,Master’s (or similar graduate degree),Man
xsLz,Employee,[\unasked],Scientist,6-10,[^not answered],[^not answered],[^not answered],[^not answered],Norway,1,[^not chosen],[^not chosen],[^not chosen],[^not chosen],[^not chosen],[^not chosen],Research,100–499 employees,No,No,"Doctoral degree (e.g., PhD, EdD, PsyD)",Man
WsVn,Employee,[\unasked],Analyst,1-5,EUR - Euro Member Countries,I am not compensated on a yearly basis,$60 - $74,Somewhat higher,Romania,1,x,[^not chosen],[^not chosen],[^not chosen],[^not chosen],[^not chosen],[^not chosen],"1,000–4,999 employees",No,No,Master’s (or similar graduate degree),Man
krNM,Employee,[\unasked],Analyst,1-5,EUR - Euro Member Countries,"$40,000 - $59,999",[^not answered],Similar,France,1,[^not chosen],[^not chosen],x,[^not chosen],[^not chosen],[^not chosen],[^not chosen],Fewer than 20 employees,Yes,No,Master’s (or similar graduate degree),Woman
kqYT,Skipped question,[\unasked],Designer,1-5,CHF - Switzerland Franc,"$80,000 - $99,999",$150 - $174,Somewhat higher,Switzerland,3,[^not chosen],[^not chosen],x,[^not chosen],x,x,[^not chosen],Fewer than 20 employees,No,No,Master’s (or similar graduate degree),Woman
owIE,Employee,[\unasked],"Leadership (Manager, Director, VP, etc.)",1-5,INR - India Rupee,"$40,000 - $59,999",I am not compensated on an hourly or project basis,Somewhat higher,India,1,x,[^not chosen],[^not chosen],[^not chosen],[^not chosen],[^not chosen],[^not chosen],"5,000+ employees",No,Yes,Bachelor’s degree,Woman
wIdk,Employee,[\unasked],"Leadership (Manager, Director, VP, etc.)",1,CHF - Switzerland Franc,I am not compensated on a yearly basis,$150 - $174,Somewhat lower,Switzerland,1,[^not chosen],[^not chosen],x,[^not chosen],[^not chosen],[^not chosen],[^not chosen],Fewer than 20 employees,No,No,Master’s (or similar graduate degree),Man
WbpH,Employee,[\unasked],Analyst,1-5,DKK - Denmark Krone,"$80,000 - $99,999",[^not answered],Similar,Denmark,1,[^not chosen],[^not chosen],x,[^not chosen],[^not chosen],[^not chosen],[^not chosen],20–99 employees,No,No,Master’s (or similar graduate degree),Woman
kCVw,Employee,[\unasked],"Leadership (Manager, Director, VP, etc.)",1-5,INR - India Rupee,"Less than $10,000",[^not answered],Somewhat higher,India,1,[^not chosen],[^not chosen],x,[^not chosen],[^not chosen],[^not chosen],[^not chosen],"1,000–4,999 employees",No,No,Bachelor’s degree,Man
GumB,Employee,None of these describes my role,Analyst,6-10,USD - United States Dollar,[^not answered],$200 - $224,[^not answered],United States,2,[^not chosen],[^not chosen],x,[^not chosen],[^not chosen],x,[^not chosen],Fewer than 20 employees,No,No,Bachelor’s degree,Man
EOwD,Employee,[\unasked],Developer,6-10,USD - United States Dollar,"$60,000 - $79,999",[^not answered],Similar,United States,1,[^not chosen],[^not chosen],[^not chosen],[^not chosen],[^not chosen],[^not chosen],Cooperative Extension,20–99 employees,No,No,Master’s (or similar graduate degree),Woman
kcuI,Academic,[\unasked],Analyst,6-10,AUD - Australia Dollar,"$60,000 - $79,999",I am not compensated on an hourly or project basis,Somewhat lower,Australia,1,[^not chosen],[^not chosen],[^not chosen],[^not chosen],[^not chosen],[^not chosen],Arts and Cultural,Fewer than 20 employees,No,Yes,"Doctoral degree (e.g., PhD, EdD, PsyD)",Man
lMXa,Employee,[\unasked],Developer,1-5,USD - United States Dollar,"$80,000 - $99,999",[^not answered],Somewhat lower,United States,1,[^not chosen],[^not chosen],[^not chosen],[^not chosen],[^not chosen],x,[^not chosen],"1,000–4,999 employees",No,No,Bachelor’s degree,Woman
nece,Employee,[\unasked],Scientist,6-10,USD - United States Dollar,"$140,000 - $159,999",I am not compensated on an hourly or project basis,Similar,United States,1,[^not chosen],[^not chosen],[^not chosen],[^not chosen],[^not chosen],[^not chosen],Software; Digital coaching,500–999 employees,No,Yes,"Doctoral degree (e.g., PhD, EdD, PsyD)",Woman
wkPG,FreelanceAND,[\unasked],Designer,6-10,USD - United States Dollar,[^not answered],$60 - $74,Somewhat higher,United States,1,[^not chosen],[^not chosen],x,[^not chosen],[^not chosen],[^not chosen],[^not chosen],"1,000–4,999 employees",Yes,No,Master’s (or similar graduate degree),Woman
giAy,EmployeeANDFreelance,[\unasked],"Leadership (Manager, Director, VP, etc.)",6-10,USD - United States Dollar,"$120,000 - $139,999",[^not answered],Somewhat higher,United States,0,[^not chosen],[^not chosen],[^not chosen],[^not chosen],[^not chosen],[^not chosen],[^not chosen],100–499 employees,No,No,Master’s (or similar graduate degree),Woman
NuJq,Employee,[\unasked],Engineer,1-5,EUR - Euro Member Countries,"$60,000 - $79,999",[^not answered],Similar,Austria,3,[^not chosen],x,x,[^not chosen],[^not chosen],x,[^not chosen],100–499 employees,No,No,"Doctoral degree (e.g., PhD, EdD, PsyD)",Man
WnXq,Employee,[\unasked],None of these describes my role,1-5,GBP - United Kingdom Pound,"$60,000 - $79,999",I am not compensated on an hourly or project basis,Similar,United Kingdom,1,[^not chosen],[^not chosen],[^not chosen],[^not chosen],[^not chosen],x,[^not chosen],"1,000–4,999 employees",Yes,No,Bachelor’s degree,Woman
Oeno,Employee,[\unasked],"Leadership (Manager, Director, VP, etc.)",1-5,USD - United States Dollar,"$100,000 - $119,999",[^not answered],Somewhat lower,United States,1,[^not chosen],[^not chosen],[^not chosen],[^not chosen],[^not chosen],x,[^not chosen],100–499 employees,No,No,Bachelor’s degree,Man
nerq,Employee,[\unasked],Analyst,1-5,USD - United States Dollar,"$80,000 - $99,999",I am not compensated on an hourly or project basis,Somewhat lower,United States,1,[^not chosen],x,[^not chosen],[^not chosen],[^not chosen],[^not chosen],[^not chosen],100–499 employees,Yes,No,Master’s (or similar graduate degree),Woman
VFMj,Employee,[\unasked],None of these describes my role,1-5,USD - United States Dollar,"Less than $10,000",[^not answered],Much lower,India,1,[^not chosen],[^not chosen],[^not chosen],[^not chosen],[^not chosen],x,[^not chosen],20–99 employees,No,Yes,Bachelor’s degree,Man
sgqx,Freelance,Analyst,Scientist,6-10,USD - United States Dollar,"$60,000 - $79,999",$45 - $59,Somewhat lower,United States,1,[^not chosen],[^not chosen],[^not chosen],[^not chosen],[^not chosen],x,[^not chosen],"1,000–4,999 employees",No,Yes,Master’s (or similar graduate degree),Man
KbPk,EmployeeAND,[\unasked],Analyst,6-10,USD - United States Dollar,"$80,000 - $99,999",[^not answered],Similar,United States,1,[^not chosen],x,[^not chosen],[^not chosen],[^not chosen],[^not chosen],[^not chosen],"1,000–4,999 employees",No,Yes,Master’s (or similar graduate degree),Woman
PJmu,Freelance,[\unasked],Analyst,6-10,GBP - United Kingdom Pound,"$80,000 - $99,999",[^not answered],Somewhat higher,United Kingdom,1,[^not chosen],[^not chosen],[^not chosen],[^not chosen],[^not chosen],[^not chosen],Travel/Tourism,"5,000+ employees",No,No,Master’s (or similar graduate degree),Woman
rdPq,Freelance,[\unasked],None of these describes my role,6-10,EUR - Euro Member Countries,"$60,000 - $79,999",[^not answered],Similar,Netherlands,1,[^not chosen],[^not chosen],x,[^not chosen],[^not chosen],[^not chosen],[^not chosen],"1,000–4,999 employees",No,No,Bachelor’s degree,Woman
GCZR,EmployeeAND,Analyst,None of these describes my role,1-5,EUR - Euro Member Countries,[^not answered],[^not answered],Somewhat higher,Germany,1,[^not chosen],[^not chosen],x,[^not chosen],[^not chosen],[^not chosen],[^not chosen],"1,000–4,999 employees",No,Yes,Master’s (or similar graduate degree),Man
pHlz,Freelance,[\unasked],Developer,1-5,INR - India Rupee,"$10,000 - $19,999",I am not compensated on an hourly or project basis,Much lower,India,1,[^not chosen],x,[^not chosen],[^not chosen],[^not chosen],[^not chosen],[^not chosen],"5,000+ employees",No,Yes,Bachelor’s degree,Woman
sqwJ,Employee,[\unasked],Analyst,1-5,USD - United States Dollar,"$140,000 - $159,999",I am not compensated on an hourly or project basis,Similar,United States,0,[^not chosen],[^not chosen],[^not chosen],[^not chosen],[^not chosen],[^not chosen],[^not chosen],"5,000+ employees",Yes,No,Master’s (or similar graduate degree),Man
rDUf,Freelance,[\unasked],Designer,1-5,USD - United States Dollar,"$140,000 - $159,999",I am not compensated on an hourly or project basis,Somewhat higher,United States,1,[^not chosen],x,[^not chosen],[^not chosen],[^not chosen],[^not chosen],[^not chosen],"5,000+ employees",No,No,Bachelor’s degree,Woman
EfOA,Employee,[\unasked],Analyst,6-10,EUR - Euro Member Countries,"$60,000 - $79,999",I am not compensated on an hourly or project basis,Similar,Austria,1,[^not chosen],x,[^not chosen],[^not chosen],[^not chosen],[^not chosen],[^not chosen],20–99 employees,Yes,Yes,Master’s (or similar graduate degree),Woman
Pvrf,EmployeeANDFreelance,[\unasked],"Leadership (Manager, Director, VP, etc.)",6-10,USD - United States Dollar,"$80,000 - $99,999",[^not answered],Similar,United States,1,[^not chosen],[^not chosen],[^not chosen],[^not chosen],[^not chosen],[^not chosen],public policy,100–499 employees,No,Yes,High school diploma,Self-described or Prefer not to say
OGGv,Freelance,[\unasked],"Leadership (Manager, Director, VP, etc.)",11-15,USD - United States Dollar,"$140,000 - $159,999",I am not compensated on an hourly or project basis,Much higher,United States,1,[^not chosen],[^not chosen],[^not chosen],[^not chosen],x,[^not chosen],[^not chosen],"5,000+ employees",No,Yes,Master’s (or similar graduate degree),Man
QTiT,FreelanceAND,[\unasked],Developer,11-15,SEK - Sweden Krona,"$60,000 - $79,999",[^not answered],Somewhat lower,Sweden,0,[^not chosen],[^not chosen],[^not chosen],[^not chosen],[^not chosen],[^not chosen],[^not chosen],Fewer than 20 employees,No,No,Master’s (or similar graduate degree),Man
MZWy,Employee,[\unasked],Designer,1-5,USD - United States Dollar,"$120,000 - $139,999",[^not answered],Somewhat lower,United States,1,[^not chosen],[^not chosen],[^not chosen],[^not chosen],[^not chosen],x,[^not chosen],100–499 employees,No,Yes,Bachelor’s degree,Man
WIhz,EmployeeANDFreelanceAND,[\unasked],Designer,6-10,USD - United States Dollar,"$40,000 - $59,999",[^not answered],Somewhat lower,United States,1,[^not chosen],x,[^not chosen],[^not chosen],[^not chosen],[^not chosen],[^not chosen],"1,000–4,999 employees",No,Yes,Bachelor’s degree,Woman
qWlF,Employee,Analyst,Analyst,6-10,USD - United States Dollar,"$80,000 - $99,999",[^not answered],Similar,United States,1,[^not chosen],x,[^not chosen],[^not chosen],[^not chosen],[^not chosen],[^not chosen],100–499 employees,No,Yes,Bachelor’s degree,Woman
jKzC,EmployeeANDFreelance,[\unasked],Engineer,1-5,USD - United States Dollar,"$240,000 or more",I am not compensated on an hourly or project basis,Much higher,United States,1,[^not chosen],[^not chosen],[^not chosen],[^not chosen],[^not chosen],[^not chosen],Entertainment,"5,000+ employees",No,No,Master’s (or similar graduate degree),Man
fNdo,Employee,[\unasked],"Leadership (Manager, Director, VP, etc.)",1-5,USD - United States Dollar,"$220,000 - $239,999",[^not answered],Somewhat higher,United States,1,[^not chosen],[^not chosen],[^not chosen],[^not chosen],[^not chosen],x,[^not chosen],"5,000+ employees",No,Yes,Master’s (or similar graduate degree),Man
IUrc,Employee,[\unasked],Developer,1-5,USD - United States Dollar,"$100,000 - $119,999",I am not compensated on an hourly or project basis,Similar,United States,1,[^not chosen],x,[^not chosen],[^not chosen],[^not chosen],[^not chosen],[^not chosen],"5,000+ employees",No,No,Master’s (or similar graduate degree),Woman
sNjK,EmployeeANDFreelance,[\unasked],Analyst,6-10,USD - United States Dollar,"$80,000 - $99,999",[^not answered],Similar,United States,2,[^not chosen],[^not chosen],x,[^not chosen],[^not chosen],[^not chosen],"Aerospace, Geospatial","1,000–4,999 employees",No,Yes,Master’s (or similar graduate degree),Woman
YbJO,Employee,[\unasked],Analyst,6-10,USD - United States Dollar,"$120,000 - $139,999",I am not compensated on an hourly or project basis,Somewhat higher,United States,1,[^not chosen],[^not chosen],[^not chosen],[^not chosen],[^not chosen],[^not chosen],Auditing,100–499 employees,No,Yes,Master’s (or similar graduate degree),Man
oguK,Employee,[\unasked],Developer,6-10,USD - United States Dollar,"$80,000 - $99,999",I am not compensated on an hourly or project basis,Somewhat lower,United States,1,[^not chosen],[^not chosen],[^not chosen],[^not chosen],[^not chosen],[^not chosen],Commercial real estate,"5,000+ employees",No,No,Bachelor’s degree,Woman
CFtq,Freelance,[\unasked],Developer,11-15,CRC - Costa Rica Colon,"$40,000 - $59,999",[^not answered],Somewhat higher,Costa Rica,1,[^not chosen],x,[^not chosen],[^not chosen],[^not chosen],[^not chosen],[^not chosen],"5,000+ employees",Yes,No,Master’s (or similar graduate degree),Woman
BCUw,Employee,[\unasked],"Leadership (Manager, Director, VP, etc.)",1-5,USD - United States Dollar,"$220,000 - $239,999",[^not answered],Similar,United States,2,x,[^not chosen],[^not chosen],[^not chosen],[^not chosen],[^not chosen],Insurance,500–999 employees,No,No,"Doctoral degree (e.g., PhD, EdD, PsyD)",Man
OwGV,Freelance,[\unasked],"Leadership (Manager, Director, VP, etc.)",1-5,USD - United States Dollar,"$80,000 - $99,999",I am not compensated on an hourly or project basis,Similar,United States,1,[^not chosen],[^not chosen],[^not chosen],[^not chosen],[^not chosen],[^not chosen],Education,20–99 employees,No,Yes,"Doctoral degree (e.g., PhD, EdD, PsyD)",Woman
EFIn,Employee,[\unasked],Analyst,6-10,USD - United States Dollar,"$100,000 - $119,999",[^not answered],Similar,United States,2,[^not chosen],[^not chosen],[^not chosen],[^not chosen],x,x,[^not chosen],100–499 employees,No,No,Master’s (or similar graduate degree),Man
sgJo,Employee,Designer,Cartographer,1-5,EUR - Euro Member Countries,"$80,000 - $99,999",$125 - $149,Somewhat higher,Belgium,1,[^not chosen],[^not chosen],[^not chosen],[^not chosen],[^not chosen],[^not chosen],Government,20–99 employees,No,No,Master’s (or similar graduate degree),Man
bSru,Freelance,[\unasked],Analyst,1-5,EUR - Euro Member Countries,"$60,000 - $79,999",[^not answered],Similar,Germany,1,[^not chosen],[^not chosen],[^not chosen],[^not chosen],[^not chosen],[^not chosen],Energy,20–99 employees,Yes,Yes,"Doctoral degree (e.g., PhD, EdD, PsyD)",Man
Gsjs,EmployeeAND,[\unasked],Designer,6-10,GBP - United Kingdom Pound,"$80,000 - $99,999",I am not compensated on an hourly or project basis,Somewhat higher,United Kingdom,3,[^not chosen],x,x,[^not chosen],[^not chosen],x,[^not chosen],100–499 employees,Yes,No,Master’s (or similar graduate degree),Man
uCcq,Employee,[\unasked],"Leadership (Manager, Director, VP, etc.)",1-5,USD - United States Dollar,"$180,000 - $199,999",I am not compensated on an hourly or project basis,Similar,United States,1,[^not chosen],[^not chosen],[^not chosen],[^not chosen],[^not chosen],[^not chosen],Manufacturing,"5,000+ employees",No,No,Master’s (or similar graduate degree),Man
gKrq,Employee,[\unasked],Developer,6-10,USD - United States Dollar,"$60,000 - $79,999",[^not answered],Somewhat lower,United States,1,[^not chosen],[^not chosen],[^not chosen],[^not chosen],x,[^not chosen],[^not chosen],20–99 employees,Yes,Yes,Bachelor’s degree,Woman
vNjt,Freelance,[\unasked],Designer,6-10,USD - United States Dollar,I am not compensated on a yearly basis,I am not compensated on an hourly or project basis,Similar,Costa Rica,1,[^not chosen],[^not chosen],x,[^not chosen],[^not chosen],[^not chosen],[^not chosen],Don’t know,Yes,No,Bachelor’s degree,Woman
ElRI,Freelance,[\unasked],Analyst,1-5,CAD - Canada Dollar,"$60,000 - $79,999",[^not answered],Similar,Canada,1,[^not chosen],x,[^not chosen],[^not chosen],[^not chosen],[^not chosen],[^not chosen],100–499 employees,Yes,No,Bachelor’s degree,Man
neTN,Employee,[\unasked],Developer,6-10,USD - United States Dollar,"$200,000 - $219,999",I am not compensated on an hourly or project basis,Similar,United States,1,[^not chosen],[^not chosen],x,[^not chosen],[^not chosen],[^not chosen],[^not chosen],"5,000+ employees",No,No,Master’s (or similar graduate degree),Woman
owYh,Freelance,[\unasked],Developer,11-15,USD - United States Dollar,I am not compensated on a yearly basis,$45 - $59,[^not answered],United States,2,[^not chosen],[^not chosen],x,[^not chosen],[^not chosen],x,[^not chosen],Fewer than 20 employees,No,No,Master’s (or similar graduate degree),Woman
eABg,Employee,[\unasked],"Leadership (Manager, Director, VP, etc.)",1-5,GBP - United Kingdom Pound,"$80,000 - $99,999",I am not compensated on an hourly or project basis,Similar,United Kingdom,1,[^not chosen],[^not chosen],[^not chosen],[^not chosen],[^not chosen],x,[^not chosen],20–99 employees,Yes,No,Master’s (or similar graduate degree),Man
CYdd,Employee,None of these describes my role,Analyst,1-5,USD - United States Dollar,"$80,000 - $99,999",$75 - $99,Somewhat higher,United States,3,[^not chosen],[^not chosen],x,[^not chosen],[^not chosen],x,Education; Scientific Research,"5,000+ employees",No,No,"Doctoral degree (e.g., PhD, EdD, PsyD)",Woman
IRaw,Employee,[\unasked],None of these describes my role,6-10,AUD - Australia Dollar,"$60,000 - $79,999",I am not compensated on an hourly or project basis,Similar,Australia,1,[^not chosen],[^not chosen],[^not chosen],[^not chosen],[^not chosen],x,[^not chosen],Fewer than 20 employees,Yes,No,Master’s (or similar graduate degree),Woman
ugQD,Employee,[\unasked],Developer,6-10,USD - United States Dollar,"$100,000 - $119,999",[^not answered],Similar,United States,2,[^not chosen],[^not chosen],x,[^not chosen],[^not chosen],x,[^not chosen],"5,000+ employees",No,No,Bachelor’s degree,Woman
tsxr,Employee,[\unasked],Analyst,1-5,USD - United States Dollar,"$140,000 - $159,999",[^not answered],Similar,United States,1,[^not chosen],[^not chosen],[^not chosen],[^not chosen],[^not chosen],[^not chosen],Statistics and analysis,100–499 employees,No,Yes,Master’s (or similar graduate degree),Man
UllK,Employee,[\unasked],Scientist,1-5,USD - United States Dollar,"$80,000 - $99,999",I am not compensated on an hourly or project basis,Similar,United States,1,[^not chosen],x,[^not chosen],[^not chosen],[^not chosen],[^not chosen],[^not chosen],500–999 employees,No,Yes,Master’s (or similar graduate degree),Self-described or Prefer not to say
ZYBz,EmployeeANDFreelanceAND,[\unasked],Designer,11-15,USD - United States Dollar,"$180,000 - $199,999",[^not answered],Much higher,United States,1,[^not chosen],x,[^not chosen],[^not chosen],[^not chosen],[^not chosen],[^not chosen],100–499 employees,No,No,Master’s (or similar graduate degree),Woman
FjZT,Employee,[\unasked],"Leadership (Manager, Director, VP, etc.)",6-10,USD - United States Dollar,"$100,000 - $119,999",[^not answered],Similar,United States,1,[^not chosen],[^not chosen],[^not chosen],[^not chosen],[^not chosen],[^not chosen],Education,"5,000+ employees",No,No,"Doctoral degree (e.g., PhD, EdD, PsyD)",Woman
woHp,EmployeeAND,[\unasked],Developer,1-5,USD - United States Dollar,"$60,000 - $79,999",[^not answered],Much higher,Russia,2,x,[^not chosen],x,[^not chosen],[^not chosen],[^not chosen],[^not chosen],"1,000–4,999 employees",No,No,Master’s (or similar graduate degree),Woman
dpMt,Freelance,[\unasked],"Leadership (Manager, Director, VP, etc.)",26-30,USD - United States Dollar,"$120,000 - $139,999",I am not compensated on an hourly or project basis,Similar,United States,1,[^not chosen],[^not chosen],[^not chosen],[^not chosen],[^not chosen],[^not chosen],Credit Bureau,"5,000+ employees",No,Yes,Master’s (or similar graduate degree),Man
vgzN,Passive income,[\unasked],"Leadership (Manager, Director, VP, etc.)",16-20,COP - Colombia Peso,[^not answered],[^not answered],Somewhat higher,Colombia,1,[^not chosen],[^not chosen],[^not chosen],[^not chosen],[^not chosen],[^not chosen],servicios publicos,500–999 employees,Yes,Yes,Master’s (or similar graduate degree),Man
hEJa,Employee,[\unasked],Designer,1-5,USD - United States Dollar,"$100,000 - $119,999",[^not answered],Similar,United States,1,[^not chosen],[^not chosen],x,[^not chosen],[^not chosen],[^not chosen],[^not chosen],500–999 employees,No,Yes,Master’s (or similar graduate degree),Woman
PxOB,Employee,[\unasked],Analyst,1-5,USD - United States Dollar,"$60,000 - $79,999",I am not compensated on an hourly or project basis,Somewhat lower,United States,1,[^not chosen],[^not chosen],[^not chosen],[^not chosen],[^not chosen],[^not chosen],"Early Childhood Education and subsidies, non-profit",100–499 employees,No,No,Associate’s degree,Woman
Qfit,Employee,[\unasked],Analyst,11-15,GBP - United Kingdom Pound,"$80,000 - $99,999",I am not compensated on an hourly or project basis,Similar,United Kingdom,1,[^not chosen],[^not chosen],[^not chosen],[^not chosen],[^not chosen],[^not chosen],Accommodation,"1,000–4,999 employees",Yes,No,Bachelor’s degree,Woman
tiyQ,Employee,[\unasked],Analyst,6-10,USD - United States Dollar,[^not answered],$30 - $44,Somewhat lower,United States,1,[^not chosen],[^not chosen],[^not chosen],[^not chosen],[^not chosen],[^not chosen],Public administration,100–499 employees,No,Yes,Master’s (or similar graduate degree),Man
yJas,Employee,[\unasked],None of these describes my role,11-15,EUR - Euro Member Countries,"$40,000 - $59,999",[^not answered],Similar,France,1,[^not chosen],[^not chosen],[^not chosen],[^not chosen],[^not chosen],x,[^not chosen],20–99 employees,Yes,No,Master’s (or similar graduate degree),Woman
TOLd,Employee,[\unasked],"Leadership (Manager, Director, VP, etc.)",1-5,CAD - Canada Dollar,"$140,000 - $159,999",I am not compensated on an hourly or project basis,Similar,Canada,1,x,[^not chosen],[^not chosen],[^not chosen],[^not chosen],[^not chosen],[^not chosen],"1,000–4,999 employees",No,No,Master’s (or similar graduate degree),Man
QsTz,FreelanceAND,[\unasked],Analyst,6-10,USD - United States Dollar,"$100,000 - $119,999",[^not answered],Similar,United States,1,[^not chosen],[^not chosen],[^not chosen],[^not chosen],[^not chosen],[^not chosen],Education,"5,000+ employees",No,Yes,Master’s (or similar graduate degree),Woman
GeNF,Employee,[\unasked],Analyst,6-10,USD - United States Dollar,"$100,000 - $119,999",[^not answered],Similar,United States,1,[^not chosen],[^not chosen],[^not chosen],[^not chosen],[^not chosen],[^not chosen],Higher Education,"5,000+ employees",No,No,"Doctoral degree (e.g., PhD, EdD, PsyD)",Woman
nKGa,Freelance,[\unasked],Journalist,6-10,USD - United States Dollar,"$60,000 - $79,999",[^not answered],Much lower,United States,0,[^not chosen],[^not chosen],[^not chosen],[^not chosen],[^not chosen],[^not chosen],[^not chosen],[^not answered],No,Yes,[\unfinished],[\unfinished]
bGvL,Employee,[\unasked],Analyst,6-10,USD - United States Dollar,"$20,000 - $39,999",I am not compensated on an hourly or project basis,Somewhat lower,United States,1,[^not chosen],[^not chosen],[^not chosen],[^not chosen],[^not chosen],[^not chosen],public library,100–499 employees,No,No,Bachelor’s degree,Woman
gsqm,Employee,[\unasked],Analyst,11-15,USD - United States Dollar,I am not compensated on a yearly basis,$30 - $44,[^not answered],United States,1,[^not chosen],x,[^not chosen],[^not chosen],[^not chosen],[^not chosen],[^not chosen],100–499 employees,No,Yes,Master’s (or similar graduate degree),Woman
GkHH,Employee,[\unasked],Designer,6-10,USD - United States Dollar,"$80,000 - $99,999",I am not compensated on an hourly or project basis,Similar,United States,1,[^not chosen],x,[^not chosen],[^not chosen],[^not chosen],[^not chosen],[^not chosen],"1,000–4,999 employees",No,Yes,Bachelor’s degree,Man
DrBE,Employee,[\unasked],Analyst,1-5,EUR - Euro Member Countries,"$60,000 - $79,999",[^not answered],[^not answered],Germany,2,[^not chosen],[^not chosen],[^not chosen],[^not chosen],[^not chosen],x,Automobile,"1,000–4,999 employees",No,No,Bachelor’s degree,Woman
TNPQ,Employee,[\unasked],Analyst,1-5,BRL - Brazil Real,"$10,000 - $19,999",I am not compensated on an hourly or project basis,Similar,Brazil,2,x,[^not chosen],x,[^not chosen],[^not chosen],[^not chosen],[^not chosen],100–499 employees,Yes,Yes,Bachelor’s degree,Woman
yqcI,Employee,[\unasked],Analyst,6-10,USD - United States Dollar,"$80,000 - $99,999",[^not answered],Similar,United States,1,[^not chosen],[^not chosen],[^not chosen],[^not chosen],[^not chosen],x,[^not chosen],"1,000–4,999 employees",No,Yes,Master’s (or similar graduate degree),Woman
JDox,Employee,[\unasked],Analyst,6-10,GBP - United Kingdom Pound,"$60,000 - $79,999",[^not answered],Similar,United Kingdom,2,[^not chosen],[^not chosen],x,[^not chosen],[^not chosen],x,[^not chosen],"5,000+ employees",No,Yes,Bachelor’s degree,Man
dNyn,Employee,[\unasked],"Leadership (Manager, Director, VP, etc.)",6-10,USD - United States Dollar,"$80,000 - $99,999",[^not answered],Similar,United States,1,[^not chosen],[^not chosen],[^not chosen],[^not chosen],[^not chosen],[^not chosen],"Philanthropy and Direct Service Programming (Basic Needs, Education, Economic Mobility, Crisis Relief)",100–499 employees,No,No,Master’s (or similar graduate degree),Woman
QITK,Employee,[\unasked],Analyst,11-15,EUR - Euro Member Countries,"$40,000 - $59,999",I am not compensated on an hourly or project basis,Similar,Germany,1,[^not chosen],[^not chosen],[^not chosen],[^not chosen],[^not chosen],[^not chosen],Research Institution,"5,000+ employees",Yes,Yes,Master’s (or similar graduate degree),Man
VWYR,Employee,[\unasked],Analyst,16-20,USD - United States Dollar,"$10,000 - $19,999",I am not compensated on an hourly or project basis,Much lower,Poland,1,[^not chosen],[^not chosen],[^not chosen],[^not chosen],x,[^not chosen],[^not chosen],20–99 employees,Yes,No,Master’s (or similar graduate degree),Man
qSbV,EmployeeANDFreelance,[\unasked],"Leadership (Manager, Director, VP, etc.)",More than 30,USD - United States Dollar,"$120,000 - $139,999",I am not compensated on an hourly or project basis,Somewhat lower,United States,1,[^not chosen],[^not chosen],[^not chosen],[^not chosen],[^not chosen],[^not chosen],Defense,100–499 employees,No,Yes,Bachelor’s degree,Woman
ptLn,Employee,[\unasked],"Leadership (Manager, Director, VP, etc.)",21-25,BRL - Brazil Real,"$40,000 - $59,999",[^not answered],Similar,Brazil,2,[^not chosen],[^not chosen],x,[^not chosen],[^not chosen],x,[^not chosen],"1,000–4,999 employees",Yes,Yes,Master’s (or similar graduate degree),Woman
cjwo,Employee,[\unasked],Scientist,16-20,USD - United States Dollar,"$100,000 - $119,999",I am not compensated on an hourly or project basis,Somewhat higher,United States,0,[^not chosen],[^not chosen],[^not chosen],[^not chosen],[^not chosen],[^not chosen],,"5,000+ employees",No,No,Master’s (or similar graduate degree),Woman
yUmU,Employee,[\unasked],Developer,1-5,USD - United States Dollar,"$80,000 - $99,999",I am not compensated on an hourly or project basis,Somewhat lower,United States,1,x,[^not chosen],[^not chosen],[^not chosen],[^not chosen],[^not chosen],[^not chosen],"5,000+ employees",No,Yes,Bachelor’s degree,Man
bhvi,Employee,[\unasked],Designer,16-20,USD - United States Dollar,"$80,000 - $99,999",[^not answered],Somewhat higher,United States,1,[^not chosen],[^not chosen],[^not chosen],[^not chosen],[^not chosen],x,[^not chosen],20–99 employees,No,Yes,Master’s (or similar graduate degree),Man
IZyP,Employee,[\unasked],Analyst,6-10,EUR - Euro Member Countries,"$80,000 - $99,999",$60 - $74,Somewhat higher,Spain,1,[^not chosen],[^not chosen],[^not chosen],[^not chosen],[^not chosen],[^not chosen],Hospitality and Tourism,"1,000–4,999 employees",No,No,Master’s (or similar graduate degree),Man
exnR,Employee,[\unasked],"Leadership (Manager, Director, VP, etc.)",16-20,USD - United States Dollar,"$140,000 - $159,999",[^not answered],Similar,United States,0,[^not chosen],[^not chosen],[^not chosen],[^not chosen],[^not chosen],[^not chosen],[^not chosen],"5,000+ employees",Yes,No,[^not answered],Man
uUmI,Employee,[\unasked],Analyst,6-10,USD - United States Dollar,"$80,000 - $99,999",[^not answered],Somewhat lower,United States,1,[^not chosen],[^not chosen],[^not chosen],[^not chosen],[^not chosen],[^not chosen],Real Estate,"5,000+ employees",No,No,Bachelor’s degree,Woman
kqax,Employee,[\unasked],Analyst,16-20,USD - United States Dollar,"$140,000 - $159,999",[^not answered],Similar,United States,1,[^not chosen],x,[^not chosen],[^not chosen],[^not chosen],[^not chosen],[^not chosen],"5,000+ employees",No,No,Master’s (or similar graduate degree),Man
qAkO,EmployeeAND,Teacher,Teacher,1-5,USD - United States Dollar,I am not compensated on a yearly basis,$75 - $99,Somewhat lower,United States,1,[^not chosen],[^not chosen],[^not chosen],[^not chosen],[^not chosen],[^not chosen],Education / E-Learning,20–99 employees,Yes,Yes,Bachelor’s degree,Man
UKEM,EmployeeAND,[\unasked],"Leadership (Manager, Director, VP, etc.)",11-15,USD - United States Dollar,"$140,000 - $159,999",[^not answered],Somewhat lower,United States,1,[^not chosen],[^not chosen],[^not chosen],[^not chosen],[^not chosen],[^not chosen],Education,Fewer than 20 employees,No,No,"Doctoral degree (e.g., PhD, EdD, PsyD)",Man
soVa,Employee,[\unasked],Analyst,16-20,USD - United States Dollar,"$60,000 - $79,999",[^not answered],Somewhat lower,United States,1,[^not chosen],[^not chosen],[^not chosen],[^not chosen],[^not chosen],[^not chosen],Library,500–999 employees,No,Yes,Master’s (or similar graduate degree),Woman
MUwq,Employee,[\unasked],Analyst,11-15,USD - United States Dollar,"$60,000 - $79,999",I am not compensated on an hourly or project basis,Similar,United States,1,[^not chosen],[^not chosen],[^not chosen],[^not chosen],[^not chosen],[^not chosen],Performing Arts,20–99 employees,No,No,Master’s (or similar graduate degree),Woman
sgvd,Employee,[\unasked],Designer,6-10,GBP - United Kingdom Pound,"$40,000 - $59,999",[^not answered],Somewhat lower,United Kingdom,1,[^not chosen],[^not chosen],[^not chosen],[^not chosen],[^not chosen],x,[^not chosen],100–499 employees,Yes,Yes,Master’s (or similar graduate degree),Woman
IbVA,Employee,[\unasked],"Leadership (Manager, Director, VP, etc.)",1-5,USD - United States Dollar,[^not answered],[^not answered],Similar,United States,1,[^not chosen],[^not chosen],[^not chosen],[^not chosen],[^not chosen],[^not chosen],Higher Education,"5,000+ employees",Yes,No,Master’s (or similar graduate degree),Man
PFKt,Employee,[\unasked],"Leadership (Manager, Director, VP, etc.)",6-10,USD - United States Dollar,"$140,000 - $159,999",[^not answered],Similar,United States,1,[^not chosen],[^not chosen],x,[^not chosen],[^not chosen],[^not chosen],[^not chosen],20–99 employees,No,No,Master’s (or similar graduate degree),Man
HlDu,Employee,[\unasked],"Leadership (Manager, Director, VP, etc.)",1-5,USD - United States Dollar,"$240,000 or more",$300 or more,Much higher,United States,1,[^not chosen],[^not chosen],[^not chosen],[^not chosen],[^not chosen],x,[^not chosen],"5,000+ employees",No,No,Bachelor’s degree,Man
XKXu,Employee,[\unasked],"Leadership (Manager, Director, VP, etc.)",16-20,EUR - Euro Member Countries,"$80,000 - $99,999",I am not compensated on an hourly or project basis,Somewhat higher,Greece,2,[^not chosen],[^not chosen],x,[^not chosen],[^not chosen],x,[^not chosen],100–499 employees,No,No,Master’s (or similar graduate degree),Woman
TIiB,Employee,[\unasked],None of these describes my role,6-10,USD - United States Dollar,"$160,000 - $179,999",I am not compensated on an hourly or project basis,Similar,United States,5,x,x,x,[^not chosen],x,x,[^not chosen],"5,000+ employees",No,No,Master’s (or similar graduate degree),Man
kKGC,Employee,[\unasked],Analyst,1-5,GBP - United Kingdom Pound,"$20,000 - $39,999",I am not compensated on an hourly or project basis,Somewhat lower,United Kingdom,1,[^not chosen],[^not chosen],[^not chosen],[^not chosen],[^not chosen],[^not chosen],Education and Culture,"1,000–4,999 employees",No,Yes,Master’s (or similar graduate degree),Woman
PoyV,Academic,[\unasked],Analyst,21-25,EUR - Euro Member Countries,"$40,000 - $59,999",I am not compensated on an hourly or project basis,Somewhat higher,Portugal,1,[^not chosen],x,[^not chosen],[^not chosen],[^not chosen],[^not chosen],[^not chosen],20–99 employees,Yes,No,Master’s (or similar graduate degree),Woman
JGBy,EmployeeANDFreelanceAND,[\unasked],Analyst,11-15,SEK - Sweden Krona,I am not compensated on a yearly basis,Less than $15,Much lower,Sweden,1,[^not chosen],[^not chosen],[^not chosen],[^not chosen],x,[^not chosen],[^not chosen],"5,000+ employees",No,Yes,High school diploma,Woman
UZRP,EmployeeAND,[\unasked],None of these describes my role,1-5,USD - United States Dollar,"$100,000 - $119,999",[^not answered],Somewhat lower,United States,1,[^not chosen],[^not chosen],[^not chosen],[^not chosen],[^not chosen],[^not chosen],Libraries,"1,000–4,999 employees",Yes,No,Master’s (or similar graduate degree),Woman
ZtyT,Employee,[\unasked],Teacher,6-10,GBP - United Kingdom Pound,"$80,000 - $99,999",I am not compensated on an hourly or project basis,Somewhat higher,United Kingdom,1,[^not chosen],[^not chosen],x,[^not chosen],[^not chosen],[^not chosen],[^not chosen],"1,000–4,999 employees",No,No,Master’s (or similar graduate degree),Woman
Xiut,EmployeeAND,Engineer,Engineer,6-10,USD - United States Dollar,"$240,000 or more",[^not answered],Much higher,United States,1,[^not chosen],[^not chosen],[^not chosen],[^not chosen],[^not chosen],[^not chosen],Entertainment,"5,000+ employees",No,No,Bachelor’s degree,Man
mmIJ,Employee,[\unasked],Engineer,1-5,MXN - Mexico Peso,"$40,000 - $59,999",I am not compensated on an hourly or project basis,Much higher,Mexico,1,[^not chosen],[^not chosen],[^not chosen],[^not chosen],[^not chosen],[^not chosen],Aerospace,"1,000–4,999 employees",No,No,"Doctoral degree (e.g., PhD, EdD, PsyD)",Man
yqPt,Employee,[\unasked],Analyst,6-10,USD - United States Dollar,"$60,000 - $79,999",[^not answered],Similar,United States,1,[^not chosen],[^not chosen],[^not chosen],[^not chosen],[^not chosen],[^not chosen],Education and Systems Change,Fewer than 20 employees,No,No,Bachelor’s degree,Woman
Fyxo,Hobbyist,[\unasked],Analyst,1-5,USD - United States Dollar,"$60,000 - $79,999",[^not answered],Somewhat lower,United States,1,[^not chosen],[^not chosen],[^not chosen],[^not chosen],[^not chosen],x,[^not chosen],100–499 employees,Yes,No,Master’s (or similar graduate degree),Man
AMEV,EmployeeAND,[\unasked],Analyst,1-5,JPY - Japan Yen,"$60,000 - $79,999",I am not compensated on an hourly or project basis,Somewhat higher,Japan,1,[^not chosen],[^not chosen],x,[^not chosen],[^not chosen],[^not chosen],[^not chosen],100–499 employees,No,Yes,Master’s (or similar graduate degree),Man
TEpq,Employee,Designer,Designer,1-5,USD - United States Dollar,"$120,000 - $139,999",[^not answered],Somewhat higher,United States,1,[^not chosen],[^not chosen],[^not chosen],[^not chosen],[^not chosen],[^not chosen],Consumer goods,"5,000+ employees",Yes,No,Master’s (or similar graduate degree),Woman
fjGN,Employee,[\unasked],Scientist,6-10,USD - United States Dollar,"$80,000 - $99,999",I am not compensated on an hourly or project basis,Somewhat lower,United States,1,[^not chosen],[^not chosen],[^not chosen],[^not chosen],[^not chosen],[^not chosen],Criminal Justice,100–499 employees,No,Yes,Master’s (or similar graduate degree),Woman
AdBL,Employee,[\unasked],Analyst,11-15,USD - United States Dollar,"$240,000 or more",I am not compensated on an hourly or project basis,Somewhat higher,United States,3,[^not chosen],[^not chosen],x,[^not chosen],x,[^not chosen],Consumer Services,"5,000+ employees",Yes,No,Master’s (or similar graduate degree),Man
GXYl,Employee,[\unasked],Analyst,1-5,USD - United States Dollar,[^not answered],[^not answered],[^not answered],United States,1,[^not chosen],[^not chosen],[^not chosen],[^not chosen],[^not chosen],[^not chosen],Education,100–499 employees,No,Yes,Master’s (or similar graduate degree),Woman
PXdZ,Freelance,[\unasked],Analyst,1-5,USD - United States Dollar,"$80,000 - $99,999",I am not compensated on an hourly or project basis,Similar,United States,1,[^not chosen],[^not chosen],[^not chosen],[^not chosen],[^not chosen],x,[^not chosen],Fewer than 20 employees,No,No,Bachelor’s degree,Woman
OmuU,Employee,[\unasked],Developer,16-20,USD - United States Dollar,"$220,000 - $239,999",I am not compensated on an hourly or project basis,Similar,United States,1,[^not chosen],[^not chosen],x,[^not chosen],[^not chosen],[^not chosen],[^not chosen],"5,000+ employees",No,No,Bachelor’s degree,Man
GHDM,EmployeeAND,[\unasked],Designer,6-10,USD - United States Dollar,"$80,000 - $99,999",I am not compensated on an hourly or project basis,Similar,United States,1,[^not chosen],[^not chosen],[^not chosen],[^not chosen],[^not chosen],[^not chosen],Architecture and Engineering,"1,000–4,999 employees",No,Yes,Bachelor’s degree,Woman
GSOY,EmployeeANDFreelance,[\unasked],"Leadership (Manager, Director, VP, etc.)",6-10,USD - United States Dollar,"$120,000 - $139,999",I am not compensated on an hourly or project basis,Similar,United States,1,[^not chosen],x,[^not chosen],[^not chosen],[^not chosen],[^not chosen],[^not chosen],"5,000+ employees",No,Yes,Bachelor’s degree,Woman
jFdF,Employee,[\unasked],Analyst,1-5,USD - United States Dollar,"$140,000 - $159,999",[^not answered],Somewhat higher,United States,1,[^not chosen],[^not chosen],x,[^not chosen],[^not chosen],[^not chosen],[^not chosen],"5,000+ employees",Yes,No,Some college,Woman
Ulli,EmployeeAND,[\unasked],None of these describes my role,6-10,USD - United States Dollar,"$160,000 - $179,999",I am not compensated on an hourly or project basis,Similar,United States,2,[^not chosen],x,[^not chosen],[^not chosen],[^not chosen],x,[^not chosen],"1,000–4,999 employees",No,No,"Doctoral degree (e.g., PhD, EdD, PsyD)",Woman
KyVK,Employee,[\unasked],Analyst,11-15,USD - United States Dollar,"$80,000 - $99,999",I am not compensated on an hourly or project basis,Somewhat lower,United States,1,[^not chosen],[^not chosen],[^not chosen],[^not chosen],[^not chosen],[^not chosen],Higher Education,"5,000+ employees",No,No,Bachelor’s degree,Man
NmgA,EmployeeAND,[\unasked],Analyst,1-5,USD - United States Dollar,"$100,000 - $119,999",[^not answered],Similar,United States,2,[^not chosen],x,[^not chosen],[^not chosen],[^not chosen],x,[^not chosen],"1,000–4,999 employees",No,Yes,Master’s (or similar graduate degree),Woman
ZPUn,Freelance,[\unasked],"Leadership (Manager, Director, VP, etc.)",1-5,USD - United States Dollar,"$120,000 - $139,999",[^not answered],Similar,United States,1,[^not chosen],[^not chosen],x,[^not chosen],[^not chosen],[^not chosen],[^not chosen],20–99 employees,No,No,Some college,Woman
wjMq,Hobbyist,[\unasked],Analyst,Less than 1 year,USD - United States Dollar,"$60,000 - $79,999",[^not answered],Somewhat lower,[^not answered],1,[^not chosen],[^not chosen],[^not chosen],[^not chosen],[^not chosen],x,[^not chosen],"5,000+ employees",No,Yes,Master’s (or similar graduate degree),Woman
bqbs,EmployeeAND,[\unasked],"Leadership (Manager, Director, VP, etc.)",1-5,CAD - Canada Dollar,"$120,000 - $139,999",I am not compensated on an hourly or project basis,Somewhat higher,Canada,2,[^not chosen],[^not chosen],[^not chosen],[^not chosen],x,x,[^not chosen],100–499 employees,No,No,Master’s (or similar graduate degree),Woman
jOmS,EmployeeAND,[\unasked],Analyst,6-10,BRL - Brazil Real,"$20,000 - $39,999",I am not compensated on an hourly or project basis,Similar,Brazil,1,[^not chosen],[^not chosen],[^not chosen],[^not chosen],[^not chosen],x,[^not chosen],100–499 employees,Yes,No,Bachelor’s degree,Man
BPbO,Freelance,[\unasked],Analyst,1-5,USD - United States Dollar,"$120,000 - $139,999",I am not compensated on an hourly or project basis,Somewhat lower,United States,4,x,x,x,[^not chosen],[^not chosen],[^not chosen],Military,"5,000+ employees",No,No,Master’s (or similar graduate degree),Man
Rtqk,Freelance,[\unasked],Developer,16-20,USD - United States Dollar,"$100,000 - $119,999",[^not answered],Somewhat higher,United States,0,[^not chosen],[^not chosen],[^not chosen],[^not chosen],[^not chosen],[^not chosen],[^not chosen],20–99 employees,No,No,Bachelor’s degree,Woman
IXCM,Freelance,[\unasked],Analyst,6-10,GBP - United Kingdom Pound,"$20,000 - $39,999",I am not compensated on an hourly or project basis,Somewhat lower,United Kingdom,1,[^not chosen],[^not chosen],[^not chosen],[^not chosen],x,[^not chosen],[^not chosen],Don’t know,No,Yes,Bachelor’s degree,Man
nakF,EmployeeAND,[\unasked],Developer,1-5,GBP - United Kingdom Pound,"$40,000 - $59,999",I am not compensated on an hourly or project basis,Somewhat lower,United Kingdom,0,[^not chosen],[^not chosen],[^not chosen],[^not chosen],[^not chosen],[^not chosen],[^not chosen],"1,000–4,999 employees",No,No,Bachelor’s degree,Woman
lMDO,EmployeeANDFreelanceAND,"Leadership (Manager, Director, VP, etc.)","Leadership (Manager, Director, VP, etc.)",1-5,CHF - Switzerland Franc,"$80,000 - $99,999",$150 - $174,[^not answered],Switzerland,3,[^not chosen],x,x,[^not chosen],x,[^not chosen],[^not chosen],Fewer than 20 employees,No,No,Master’s (or similar graduate degree),Woman
dXFm,Employee,[\unasked],Analyst,16-20,USD - United States Dollar,"$100,000 - $119,999",I am not compensated on an hourly or project basis,Similar,United States,3,[^not chosen],x,x,[^not chosen],[^not chosen],x,[^not chosen],"5,000+ employees",No,Yes,Bachelor’s degree,Woman
hXVm,Employee,[\unasked],Analyst,16-20,EUR - Euro Member Countries,"$40,000 - $59,999",I am not compensated on an hourly or project basis,Somewhat lower,Netherlands,1,[^not chosen],[^not chosen],[^not chosen],[^not chosen],[^not chosen],[^not chosen],Legal,500–999 employees,No,No,Bachelor’s degree,Man
haiy,Student,[\unasked],None of these describes my role,6-10,EUR - Euro Member Countries,"$60,000 - $79,999",[^not answered],Similar,Belgium,1,[^not chosen],[^not chosen],[^not chosen],[^not chosen],[^not chosen],x,[^not chosen],"5,000+ employees",Yes,Yes,Master’s (or similar graduate degree),Woman
JlOK,EmployeeAND,[\unasked],Developer,1-5,USD - United States Dollar,"$80,000 - $99,999",I am not compensated on an hourly or project basis,Similar,United States,1,[^not chosen],[^not chosen],[^not chosen],[^not chosen],[^not chosen],[^not chosen],Manufacturing; Automotive,"5,000+ employees",No,No,Bachelor’s degree,Woman
gJqx,Student,[\unasked],Analyst,1-5,USD - United States Dollar,"$60,000 - $79,999",I am not compensated on an hourly or project basis,Similar,United States,1,[^not chosen],[^not chosen],[^not chosen],[^not chosen],[^not chosen],[^not chosen],Education,500–999 employees,No,Yes,Bachelor’s degree,Woman
LrQO,EmployeeANDFreelanceAND,[\unasked],Analyst,11-15,USD - United States Dollar,"$80,000 - $99,999",[^not answered],Somewhat lower,United States,1,[^not chosen],[^not chosen],[^not chosen],[^not chosen],[^not chosen],[^not chosen],Insurance,"5,000+ employees",No,No,"Doctoral degree (e.g., PhD, EdD, PsyD)",Woman
hNCq,Hobbyist,None of these describes my role,"Leadership (Manager, Director, VP, etc.)",More than 30,USD - United States Dollar,"$200,000 - $219,999",[^not answered],Somewhat higher,United States,1,[^not chosen],[^not chosen],[^not chosen],[^not chosen],[^not chosen],x,[^not chosen],500–999 employees,No,Yes,Master’s (or similar graduate degree),Woman
CXDG,Freelance,[\unasked],Analyst,More than 30,AUD - Australia Dollar,[^not answered],[^not answered],Similar,Australia,1,x,[^not chosen],[^not chosen],[^not chosen],[^not chosen],[^not chosen],[^not chosen],Fewer than 20 employees,Yes,Yes,Bachelor’s degree,Woman
OQmx,Employee,Analyst,Analyst,11-15,CLP - Chile Peso,"$20,000 - $39,999",[^not answered],Somewhat higher,Chile,1,[^not chosen],[^not chosen],x,[^not chosen],[^not chosen],[^not chosen],[^not chosen],Don’t know,No,No,Master’s (or similar graduate degree),Woman
VsQF,Employee,[\unasked],"Leadership (Manager, Director, VP, etc.)",1-5,USD - United States Dollar,"$80,000 - $99,999",I am not compensated on an hourly or project basis,Similar,United States,1,[^not chosen],x,[^not chosen],[^not chosen],[^not chosen],[^not chosen],[^not chosen],Fewer than 20 employees,Yes,Yes,Bachelor’s degree,Woman
OQPC,Employee,[\unasked],Analyst,6-10,USD - United States Dollar,"$80,000 - $99,999",I am not compensated on an hourly or project basis,Similar,United States,1,[^not chosen],[^not chosen],[^not chosen],[^not chosen],[^not chosen],[^not chosen],Construction,"1,000–4,999 employees",Yes,Yes,Master’s (or similar graduate degree),Woman
eoLn,Employee,None of these describes my role,Analyst,11-15,USD - United States Dollar,"$40,000 - $59,999",$100 - $124,Similar,Austria,1,[^not chosen],[^not chosen],[^not chosen],[^not chosen],[^not chosen],x,[^not chosen],Fewer than 20 employees,No,Yes,Master’s (or similar graduate degree),Woman
fClI,Employee,[\unasked],"Leadership (Manager, Director, VP, etc.)",11-15,USD - United States Dollar,"$100,000 - $119,999",I am not compensated on an hourly or project basis,Somewhat lower,United States,0,[^not chosen],[^not chosen],[^not chosen],[^not chosen],[^not chosen],[^not chosen],[^not chosen],500–999 employees,Yes,Yes,"Doctoral degree (e.g., PhD, EdD, PsyD)",Woman
vzAh,Employee,[\unasked],Analyst,1-5,AUD - Australia Dollar,"$40,000 - $59,999",[^not answered],Similar,Australia,1,[^not chosen],[^not chosen],[^not chosen],[^not chosen],[^not chosen],[^not chosen],Sports,"1,000–4,999 employees",No,No,Bachelor’s degree,Woman
ryQM,EmployeeAND,[\unasked],Designer,11-15,EUR - Euro Member Countries,"$40,000 - $59,999",I am not compensated on an hourly or project basis,Similar,Spain,1,[^not chosen],[^not chosen],[^not chosen],[^not chosen],[^not chosen],x,[^not chosen],20–99 employees,Yes,No,Bachelor’s degree,Woman
YZyn,Employee,[\unasked],Developer,1-5,USD - United States Dollar,"$120,000 - $139,999",[^not answered],Similar,United States,1,[^not chosen],[^not chosen],[^not chosen],[^not chosen],x,[^not chosen],[^not chosen],100–499 employees,No,No,Master’s (or similar graduate degree),Woman
xXYS,Employee,[\unasked],Analyst,1-5,USD - United States Dollar,"$80,000 - $99,999",I am not compensated on an hourly or project basis,Similar,United States,1,[^not chosen],[^not chosen],[^not chosen],[^not chosen],[^not chosen],[^not chosen],Transportation,"5,000+ employees",Yes,No,Master’s (or similar graduate degree),Woman
Otqk,Employee,[\unasked],Developer,6-10,EUR - Euro Member Countries,"$120,000 - $139,999",[^not answered],Somewhat higher,Austria,1,[^not chosen],[^not chosen],x,[^not chosen],[^not chosen],[^not chosen],[^not chosen],"1,000–4,999 employees",No,No,Bachelor’s degree,Man
phRA,Employee,[\unasked],Analyst,6-10,EUR - Euro Member Countries,[^not answered],[^not answered],Similar,Austria,1,[^not chosen],[^not chosen],[^not chosen],[^not chosen],[^not chosen],[^not chosen],across multiple fields,100–499 employees,No,No,"Doctoral degree (e.g., PhD, EdD, PsyD)",Man
YNEW,EmployeeANDFreelance,[\unasked],Scientist,6-10,USD - United States Dollar,I am not compensated on a yearly basis,$150 - $174,Similar,United States,1,[^not chosen],[^not chosen],[^not chosen],[^not chosen],[^not chosen],[^not chosen],Zoos/Aquariums,100–499 employees,No,No,[^not answered],[^not answered]
laRU,Freelance,[\unasked],Analyst,11-15,USD - United States Dollar,"$60,000 - $79,999",[^not answered],Much lower,United States,1,[^not chosen],[^not chosen],[^not chosen],[^not chosen],[^not chosen],[^not chosen],social services,100–499 employees,No,No,Master’s (or similar graduate degree),Woman
alhh,FreelanceAND,[\unasked],Developer,1-5,USD - United States Dollar,"$240,000 or more",I am not compensated on an hourly or project basis,Similar,United States,1,[^not chosen],[^not chosen],x,[^not chosen],[^not chosen],[^not chosen],[^not chosen],"1,000–4,999 employees",No,No,"Doctoral degree (e.g., PhD, EdD, PsyD)",Man
jInL,EmployeeAND,[\unasked],Designer,1-5,USD - United States Dollar,"$200,000 - $219,999",[^not answered],Similar,United States,2,[^not chosen],[^not chosen],x,[^not chosen],x,[^not chosen],[^not chosen],500–999 employees,No,No,Bachelor’s degree,Man
LuGz,EmployeeANDFreelanceAND,[\unasked],Designer,6-10,USD - United States Dollar,"$120,000 - $139,999",I am not compensated on an hourly or project basis,[^not answered],United States,1,[^not chosen],x,[^not chosen],[^not chosen],[^not chosen],[^not chosen],[^not chosen],"5,000+ employees",No,No,Bachelor’s degree,Self-described or Prefer not to say
qRxA,Employee,[\unasked],Designer,11-15,USD - United States Dollar,"$240,000 or more",[^not answered],Much higher,United States,3,[^not chosen],[^not chosen],x,[^not chosen],x,x,[^not chosen],"5,000+ employees",No,Yes,Bachelor’s degree,Man
iqlv,FreelanceAND,[\unasked],Developer,1-5,MYR - Malaysia Ringgit,"$10,000 - $19,999",I am not compensated on an hourly or project basis,Somewhat lower,Malaysia,0,[^not chosen],[^not chosen],[^not chosen],[^not chosen],[^not chosen],[^not chosen],[^not chosen],Fewer than 20 employees,Yes,Yes,Master’s (or similar graduate degree),Man
SmSY,FreelanceAND,[\unasked],"Leadership (Manager, Director, VP, etc.)",6-10,USD - United States Dollar,"$180,000 - $199,999",I am not compensated on an hourly or project basis,Similar,United States,1,[^not chosen],[^not chosen],x,[^not chosen],[^not chosen],[^not chosen],[^not chosen],"5,000+ employees",No,No,Master’s (or similar graduate degree),Man
ixTK,Freelance,[\unasked],Analyst,6-10,BRL - Brazil Real,"$20,000 - $39,999",I am not compensated on an hourly or project basis,Similar,Brazil,1,[^not chosen],[^not chosen],[^not chosen],[^not chosen],x,[^not chosen],[^not chosen],"1,000–4,999 employees",Yes,Yes,Bachelor’s degree,Man
CZbL,EmployeeANDFreelance,[\unasked],Designer,6-10,EUR - Euro Member Countries,"$60,000 - $79,999",I am not compensated on an hourly or project basis,Somewhat higher,Netherlands,1,[^not chosen],[^not chosen],[^not chosen],[^not chosen],[^not chosen],[^not chosen],Government,100–499 employees,No,Yes,Bachelor’s degree,Man
hzWI,Freelance,[\unasked],Analyst,6-10,EUR - Euro Member Countries,"$40,000 - $59,999",I am not compensated on an hourly or project basis,Somewhat lower,Germany,1,[^not chosen],[^not chosen],[^not chosen],[^not chosen],[^not chosen],x,[^not chosen],500–999 employees,Yes,Yes,Bachelor’s degree,Man
wvMk,Freelance,[\unasked],Analyst,More than 30,DKK - Denmark Krone,"$80,000 - $99,999",[^not answered],Somewhat lower,Denmark,1,[^not chosen],[^not chosen],[^not chosen],[^not chosen],[^not chosen],[^not chosen],Librarial,100–499 employees,No,No,Master’s (or similar graduate degree),Woman
sQBR,Employee,[\unasked],Analyst,6-10,EUR - Euro Member Countries,"$20,000 - $39,999",[^not answered],Somewhat lower,Lithuania,1,[^not chosen],[^not chosen],x,[^not chosen],[^not chosen],[^not chosen],[^not chosen],100–499 employees,Yes,Yes,Master’s (or similar graduate degree),Woman
UGfl,Employee,Designer,Designer,11-15,SEK - Sweden Krona,"$80,000 - $99,999",$100 - $124,[^not answered],Sweden,1,[^not chosen],[^not chosen],[^not chosen],[^not chosen],[^not chosen],[^not chosen],Climate,Fewer than 20 employees,No,No,Master’s (or similar graduate degree),Man
nTUB,Employee,[\unasked],Scientist,1-5,USD - United States Dollar,"$240,000 or more",[^not answered],Somewhat higher,United States,2,[^not chosen],[^not chosen],x,[^not chosen],[^not chosen],[^not chosen],Aerospace,"5,000+ employees",No,Yes,"Doctoral degree (e.g., PhD, EdD, PsyD)",Man
ghSX,Employee,[\unasked],Developer,1-5,USD - United States Dollar,"$80,000 - $99,999",$30 - $44,Much lower,United States,2,[^not chosen],[^not chosen],[^not chosen],[^not chosen],[^not chosen],x,"Education, workforce development","1,000–4,999 employees",No,Yes,Bachelor’s degree,Man
JyaA,EmployeeANDFreelance,[\unasked],"Leadership (Manager, Director, VP, etc.)",1-5,USD - United States Dollar,"$60,000 - $79,999",I am not compensated on an hourly or project basis,Somewhat lower,United States,1,[^not chosen],[^not chosen],[^not chosen],[^not chosen],[^not chosen],[^not chosen],Education,"1,000–4,999 employees",No,Yes,Master’s (or similar graduate degree),Self-described or Prefer not to say
bcXo,EmployeeANDFreelanceAND,[\unasked],Analyst,6-10,AUD - Australia Dollar,"$120,000 - $139,999",[^not answered],Somewhat higher,Australia,1,[^not chosen],[^not chosen],[^not chosen],[^not chosen],[^not chosen],[^not chosen],Engineering and Construction,"5,000+ employees",Yes,No,Master’s (or similar graduate degree),Man
wzKu,Employee,[\unasked],Designer,6-10,USD - United States Dollar,"$100,000 - $119,999",[^not answered],Similar,United States,2,[^not chosen],[^not chosen],[^not chosen],[^not chosen],x,x,[^not chosen],100–499 employees,No,No,Master’s (or similar graduate degree),Woman
phhp,Employee,[\unasked],Analyst,6-10,USD - United States Dollar,"$80,000 - $99,999",[^not answered],Similar,United States,1,[^not chosen],[^not chosen],[^not chosen],[^not chosen],[^not chosen],[^not chosen],"Museum, informal education, youth development",20–99 employees,Yes,No,Master’s (or similar graduate degree),Self-described or Prefer not to say
FZSO,Employee,[\unasked],"Leadership (Manager, Director, VP, etc.)",16-20,USD - United States Dollar,"$60,000 - $79,999",I am not compensated on an hourly or project basis,Somewhat lower,United States,1,[^not chosen],[^not chosen],[^not chosen],[^not chosen],[^not chosen],[^not chosen],Public health; wellness,20–99 employees,Yes,Yes,Master’s (or similar graduate degree),Man
XUuO,Employee,[\unasked],Analyst,6-10,GBP - United Kingdom Pound,"$80,000 - $99,999",I am not compensated on an hourly or project basis,Similar,United Kingdom,1,x,[^not chosen],[^not chosen],[^not chosen],[^not chosen],[^not chosen],[^not chosen],20–99 employees,Yes,Yes,Bachelor’s degree,Man
NNvU,Employee,[\unasked],Designer,6-10,GBP - United Kingdom Pound,"$60,000 - $79,999",I am not compensated on an hourly or project basis,Somewhat higher,United Kingdom,1,[^not chosen],[^not chosen],[^not chosen],[^not chosen],[^not chosen],x,[^not chosen],20–99 employees,No,No,Master’s (or similar graduate degree),Man
TWNA,Employee,[\unasked],Analyst,6-10,USD - United States Dollar,"$60,000 - $79,999",[^not answered],Similar,United States,1,[^not chosen],[^not chosen],[^not chosen],[^not chosen],[^not chosen],[^not chosen],Environment,20–99 employees,Yes,No,Master’s (or similar graduate degree),[^not answered]
NGjH,Employee,[\unasked],"Leadership (Manager, Director, VP, etc.)",1-5,USD - United States Dollar,"$40,000 - $59,999",I am not compensated on an hourly or project basis,Somewhat lower,United States,1,[^not chosen],[^not chosen],[^not chosen],[^not chosen],[^not chosen],[^not chosen],Government,20–99 employees,No,Yes,Bachelor’s degree,Woman
dcDi,Employee,[\unasked],Analyst,1-5,USD - United States Dollar,"$120,000 - $139,999",I am not compensated on an hourly or project basis,Similar,United States,1,[^not chosen],[^not chosen],[^not chosen],[^not chosen],[^not chosen],[^not chosen],Food Wholesaler,500–999 employees,No,No,Bachelor’s degree,Man
NPst,Employee,[\unasked],Designer,6-10,USD - United States Dollar,[^not answered],[^not answered],[^not answered],United States,1,[^not chosen],[^not chosen],x,[^not chosen],[^not chosen],[^not chosen],[^not chosen],500–999 employees,No,No,Bachelor’s degree,Man
Wbpt,Employee,[\unasked],Analyst,1-5,USD - United States Dollar,"$100,000 - $119,999",[^not answered],Similar,United States,1,[^not chosen],[^not chosen],[^not chosen],[^not chosen],[^not chosen],[^not chosen],Science,"1,000–4,999 employees",No,No,"Doctoral degree (e.g., PhD, EdD, PsyD)",Woman
EJda,Academic,[\unasked],"Leadership (Manager, Director, VP, etc.)",1-5,USD - United States Dollar,"$140,000 - $159,999",I am not compensated on an hourly or project basis,Similar,United States,1,[^not chosen],[^not chosen],[^not chosen],[^not chosen],[^not chosen],[^not chosen],Social Services,100–499 employees,No,No,Master’s (or similar graduate degree),[^not answered]
Pxzp,EmployeeAND,[\unasked],"Leadership (Manager, Director, VP, etc.)",11-15,USD - United States Dollar,"$40,000 - $59,999",I am not compensated on an hourly or project basis,Somewhat lower,United States,1,[^not chosen],[^not chosen],[^not chosen],[^not chosen],[^not chosen],[^not chosen],Employment,20–99 employees,No,No,Master’s (or similar graduate degree),Woman
uKTI,Employee,[\unasked],Analyst,1-5,USD - United States Dollar,"$80,000 - $99,999",[^not answered],Similar,United States,2,[^not chosen],x,x,[^not chosen],[^not chosen],[^not chosen],[^not chosen],20–99 employees,No,No,Bachelor’s degree,Woman
wcMP,Employee,[\unasked],Developer,6-10,USD - United States Dollar,"$60,000 - $79,999",[^not answered],Somewhat lower,United States,1,[^not chosen],[^not chosen],[^not chosen],[^not chosen],[^not chosen],[^not chosen],Education,"5,000+ employees",No,No,Master’s (or similar graduate degree),Self-described or Prefer not to say
fKWM,Employee,[\unasked],Teacher,6-10,USD - United States Dollar,"$80,000 - $99,999",[^not answered],Somewhat lower,United States,1,[^not chosen],x,[^not chosen],[^not chosen],[^not chosen],[^not chosen],[^not chosen],Fewer than 20 employees,No,No,Master’s (or similar graduate degree),Woman
vhVg,Employee,[\unasked],Designer,6-10,USD - United States Dollar,"$80,000 - $99,999",[^not answered],Somewhat lower,United States,1,[^not chosen],[^not chosen],[^not chosen],[^not chosen],[^not chosen],x,[^not chosen],500–999 employees,Yes,No,Bachelor’s degree,Woman
CdPO,EmployeeAND,[\unasked],Analyst,11-15,USD - United States Dollar,"$60,000 - $79,999",I am not compensated on an hourly or project basis,Somewhat lower,United States,3,[^not chosen],x,x,[^not chosen],[^not chosen],[^not chosen],Transportation; Education; Food and Nutrition; Labor and Workforce Development; Social Services; Public Health; Behavioral Health,"1,000–4,999 employees",No,Yes,Bachelor’s degree,Woman
duLG,Employee,[\unasked],None of these describes my role,6-10,USD - United States Dollar,"$80,000 - $99,999",I am not compensated on an hourly or project basis,Much lower,United States,2,[^not chosen],x,[^not chosen],[^not chosen],[^not chosen],[^not chosen],Public Health,20–99 employees,No,Yes,Master’s (or similar graduate degree),Woman
gUcR,Employee,[\unasked],Scientist,1-5,USD - United States Dollar,"$80,000 - $99,999",I am not compensated on an hourly or project basis,Similar,United States,1,[^not chosen],x,[^not chosen],[^not chosen],[^not chosen],[^not chosen],[^not chosen],"1,000–4,999 employees",No,Yes,Master’s (or similar graduate degree),Woman
SKUp,Employee,[\unasked],Analyst,11-15,USD - United States Dollar,"$100,000 - $119,999",[^not answered],Similar,United States,1,[^not chosen],[^not chosen],[^not chosen],[^not chosen],[^not chosen],x,[^not chosen],Fewer than 20 employees,No,No,Master’s (or similar graduate degree),Woman
CVEM,Employee,[\unasked],Analyst,11-15,USD - United States Dollar,"$100,000 - $119,999",[^not answered],[^not answered],United States,2,[^not chosen],x,[^not chosen],[^not chosen],[^not chosen],[^not chosen],Public policy,20–99 employees,No,No,Master’s (or similar graduate degree),Woman
mLfy,Employee,[\unasked],Designer,11-15,CAD - Canada Dollar,"$60,000 - $79,999",I am not compensated on an hourly or project basis,Somewhat lower,Canada,1,[^not chosen],[^not chosen],x,[^not chosen],[^not chosen],[^not chosen],[^not chosen],100–499 employees,No,No,Master’s (or similar graduate degree),Woman
PxEF,Employee,[\unasked],Analyst,1-5,USD - United States Dollar,"$100,000 - $119,999",[^not answered],Similar,United States,1,[^not chosen],[^not chosen],[^not chosen],[^not chosen],[^not chosen],[^not chosen],higher education,"5,000+ employees",No,Yes,Master’s (or similar graduate degree),Woman
yQeI,Employee,[\unasked],"Leadership (Manager, Director, VP, etc.)",6-10,USD - United States Dollar,"$140,000 - $159,999",[^not answered],Somewhat higher,United States,1,x,[^not chosen],[^not chosen],[^not chosen],[^not chosen],[^not chosen],[^not chosen],500–999 employees,No,No,Bachelor’s degree,Man
dEeO,EmployeeAND,[\unasked],Scientist,Less than 1 year,USD - United States Dollar,"$60,000 - $79,999",I am not compensated on an hourly or project basis,Somewhat lower,United States,1,[^not chosen],x,[^not chosen],[^not chosen],[^not chosen],[^not chosen],[^not chosen],100–499 employees,No,Yes,Master’s (or similar graduate degree),Woman
Psbl,Student,[\unasked],Analyst,1-5,USD - United States Dollar,"$60,000 - $79,999",[^not answered],Somewhat lower,United States,1,[^not chosen],[^not chosen],[^not chosen],[^not chosen],[^not chosen],[^not chosen],International Development,"1,000–4,999 employees",No,No,Bachelor’s degree,Woman
Ivqh,Employee,[\unasked],Developer,1-5,USD - United States Dollar,"$100,000 - $119,999",[^not answered],Similar,United States,1,[^not chosen],[^not chosen],[^not chosen],[^not chosen],[^not chosen],x,[^not chosen],Fewer than 20 employees,Yes,Yes,Master’s (or similar graduate degree),Woman
QXjY,Employee,[\unasked],Analyst,1-5,USD - United States Dollar,"$80,000 - $99,999",I am not compensated on an hourly or project basis,Similar,United States,1,[^not chosen],[^not chosen],[^not chosen],[^not chosen],[^not chosen],[^not chosen],Law,"1,000–4,999 employees",Yes,No,Bachelor’s degree,Woman
XqvF,Employee,[\unasked],Analyst,1-5,USD - United States Dollar,"$100,000 - $119,999",I am not compensated on an hourly or project basis,Similar,United States,1,[^not chosen],[^not chosen],x,[^not chosen],[^not chosen],[^not chosen],[^not chosen],500–999 employees,No,No,Master’s (or similar graduate degree),Woman
TTJx,Employee,[\unasked],Analyst,1-5,USD - United States Dollar,"$80,000 - $99,999",[^not answered],[^not answered],United States,1,[^not chosen],[^not chosen],[^not chosen],[^not chosen],[^not chosen],x,[^not chosen],Don’t know,No,No,Master’s (or similar graduate degree),Man
GezP,EmployeeANDFreelanceAND,[\unasked],Designer,16-20,USD - United States Dollar,"$100,000 - $119,999",[^not answered],Similar,United States,1,[^not chosen],[^not chosen],x,[^not chosen],[^not chosen],[^not chosen],[^not chosen],100–499 employees,Yes,No,Master’s (or similar graduate degree),Woman
yfHD,Employee,[\unasked],None of these describes my role,6-10,USD - United States Dollar,"$60,000 - $79,999",I am not compensated on an hourly or project basis,[^not answered],United States,1,[^not chosen],[^not chosen],[^not chosen],[^not chosen],[^not chosen],[^not chosen],Program Evaluation; Public Health,Fewer than 20 employees,No,Yes,Master’s (or similar graduate degree),Woman
wKmJ,Employee,[\unasked],Analyst,6-10,AUD - Australia Dollar,"$40,000 - $59,999",[^not answered],Somewhat lower,Belgium,1,[^not chosen],[^not chosen],[^not chosen],[^not chosen],[^not chosen],x,[^not chosen],20–99 employees,Yes,No,Bachelor’s degree,Woman
BaTj,Employee,[\unasked],Scientist,6-10,USD - United States Dollar,"$60,000 - $79,999",I am not compensated on an hourly or project basis,Similar,United States,1,[^not chosen],[^not chosen],[^not chosen],[^not chosen],[^not chosen],[^not chosen],Public Health,"1,000–4,999 employees",No,No,Master’s (or similar graduate degree),Woman
eZrk,FreelanceAND,[\unasked],"Leadership (Manager, Director, VP, etc.)",16-20,USD - United States Dollar,"$100,000 - $119,999",[^not answered],Similar,United States,1,[^not chosen],[^not chosen],[^not chosen],[^not chosen],x,[^not chosen],[^not chosen],100–499 employees,Yes,No,Master’s (or similar graduate degree),Woman
wSYX,Employee,[\unasked],"Leadership (Manager, Director, VP, etc.)",6-10,USD - United States Dollar,"$60,000 - $79,999",I am not compensated on an hourly or project basis,[^not answered],United States,1,[^not chosen],[^not chosen],[^not chosen],[^not chosen],[^not chosen],[^not chosen],Social services; youth,20–99 employees,No,No,Master’s (or similar graduate degree),Self-described or Prefer not to say
BfIL,FreelanceAND,Analyst,Analyst,6-10,USD - United States Dollar,"$40,000 - $59,999",$45 - $59,Much lower,United States,1,[^not chosen],[^not chosen],[^not chosen],[^not chosen],[^not chosen],[^not chosen],Food and agricultural,Fewer than 20 employees,No,No,Master’s (or similar graduate degree),Woman
ksCS,Student,[\unasked],Developer,6-10,USD - United States Dollar,"$120,000 - $139,999",I am not compensated on an hourly or project basis,Similar,United States,1,[^not chosen],x,[^not chosen],[^not chosen],[^not chosen],[^not chosen],[^not chosen],"5,000+ employees",No,Yes,Bachelor’s degree,Man
vzgx,Student,[\unasked],Developer,1-5,USD - United States Dollar,"$80,000 - $99,999",$60 - $74,Much higher,France,0,[^not chosen],[^not chosen],[^not chosen],[^not chosen],[^not chosen],[^not chosen],[^not chosen],20–99 employees,No,No,"Doctoral degree (e.g., PhD, EdD, PsyD)",Man
xLMN,FreelanceAND,[\unasked],None of these describes my role,6-10,USD - United States Dollar,"$60,000 - $79,999",I am not compensated on an hourly or project basis,Similar,United States,0,[^not chosen],[^not chosen],[^not chosen],[^not chosen],[^not chosen],[^not chosen],[^not chosen],100–499 employees,No,No,Master’s (or similar graduate degree),Woman
DFcu,Student,[\unasked],Analyst,6-10,USD - United States Dollar,"$60,000 - $79,999",[^not answered],Similar,United States,1,[^not chosen],[^not chosen],[^not chosen],[^not chosen],[^not chosen],[^not chosen],Education,20–99 employees,No,Yes,Master’s (or similar graduate degree),Woman
lQgm,Student,[\unasked],Analyst,1-5,GBP - United Kingdom Pound,[^not answered],$60 - $74,Similar,United Kingdom,1,[^not chosen],[^not chosen],[^not chosen],[^not chosen],[^not chosen],[^not chosen],Sport,100–499 employees,No,Yes,Master’s (or similar graduate degree),Man
Eyml,Student,[\unasked],"Leadership (Manager, Director, VP, etc.)",1-5,GBP - United Kingdom Pound,"$60,000 - $79,999",I am not compensated on an hourly or project basis,Somewhat lower,United Kingdom,1,[^not chosen],[^not chosen],x,[^not chosen],[^not chosen],[^not chosen],[^not chosen],"1,000–4,999 employees",No,No,Bachelor’s degree,Woman
wNuC,Employee,[\unasked],Designer,1-5,EUR - Euro Member Countries,"$20,000 - $39,999",[^not answered],Somewhat higher,Italy,4,x,x,[^not chosen],[^not chosen],x,x,[^not chosen],20–99 employees,No,No,Master’s (or similar graduate degree),Man
Jynp,Employee,[\unasked],Engineer,6-10,EUR - Euro Member Countries,"$40,000 - $59,999",$30 - $44,Somewhat higher,Portugal,1,[^not chosen],[^not chosen],[^not chosen],[^not chosen],[^not chosen],[^not chosen],Education,100–499 employees,No,Yes,Master’s (or similar graduate degree),Man
uArd,Academic,[\unasked],Analyst,6-10,USD - United States Dollar,"$80,000 - $99,999",I am not compensated on an hourly or project basis,Similar,United States,1,[^not chosen],[^not chosen],[^not chosen],[^not chosen],x,[^not chosen],[^not chosen],100–499 employees,No,Yes,Master’s (or similar graduate degree),Woman
HPsl,Academic,[\unasked],Analyst,6-10,USD - United States Dollar,"$60,000 - $79,999",[^not answered],Similar,United States,1,[^not chosen],[^not chosen],[^not chosen],[^not chosen],[^not chosen],[^not chosen],Education - Consulting,Fewer than 20 employees,No,No,Master’s (or similar graduate degree),Woman
MueN,OtherCombo,[\unasked],Developer,1-5,USD - United States Dollar,"$180,000 - $199,999",I am not compensated on an hourly or project basis,Similar,United States,1,[^not chosen],[^not chosen],[^not chosen],[^not chosen],[^not chosen],x,[^not chosen],Fewer than 20 employees,No,No,Master’s (or similar graduate degree),Man
TvGD,Employee,[\unasked],Developer,21-25,USD - United States Dollar,I am not compensated on a yearly basis,I am not compensated on an hourly or project basis,Similar,United States,1,[^not chosen],[^not chosen],[^not chosen],[^not chosen],[^not chosen],[^not chosen],Books,Fewer than 20 employees,No,No,Bachelor’s degree,Man
hBJK,Freelance,Analyst,Analyst,16-20,USD - United States Dollar,"$10,000 - $19,999",Less than $15,Somewhat higher,Uzbekistan,4,x,x,x,[^not chosen],[^not chosen],x,[^not chosen],20–99 employees,Yes,Yes,Master’s (or similar graduate degree),Man
miPb,Employee,[\unasked],"Leadership (Manager, Director, VP, etc.)",6-10,USD - United States Dollar,"$240,000 or more",I am not compensated on an hourly or project basis,Somewhat higher,United States,2,[^not chosen],[^not chosen],x,[^not chosen],[^not chosen],[^not chosen],Entertainment,"5,000+ employees",No,No,Master’s (or similar graduate degree),Woman
VTgo,Employee,Designer,Developer,11-15,USD - United States Dollar,"$100,000 - $119,999",$60 - $74,[^not answered],United States,2,[^not chosen],[^not chosen],[^not chosen],[^not chosen],x,x,[^not chosen],100–499 employees,Yes,No,Master’s (or similar graduate degree),Woman
aQVK,Employee,[\unasked],Analyst,6-10,NZD - New Zealand Dollar,"$40,000 - $59,999",I am not compensated on an hourly or project basis,Similar,New Zealand,1,x,[^not chosen],[^not chosen],[^not chosen],[^not chosen],[^not chosen],[^not chosen],100–499 employees,No,Yes,Master’s (or similar graduate degree),Man
FJae,Employee,[\unasked],"Leadership (Manager, Director, VP, etc.)",11-15,EUR - Euro Member Countries,"$80,000 - $99,999",[^not answered],Similar,Germany,1,[^not chosen],[^not chosen],x,[^not chosen],[^not chosen],[^not chosen],[^not chosen],20–99 employees,No,No,Bachelor’s degree,Woman
mxoe,Employee,[\unasked],Designer,16-20,CHF - Switzerland Franc,I am not compensated on a yearly basis,I am not compensated on an hourly or project basis,Somewhat lower,Switzerland,2,[^not chosen],[^not chosen],[^not chosen],[^not chosen],x,[^not chosen],Culture,Fewer than 20 employees,No,Yes,Master’s (or similar graduate degree),Woman
fxDQ,Freelance,[\unasked],"Leadership (Manager, Director, VP, etc.)",6-10,USD - United States Dollar,"$140,000 - $159,999",[^not answered],Somewhat higher,United States,1,[^not chosen],[^not chosen],[^not chosen],[^not chosen],[^not chosen],[^not chosen],Insurance,"5,000+ employees",No,No,Bachelor’s degree,Man
UnHj,EmployeeAND,[\unasked],Journalist,1-5,RUB - Russia Ruble,"$20,000 - $39,999",[^not answered],Similar,Italy,1,[^not chosen],[^not chosen],x,[^not chosen],[^not chosen],[^not chosen],[^not chosen],100–499 employees,Yes,No,Bachelor’s degree,Woman
WUhr,Student,Designer,None of these describes my role,1-5,USD - United States Dollar,"$60,000 - $79,999",$60 - $74,[^not answered],United States,1,[^not chosen],x,[^not chosen],[^not chosen],[^not chosen],[^not chosen],[^not chosen],"5,000+ employees",No,No,"Doctoral degree (e.g., PhD, EdD, PsyD)",Self-described or Prefer not to say
YBST,Employee,[\unasked],"Leadership (Manager, Director, VP, etc.)",1-5,USD - United States Dollar,"$180,000 - $199,999",[^not answered],Much higher,United States,1,[^not chosen],[^not chosen],[^not chosen],[^not chosen],[^not chosen],[^not chosen],CPG,"5,000+ employees",Yes,No,Bachelor’s degree,Woman
DiKr,Employee,[\unasked],Designer,Less than 1 year,EUR - Euro Member Countries,"$20,000 - $39,999",I am not compensated on an hourly or project basis,Much lower,Italy,1,[^not chosen],[^not chosen],[^not chosen],[^not chosen],x,[^not chosen],[^not chosen],"1,000–4,999 employees",Yes,No,Master’s (or similar graduate degree),Woman
efAN,Hobbyist,[\unasked],Developer,1-5,EUR - Euro Member Countries,"$20,000 - $39,999",[^not answered],Similar,Portugal,1,x,[^not chosen],[^not chosen],[^not chosen],[^not chosen],[^not chosen],[^not chosen],100–499 employees,Yes,Yes,Master’s (or similar graduate degree),Woman
lmyb,Employee,[\unasked],Analyst,1-5,EUR - Euro Member Countries,"$20,000 - $39,999",[^not answered],Somewhat higher,Latvia,1,[^not chosen],[^not chosen],x,[^not chosen],[^not chosen],[^not chosen],[^not chosen],20–99 employees,No,No,Master’s (or similar graduate degree),Self-described or Prefer not to say
fjGC,Skipped question,[\unasked],None of these describes my role,1-5,GBP - United Kingdom Pound,"$100,000 - $119,999",I am not compensated on an hourly or project basis,Similar,United Kingdom,1,[^not chosen],[^not chosen],[^not chosen],[^not chosen],[^not chosen],[^not chosen],Advertising,100–499 employees,No,No,Master’s (or similar graduate degree),Man
dAXr,Employee,[\unasked],Analyst,1-5,RUB - Russia Ruble,"Less than $10,000",Less than $15,Much lower,Russia,1,[^not chosen],[^not chosen],[^not chosen],[^not chosen],[^not chosen],[^not chosen],Education,"1,000–4,999 employees",Yes,Yes,Master’s (or similar graduate degree),Woman
QLVS,Freelance,[\unasked],Analyst,6-10,RUB - Russia Ruble,"$10,000 - $19,999",[^not answered],Somewhat lower,Russia,1,x,[^not chosen],[^not chosen],[^not chosen],[^not chosen],[^not chosen],[^not chosen],"5,000+ employees",No,Yes,Master’s (or similar graduate degree),Woman
Bqnc,EmployeeANDFreelanceAND,[\unasked],Analyst,1-5,PLN - Poland Zloty,"$20,000 - $39,999",[^not answered],Somewhat lower,Poland,1,[^not chosen],[^not chosen],[^not chosen],[^not chosen],[^not chosen],[^not chosen],Services,"1,000–4,999 employees",Yes,Yes,Bachelor’s degree,Woman
AJce,Hobbyist,[\unasked],"Leadership (Manager, Director, VP, etc.)",1-5,EUR - Euro Member Countries,"$120,000 - $139,999",[^not answered],Similar,Germany,1,[^not chosen],[^not chosen],x,[^not chosen],[^not chosen],[^not chosen],[^not chosen],"1,000–4,999 employees",No,No,Master’s (or similar graduate degree),Man
pvAp,Academic,[\unasked],None of these describes my role,1-5,EUR - Euro Member Countries,"$60,000 - $79,999",[^not answered],Similar,Germany,1,[^not chosen],x,[^not chosen],[^not chosen],[^not chosen],[^not chosen],[^not chosen],20–99 employees,No,No,High school diploma,Man
oFPW,Academic,[\unasked],Analyst,21-25,RUB - Russia Ruble,"Less than $10,000",I am not compensated on an hourly or project basis,Similar,Russia,1,[^not chosen],[^not chosen],x,[^not chosen],[^not chosen],[^not chosen],[^not chosen],100–499 employees,No,No,Master’s (or similar graduate degree),Woman
eJcA,Employee,[\unasked],None of these describes my role,1-5,GBP - United Kingdom Pound,"$40,000 - $59,999",[^not answered],Somewhat lower,United Kingdom,3,[^not chosen],[^not chosen],x,[^not chosen],x,x,[^not chosen],100–499 employees,No,Yes,"Doctoral degree (e.g., PhD, EdD, PsyD)",Woman
gllG,Employee,[\unasked],"Leadership (Manager, Director, VP, etc.)",6-10,EUR - Euro Member Countries,"$20,000 - $39,999",$15 - $29,Somewhat lower,Ukraine,1,[^not chosen],[^not chosen],x,[^not chosen],[^not chosen],[^not chosen],[^not chosen],100–499 employees,No,No,Master’s (or similar graduate degree),Woman
MEHJ,Employee,Developer,Designer,6-10,RUB - Russia Ruble,"$40,000 - $59,999",[^not answered],Somewhat higher,Russia,1,[^not chosen],[^not chosen],x,[^not chosen],[^not chosen],[^not chosen],[^not chosen],"5,000+ employees",Yes,No,Master’s (or similar graduate degree),Man
VKVR,Employee,[\unasked],"Leadership (Manager, Director, VP, etc.)",1-5,USD - United States Dollar,"$60,000 - $79,999",I am not compensated on an hourly or project basis,Similar,United States,1,[^not chosen],[^not chosen],[^not chosen],[^not chosen],[^not chosen],x,[^not chosen],Fewer than 20 employees,No,Yes,Master’s (or similar graduate degree),Man
vLRt,Employee,[\unasked],Analyst,1-5,AUD - Australia Dollar,"$60,000 - $79,999",I am not compensated on an hourly or project basis,Similar,Australia,1,[^not chosen],[^not chosen],x,[^not chosen],[^not chosen],[^not chosen],[^not chosen],"1,000–4,999 employees",No,No,"Doctoral degree (e.g., PhD, EdD, PsyD)",Woman
hmgv,Employee,[\unasked],Designer,1-5,USD - United States Dollar,"$140,000 - $159,999",[^not answered],Somewhat higher,United States,1,[^not chosen],[^not chosen],[^not chosen],[^not chosen],[^not chosen],x,[^not chosen],"1,000–4,999 employees",No,No,Bachelor’s degree,Man
oqoJ,Employee,[\unasked],Analyst,11-15,USD - United States Dollar,"$40,000 - $59,999",I am not compensated on an hourly or project basis,Similar,United States,1,[^not chosen],[^not chosen],[^not chosen],[^not chosen],[^not chosen],[^not chosen],Legal,500–999 employees,No,Yes,Bachelor’s degree,Woman
ccWh,Employee,[\unasked],"Leadership (Manager, Director, VP, etc.)",1-5,USD - United States Dollar,"$120,000 - $139,999",I am not compensated on an hourly or project basis,Somewhat lower,United States,1,[^not chosen],[^not chosen],[^not chosen],[^not chosen],[^not chosen],[^not chosen],Social service nonprofit and grantmaking,100–499 employees,Yes,No,Master’s (or similar graduate degree),Woman
SAGT,Employee,[\unasked],Analyst,1-5,USD - United States Dollar,"$100,000 - $119,999",I am not compensated on an hourly or project basis,Similar,United States,1,[^not chosen],[^not chosen],[^not chosen],[^not chosen],[^not chosen],[^not chosen],Property & Casualty Insurance,"5,000+ employees",No,No,Bachelor’s degree,Man
TvAL,Student,[\unasked],Designer,Less than 1 year,USD - United States Dollar,"$160,000 - $179,999",I am not compensated on an hourly or project basis,Much higher,United States,1,[^not chosen],[^not chosen],[^not chosen],[^not chosen],[^not chosen],[^not chosen],Entertainment,"5,000+ employees",Yes,No,Master’s (or similar graduate degree),Woman
sPcJ,Employee,[\unasked],Analyst,Less than 1 year,USD - United States Dollar,"$100,000 - $119,999",[^not answered],Somewhat higher,United States,1,[^not chosen],[^not chosen],[^not chosen],[^not chosen],[^not chosen],[^not chosen],education,500–999 employees,Yes,No,"Doctoral degree (e.g., PhD, EdD, PsyD)",Woman
Skmn,EmployeeAND,[\unasked],Developer,11-15,BRL - Brazil Real,I am not compensated on a yearly basis,I am not compensated on an hourly or project basis,Somewhat higher,Brazil,1,[^not chosen],[^not chosen],[^not chosen],[^not chosen],[^not chosen],[^not chosen],Tech,"1,000–4,999 employees",No,Yes,Master’s (or similar graduate degree),Man
qZSB,Employee,[\unasked],"Leadership (Manager, Director, VP, etc.)",6-10,USD - United States Dollar,"$120,000 - $139,999",[^not answered],Similar,United States,1,[^not chosen],[^not chosen],x,[^not chosen],[^not chosen],[^not chosen],[^not chosen],"1,000–4,999 employees",No,Yes,Master’s (or similar graduate degree),Self-described or Prefer not to say
NmUS,EmployeeAND,[\unasked],Engineer,1-5,USD - United States Dollar,"$200,000 - $219,999",[^not answered],[^not answered],United States,1,[^not chosen],[^not chosen],x,[^not chosen],[^not chosen],[^not chosen],[^not chosen],20–99 employees,No,No,Master’s (or similar graduate degree),Woman
LJpv,Employee,[\unasked],Analyst,1-5,USD - United States Dollar,"$80,000 - $99,999",[^not answered],Somewhat lower,United States,0,[^not chosen],[^not chosen],[^not chosen],[^not chosen],[^not chosen],[^not chosen],[^not chosen],"5,000+ employees",No,No,Bachelor’s degree,Woman
UDLs,Employee,[\unasked],Analyst,1-5,USD - United States Dollar,"$100,000 - $119,999",[^not answered],Somewhat higher,United States,2,[^not chosen],x,[^not chosen],[^not chosen],[^not chosen],[^not chosen],Social Services,100–499 employees,No,No,"Doctoral degree (e.g., PhD, EdD, PsyD)",Woman
muSo,Employee,[\unasked],Analyst,1-5,USD - United States Dollar,"$100,000 - $119,999",I am not compensated on an hourly or project basis,Somewhat higher,United States,1,[^not chosen],[^not chosen],[^not chosen],[^not chosen],[^not chosen],x,[^not chosen],20–99 employees,No,No,Master’s (or similar graduate degree),Man
cOvT,Employee,[\unasked],"Leadership (Manager, Director, VP, etc.)",1-5,USD - United States Dollar,"$100,000 - $119,999",I am not compensated on an hourly or project basis,Similar,United States,1,[^not chosen],[^not chosen],[^not chosen],[^not chosen],[^not chosen],[^not chosen],Education,"1,000–4,999 employees",No,No,"Doctoral degree (e.g., PhD, EdD, PsyD)",Woman
JBdV,EmployeeAND,[\unasked],Designer,Less than 1 year,AUD - Australia Dollar,"$160,000 - $179,999",[^not answered],Much higher,Australia,1,x,[^not chosen],[^not chosen],[^not chosen],[^not chosen],[^not chosen],[^not chosen],"5,000+ employees",No,No,Master’s (or similar graduate degree),Woman
YUUE,Employee,[\unasked],Analyst,1-5,EUR - Euro Member Countries,"$20,000 - $39,999",[^not answered],Similar,Slovakia,1,x,[^not chosen],[^not chosen],[^not chosen],[^not chosen],[^not chosen],[^not chosen],"1,000–4,999 employees",No,Yes,Master’s (or similar graduate degree),Woman
jsEo,Employee,[\unasked],Analyst,1-5,USD - United States Dollar,"$120,000 - $139,999",[^not answered],Similar,United States,1,[^not chosen],[^not chosen],[^not chosen],[^not chosen],[^not chosen],[^not chosen],Education,"5,000+ employees",No,No,Master’s (or similar graduate degree),Woman
ZhGP,EmployeeAND,[\unasked],Analyst,6-10,USD - United States Dollar,"$100,000 - $119,999",I am not compensated on an hourly or project basis,Similar,United States,1,[^not chosen],x,[^not chosen],[^not chosen],[^not chosen],[^not chosen],[^not chosen],100–499 employees,No,No,Master’s (or similar graduate degree),Woman
bVXS,EmployeeAND,[\unasked],Designer,6-10,USD - United States Dollar,"$20,000 - $39,999",I am not compensated on an hourly or project basis,Somewhat higher,Ecuador,1,[^not chosen],[^not chosen],[^not chosen],[^not chosen],[^not chosen],x,[^not chosen],100–499 employees,No,Yes,Bachelor’s degree,Woman
ZSOd,Employee,[\unasked],Analyst,1-5,USD - United States Dollar,"$60,000 - $79,999",[^not answered],Similar,United States,1,[^not chosen],[^not chosen],[^not chosen],[^not chosen],[^not chosen],[^not chosen],Public Health,20–99 employees,No,No,Master’s (or similar graduate degree),Woman
hMxZ,Employee,[\unasked],Analyst,1-5,USD - United States Dollar,"$120,000 - $139,999",[^not answered],Somewhat higher,United States,1,[^not chosen],[^not chosen],[^not chosen],[^not chosen],[^not chosen],x,[^not chosen],100–499 employees,No,No,Master’s (or similar graduate degree),Man
XaGd,Freelance,[\unasked],Designer,6-10,BRL - Brazil Real,"$20,000 - $39,999",I am not compensated on an hourly or project basis,Somewhat higher,Brazil,1,[^not chosen],[^not chosen],[^not chosen],[^not chosen],[^not chosen],[^not chosen],National statistics,"5,000+ employees",No,No,Master’s (or similar graduate degree),Man
bfWd,Employee,[\unasked],"Leadership (Manager, Director, VP, etc.)",1-5,USD - United States Dollar,"$120,000 - $139,999",[^not answered],Similar,United States,0,[^not chosen],[^not chosen],[^not chosen],[^not chosen],[^not chosen],[^not chosen],[^not chosen],"5,000+ employees",No,No,Master’s (or similar graduate degree),Woman
kJNq,Employee,Analyst,Teacher,1-5,USD - United States Dollar,"$60,000 - $79,999",[^not answered],[^not answered],United States,1,[^not chosen],[^not chosen],[^not chosen],[^not chosen],[^not chosen],x,[^not chosen],Fewer than 20 employees,No,No,Master’s (or similar graduate degree),Self-described or Prefer not to say
eaNd,Academic,[\unasked],"Leadership (Manager, Director, VP, etc.)",11-15,USD - United States Dollar,"$120,000 - $139,999",[^not answered],Similar,United States,2,[^not chosen],x,x,[^not chosen],[^not chosen],[^not chosen],[^not chosen],"5,000+ employees",No,Yes,Master’s (or similar graduate degree),Woman
Jynt,EmployeeAND,[\unasked],"Leadership (Manager, Director, VP, etc.)",1-5,USD - United States Dollar,"$160,000 - $179,999",[^not answered],Somewhat higher,United States,1,[^not chosen],[^not chosen],x,[^not chosen],[^not chosen],[^not chosen],[^not chosen],"1,000–4,999 employees",No,No,Bachelor’s degree,Man
wMEM,Employee,Designer,Designer,1-5,USD - United States Dollar,"$120,000 - $139,999",$200 - $224,Similar,United States,1,[^not chosen],x,[^not chosen],[^not chosen],[^not chosen],[^not chosen],[^not chosen],100–499 employees,No,No,Bachelor’s degree,Woman
AuYR,Employee,[\unasked],Analyst,1-5,USD - United States Dollar,"$80,000 - $99,999",I am not compensated on an hourly or project basis,Somewhat higher,United States,1,[^not chosen],[^not chosen],[^not chosen],[^not chosen],[^not chosen],[^not chosen],Education,100–499 employees,No,Yes,"Doctoral degree (e.g., PhD, EdD, PsyD)",Man
HkjN,Academic,[\unasked],Designer,1-5,EUR - Euro Member Countries,"$60,000 - $79,999",$100 - $124,Similar,France,1,[^not chosen],[^not chosen],x,[^not chosen],[^not chosen],[^not chosen],[^not chosen],Fewer than 20 employees,Yes,Yes,High school diploma,Woman
yJog,Employee,[\unasked],Analyst,1-5,USD - United States Dollar,"$60,000 - $79,999",I am not compensated on an hourly or project basis,Much lower,United States,1,[^not chosen],[^not chosen],[^not chosen],[^not chosen],[^not chosen],[^not chosen],higher education,500–999 employees,No,No,Master’s (or similar graduate degree),Woman
fcxh,Employee,[\unasked],Engineer,1-5,EUR - Euro Member Countries,"$20,000 - $39,999",[^not answered],Similar,Spain,1,[^not chosen],[^not chosen],x,[^not chosen],[^not chosen],[^not chosen],[^not chosen],20–99 employees,No,No,"Doctoral degree (e.g., PhD, EdD, PsyD)",Man
BbUR,Employee,[\unasked],"Leadership (Manager, Director, VP, etc.)",Less than 1 year,USD - United States Dollar,"$220,000 - $239,999",I am not compensated on an hourly or project basis,Similar,United States,1,[^not chosen],[^not chosen],[^not chosen],[^not chosen],[^not chosen],x,[^not chosen],100–499 employees,No,Yes,Master’s (or similar graduate degree),Man
HLUc,Employee,[\unasked],"Leadership (Manager, Director, VP, etc.)",1-5,USD - United States Dollar,"$120,000 - $139,999",[^not answered],Similar,United States,2,[^not chosen],[^not chosen],x,[^not chosen],x,[^not chosen],[^not chosen],"1,000–4,999 employees",Yes,No,Master’s (or similar graduate degree),Man
eUoS,Employee,[\unasked],,1-5,USD - United States Dollar,"$60,000 - $79,999",[^not answered],[^not answered],United States,1,[^not chosen],[^not chosen],[^not chosen],[^not chosen],[^not chosen],x,[^not chosen],20–99 employees,No,Yes,Master’s (or similar graduate degree),Woman
AUpJ,Employee,[\unasked],Developer,1-5,USD - United States Dollar,"$100,000 - $119,999",[^not answered],Somewhat higher,United States,1,[^not chosen],[^not chosen],[^not chosen],[^not chosen],[^not chosen],[^not chosen],Higher education,20–99 employees,No,Yes,Master’s (or similar graduate degree),Man
oRwv,Academic,[\unasked],Analyst,6-10,USD - United States Dollar,"$60,000 - $79,999",[^not answered],Similar,United States,1,[^not chosen],x,[^not chosen],[^not chosen],[^not chosen],[^not chosen],[^not chosen],100–499 employees,No,Yes,Master’s (or similar graduate degree),Man
wTGw,Employee,[\unasked],Engineer,21-25,[^not answered],[^not answered],[^not answered],[^not answered],[^not answered],1,[^not chosen],[^not chosen],x,[^not chosen],[^not chosen],[^not chosen],[^not chosen],100–499 employees,No,No,Bachelor’s degree,Man
bMBR,Hobbyist,[\unasked],"Leadership (Manager, Director, VP, etc.)",6-10,USD - United States Dollar,"$220,000 - $239,999",[^not answered],Similar,United States,1,[^not chosen],x,[^not chosen],[^not chosen],[^not chosen],[^not chosen],[^not chosen],100–499 employees,Yes,No,Bachelor’s degree,Man
JRRX,EmployeeAND,[\unasked],Analyst,6-10,USD - United States Dollar,"$60,000 - $79,999",I am not compensated on an hourly or project basis,Somewhat lower,United States,1,[^not chosen],[^not chosen],[^not chosen],[^not chosen],[^not chosen],[^not chosen],Education,"1,000–4,999 employees",No,No,"Doctoral degree (e.g., PhD, EdD, PsyD)",Woman
kEli,Employee,[\unasked],Scientist,11-15,USD - United States Dollar,"$240,000 or more",I am not compensated on an hourly or project basis,Somewhat higher,United States,1,[^not chosen],[^not chosen],x,[^not chosen],[^not chosen],[^not chosen],[^not chosen],"5,000+ employees",No,No,"Doctoral degree (e.g., PhD, EdD, PsyD)",Man
Jssh,Academic,[\unasked],Analyst,6-10,USD - United States Dollar,"$80,000 - $99,999",I am not compensated on an hourly or project basis,Somewhat higher,United States,1,[^not chosen],[^not chosen],[^not chosen],[^not chosen],[^not chosen],[^not chosen],Association/Regulation,100–499 employees,No,Yes,Master’s (or similar graduate degree),Woman
jpXe,Academic,[\unasked],Analyst,6-10,USD - United States Dollar,"$120,000 - $139,999",I am not compensated on an hourly or project basis,Somewhat higher,United States,1,[^not chosen],x,[^not chosen],[^not chosen],[^not chosen],[^not chosen],[^not chosen],"5,000+ employees",No,Yes,Bachelor’s degree,Woman
Kaxs,Employee,Developer,"Leadership (Manager, Director, VP, etc.)",16-20,USD - United States Dollar,"$180,000 - $199,999",[^not answered],Similar,United States,4,x,x,x,[^not chosen],[^not chosen],x,[^not chosen],100–499 employees,No,No,"Doctoral degree (e.g., PhD, EdD, PsyD)",Man
fyhn,Academic,[\unasked],Analyst,1-5,USD - United States Dollar,"$120,000 - $139,999",[^not answered],Similar,United States,1,[^not chosen],[^not chosen],[^not chosen],[^not chosen],[^not chosen],[^not chosen],Philanthropy,20–99 employees,No,No,Master’s (or similar graduate degree),Woman
Toga,Employee,Designer,Analyst,16-20,EUR - Euro Member Countries,[^not answered],[^not answered],[^not answered],Italy,0,[^not chosen],[^not chosen],[^not chosen],[^not chosen],[^not chosen],[^not chosen],,"1,000–4,999 employees",No,Yes,Master’s (or similar graduate degree),Woman
CVdi,Employee,[\unasked],Engineer,1-5,USD - United States Dollar,"$140,000 - $159,999",I am not compensated on an hourly or project basis,Similar,United States,1,[^not chosen],[^not chosen],[^not chosen],[^not chosen],[^not chosen],x,[^not chosen],20–99 employees,No,Yes,[^not answered],[^not answered]
RCFF,EmployeeANDFreelance,[\unasked],None of these describes my role,6-10,USD - United States Dollar,"$40,000 - $59,999",[^not answered],Much lower,[^not answered],1,[^not chosen],[^not chosen],[^not chosen],[^not chosen],[^not chosen],x,[^not chosen],"5,000+ employees",No,Yes,Master’s (or similar graduate degree),Man
OFIX,Employee,[\unasked],Engineer,6-10,USD - United States Dollar,"$140,000 - $159,999",I am not compensated on an hourly or project basis,Similar,United States,1,[^not chosen],[^not chosen],[^not chosen],[^not chosen],[^not chosen],[^not chosen],Sports,Fewer than 20 employees,No,No,Bachelor’s degree,Man
GAbN,Employee,Designer,Designer,1-5,USD - United States Dollar,"$120,000 - $139,999",$75 - $99,Much higher,United States,1,[^not chosen],[^not chosen],[^not chosen],[^not chosen],[^not chosen],x,[^not chosen],100–499 employees,No,No,Bachelor’s degree,Woman
DulJ,Employee,[\unasked],Analyst,1-5,USD - United States Dollar,"$80,000 - $99,999",I am not compensated on an hourly or project basis,Similar,United States,1,[^not chosen],[^not chosen],[^not chosen],[^not chosen],[^not chosen],[^not chosen],"Racial justice, advocacy and policy change",20–99 employees,Yes,No,Master’s (or similar graduate degree),Woman
TevM,Employee,Developer,"Leadership (Manager, Director, VP, etc.)",1-5,USD - United States Dollar,"$240,000 or more",$200 - $224,Somewhat higher,United States,2,[^not chosen],x,[^not chosen],[^not chosen],x,[^not chosen],[^not chosen],Fewer than 20 employees,No,No,Bachelor’s degree,Self-described or Prefer not to say
onuS,Employee,[\unasked],Developer,1-5,USD - United States Dollar,"$100,000 - $119,999",[^not answered],Similar,United States,1,[^not chosen],[^not chosen],[^not chosen],[^not chosen],[^not chosen],[^not chosen],data; education; research,20–99 employees,Yes,No,Master’s (or similar graduate degree),Man
zRsj,Freelance,[\unasked],Designer,1-5,USD - United States Dollar,"$120,000 - $139,999",[^not answered],Somewhat higher,United States,3,[^not chosen],x,x,[^not chosen],[^not chosen],x,[^not chosen],"5,000+ employees",No,No,Bachelor’s degree,Woman
GeMj,Employee,[\unasked],Analyst,1-5,USD - United States Dollar,"$120,000 - $139,999",I am not compensated on an hourly or project basis,Similar,United States,1,[^not chosen],[^not chosen],[^not chosen],[^not chosen],[^not chosen],[^not chosen],Mobility; Fleet Rental; Car Rental,"5,000+ employees",Yes,No,Master’s (or similar graduate degree),Man
ZoZD,Employee,[\unasked],Developer,6-10,USD - United States Dollar,"$120,000 - $139,999",I am not compensated on an hourly or project basis,Similar,United States,1,[^not chosen],[^not chosen],[^not chosen],[^not chosen],[^not chosen],[^not chosen],Video gaming/simulation,100–499 employees,Yes,No,Master’s (or similar graduate degree),Woman
Zafx,Employee,[\unasked],"Leadership (Manager, Director, VP, etc.)",1-5,USD - United States Dollar,"$100,000 - $119,999",I am not compensated on an hourly or project basis,Somewhat lower,United States,0,[^not chosen],[^not chosen],[^not chosen],[^not chosen],[^not chosen],[^not chosen],[^not chosen],20–99 employees,No,Yes,Master’s (or similar graduate degree),Woman
zyAL,Employee,[\unasked],Designer,11-15,USD - United States Dollar,"$80,000 - $99,999",I am not compensated on an hourly or project basis,Similar,United States,2,[^not chosen],[^not chosen],x,[^not chosen],[^not chosen],x,[^not chosen],100–499 employees,No,Yes,Bachelor’s degree,Woman
srCF,Freelance,[\unasked],Designer,6-10,USD - United States Dollar,"$100,000 - $119,999",I am not compensated on an hourly or project basis,Similar,United States,1,[^not chosen],[^not chosen],[^not chosen],[^not chosen],[^not chosen],[^not chosen],social science research,100–499 employees,No,No,Bachelor’s degree,Self-described or Prefer not to say
EYiF,EmployeeAND,[\unasked],Analyst,6-10,USD - United States Dollar,"$60,000 - $79,999",[^not answered],Similar,United States,0,[^not chosen],[^not chosen],[^not chosen],[^not chosen],[^not chosen],[^not chosen],[^not chosen],"1,000–4,999 employees",No,Yes,Master’s (or similar graduate degree),Man
WGZw,Employee,[\unasked],Analyst,6-10,USD - United States Dollar,"$80,000 - $99,999",[^not answered],Much lower,United States,1,[^not chosen],[^not chosen],[^not chosen],[^not chosen],[^not chosen],[^not chosen],Education,100–499 employees,No,Yes,Master’s (or similar graduate degree),Woman
bzpB,Employee,[\unasked],Analyst,1-5,USD - United States Dollar,"$100,000 - $119,999",I am not compensated on an hourly or project basis,Somewhat lower,United States,0,[^not chosen],[^not chosen],[^not chosen],[^not chosen],[^not chosen],[^not chosen],[^not chosen],"5,000+ employees",No,Yes,Master’s (or similar graduate degree),Man
zlGZ,OtherCombo,[\unasked],"Leadership (Manager, Director, VP, etc.)",16-20,GBP - United Kingdom Pound,[^not answered],I am not compensated on an hourly or project basis,Somewhat higher,United Kingdom,1,x,[^not chosen],[^not chosen],[^not chosen],[^not chosen],[^not chosen],[^not chosen],"5,000+ employees",[\unfinished],[\unfinished],[\unfinished],[\unfinished]
buil,Employee,[\unasked],Analyst,1-5,USD - United States Dollar,"$140,000 - $159,999",[^not answered],Similar,United States,0,[^not chosen],[^not chosen],[^not chosen],[^not chosen],[^not chosen],[^not chosen],[^not chosen],100–499 employees,No,Yes,[\unfinished],[\unfinished]
Johr,Employee,[\unasked],Developer,1-5,GBP - United Kingdom Pound,"$80,000 - $99,999",[^not answered],Similar,United Kingdom,1,x,[^not chosen],[^not chosen],[^not chosen],[^not chosen],[^not chosen],[^not chosen],500–999 employees,No,Yes,[\unfinished],[\unfinished]
EJXg,Employee,[\unasked],Developer,1-5,USD - United States Dollar,"$140,000 - $159,999",$30 - $44,Similar,United States,1,[^not chosen],[^not chosen],[^not chosen],[^not chosen],[^not chosen],x,[^not chosen],"5,000+ employees",[\unfinished],[\unfinished],[\unfinished],[\unfinished]
Gtng,Employee,[\unasked],Developer,6-10,USD - United States Dollar,"$80,000 - $99,999",[^not answered],Somewhat lower,United States,1,[^not chosen],[^not chosen],[^not chosen],[^not chosen],[^not chosen],[^not chosen],Retail,"1,000–4,999 employees",No,Yes,[\unfinished],[\unfinished]
AdMO,Employee,[\unasked],Analyst,1-5,USD - United States Dollar,"$60,000 - $79,999",I am not compensated on an hourly or project basis,Similar,United States,1,[^not chosen],[^not chosen],[^not chosen],[^not chosen],[^not chosen],[^not chosen],Retail,"5,000+ employees",[\unfinished],[\unfinished],[\unfinished],[\unfinished]
UdPm,Employee,[\unasked],"Leadership (Manager, Director, VP, etc.)",1-5,CHF - Switzerland Franc,"$140,000 - $159,999",[^not answered],Somewhat higher,Switzerland,1,x,[^not chosen],[^not chosen],[^not chosen],[^not chosen],[^not chosen],[^not chosen],100–499 employees,[\unfinished],[\unfinished],[\unfinished],[\unfinished]
wFQr,Employee,Designer,Analyst,1-5,USD - United States Dollar,"$80,000 - $99,999",$125 - $149,Similar,United States,1,[^not chosen],[^not chosen],[^not chosen],[^not chosen],[^not chosen],[^not chosen],Education,20–99 employees,[\unfinished],[\unfinished],[\unfinished],[\unfinished]
LkFa,Employee,[\unasked],None of these describes my role,1-5,GBP - United Kingdom Pound,[^not answered],[^not answered],[^not answered],[^not answered],1,[^not chosen],x,[^not chosen],[^not chosen],[^not chosen],[^not chosen],[^not chosen],Fewer than 20 employees,No,No,[\unfinished],[\unfinished]
LHli,Employee,[\unasked],Analyst,1-5,EUR - Euro Member Countries,"$80,000 - $99,999",I am not compensated on an hourly or project basis,Similar,Germany,1,[^not chosen],[^not chosen],x,[^not chosen],[^not chosen],[^not chosen],[^not chosen],"1,000–4,999 employees",No,Yes,[\unfinished],[\unfinished]
XulT,Employee,Designer,Designer,6-10,EUR - Euro Member Countries,"$10,000 - $19,999",I am not compensated on an hourly or project basis,Somewhat lower,Spain,1,[^not chosen],[^not chosen],[^not chosen],[^not chosen],[^not chosen],x,[^not chosen],Fewer than 20 employees,[\unfinished],[\unfinished],[\unfinished],[\unfinished]
DVmN,EmployeeAND,[\unasked],"Leadership (Manager, Director, VP, etc.)",More than 30,USD - United States Dollar,"$100,000 - $119,999",[^not answered],Similar,United States,1,[^not chosen],[^not chosen],[^not chosen],[^not chosen],[^not chosen],[^not chosen],Early Childhood Education,100–499 employees,[\unfinished],[\unfinished],[\unfinished],[\unfinished]
Zwan,Employee,[\unasked],"Leadership (Manager, Director, VP, etc.)",1-5,USD - United States Dollar,"$100,000 - $119,999",[^not answered],Similar,United States,1,[^not chosen],x,[^not chosen],[^not chosen],[^not chosen],[^not chosen],[^not chosen],"1,000–4,999 employees",No,No,[\unfinished],[\unfinished]
qXQZ,Employee,[\unasked],Analyst,1-5,CAD - Canada Dollar,[^not answered],[^not answered],Similar,Canada,1,[^not chosen],[^not chosen],[^not chosen],[^not chosen],[^not chosen],[^not chosen],Education,20–99 employees,[\unfinished],[\unfinished],[\unfinished],[\unfinished]
gYSb,Employee,[\unasked],Analyst,1-5,GBP - United Kingdom Pound,"$40,000 - $59,999",[^not answered],Similar,United Kingdom,3,x,[^not chosen],x,[^not chosen],[^not chosen],x,[^not chosen],"5,000+ employees",[\unfinished],[\unfinished],[\unfinished],[\unfinished]
vMyf,Employee,[\unasked],Analyst,6-10,GBP - United Kingdom Pound,"$180,000 - $199,999",[^not answered],Somewhat higher,United Kingdom,1,[^not chosen],[^not chosen],[^not chosen],[^not chosen],[^not chosen],[^not chosen],Energy,"5,000+ employees",No,No,[\unfinished],[\unfinished]
flVt,Employee,[\unasked],Designer,1-5,USD - United States Dollar,"$240,000 or more",I am not compensated on an hourly or project basis,Similar,United States,1,[^not chosen],x,[^not chosen],[^not chosen],[^not chosen],[^not chosen],[^not chosen],"5,000+ employees",[\unfinished],[\unfinished],[\unfinished],[\unfinished]
BIzj,Employee,[\unasked],Scientist,11-15,CAD - Canada Dollar,"$60,000 - $79,999",[^not answered],Somewhat higher,Canada,1,[^not chosen],[^not chosen],[^not chosen],[^not chosen],[^not chosen],[^not chosen],Natural resources; forestry,Don’t know,No,Yes,[\unfinished],[\unfinished]
ahPk,Employee,[\unasked],Analyst,16-20,USD - United States Dollar,"$80,000 - $99,999",I am not compensated on an hourly or project basis,Similar,United States,1,[^not chosen],[^not chosen],x,[^not chosen],[^not chosen],[^not chosen],[^not chosen],"5,000+ employees",[\unfinished],[\unfinished],[\unfinished],[\unfinished]
hpkS,Employee,[\unasked],Developer,11-15,USD - United States Dollar,"$140,000 - $159,999",[^not answered],Somewhat higher,United States,1,[^not chosen],[^not chosen],[^not chosen],[^not chosen],[^not chosen],[^not chosen],Sports,100–499 employees,[\unfinished],[\unfinished],[\unfinished],[\unfinished]
VvuI,Employee,[\unasked],Developer,6-10,EUR - Euro Member Countries,"$20,000 - $39,999",[^not answered],Somewhat lower,France,0,[^not chosen],[^not chosen],[^not chosen],[^not chosen],[^not chosen],[^not chosen],[^not chosen],20–99 employees,No,Yes,[\unfinished],[\unfinished]
DPWB,Employee,[\unasked],Analyst,16-20,USD - United States Dollar,"$120,000 - $139,999",[^not answered],Similar,United States,3,[^not chosen],x,x,[^not chosen],[^not chosen],x,[^not chosen],500–999 employees,Yes,Yes,[\unfinished],[\unfinished]
irbV,Employee,[\unasked],Engineer,1-5,USD - United States Dollar,"$140,000 - $159,999",I am not compensated on an hourly or project basis,Somewhat lower,United States,1,[^not chosen],[^not chosen],x,[^not chosen],[^not chosen],[^not chosen],[^not chosen],100–499 employees,[\unfinished],[\unfinished],[\unfinished],[\unfinished]
cFMy,Hobbyist,[\unasked],Analyst,1-5,CAD - Canada Dollar,[^not answered],[^not answered],Much lower,Canada,0,[^not chosen],[^not chosen],[^not chosen],[^not chosen],[^not chosen],[^not chosen],[^not chosen],"1,000–4,999 employees",Yes,Yes,[\unfinished],[\unfinished]
EBfV,Employee,Analyst,Analyst,6-10,USD - United States Dollar,[^not answered],[^not answered],[^not answered],United States,1,[^not chosen],[^not chosen],[^not chosen],[^not chosen],[^not chosen],x,[^not chosen],Fewer than 20 employees,[\unfinished],[\unfinished],[\unfinished],[\unfinished]
ZBBR,Employee,[\unasked],Analyst,1-5,EUR - Euro Member Countries,"$100,000 - $119,999",[^not answered],Similar,Switzerland,1,[^not chosen],[^not chosen],[^not chosen],[^not chosen],[^not chosen],x,[^not chosen],500–999 employees,[\unfinished],[\unfinished],[\unfinished],[\unfinished]
noHp,Skipped question,[\unasked],Analyst,Less than 1 year,USD - United States Dollar,"$140,000 - $159,999",[^not answered],Somewhat higher,United States,1,[^not chosen],[^not chosen],[^not chosen],[^not chosen],[^not chosen],[^not chosen],Media,"5,000+ employees",[\unfinished],[\unfinished],[\unfinished],[\unfinished]
bYSR,Employee,[\unasked],Analyst,11-15,USD - United States Dollar,"$60,000 - $79,999",I am not compensated on an hourly or project basis,Somewhat lower,United States,1,[^not chosen],x,[^not chosen],[^not chosen],[^not chosen],[^not chosen],[^not chosen],"5,000+ employees",[\unfinished],[\unfinished],[\unfinished],[\unfinished]
fIbb,Employee,[\unasked],Scientist,6-10,GBP - United Kingdom Pound,[^not answered],I am not compensated on an hourly or project basis,Somewhat higher,United Kingdom,1,[^not chosen],x,[^not chosen],[^not chosen],[^not chosen],[^not chosen],[^not chosen],"5,000+ employees",No,No,[\unfinished],[\unfinished]
KVei,EmployeeAND,[\unasked],"Leadership (Manager, Director, VP, etc.)",6-10,EUR - Euro Member Countries,"$100,000 - $119,999",[^not answered],Much higher,Greece,1,[^not chosen],[^not chosen],x,[^not chosen],[^not chosen],[^not chosen],[^not chosen],20–99 employees,No,No,[\unfinished],[\unfinished]
NoQu,EmployeeAND,[\unasked],"Leadership (Manager, Director, VP, etc.)",1-5,USD - United States Dollar,[^not answered],[^not answered],[^not answered],United States,1,[^not chosen],[^not chosen],[^not chosen],[^not chosen],[^not chosen],x,[^not chosen],Fewer than 20 employees,[\unfinished],[\unfinished],[\unfinished],[\unfinished]
leJA,FreelanceAND,[\unasked],Engineer,1-5,EUR - Euro Member Countries,"$20,000 - $39,999",[^not answered],Similar,Austria,1,x,[^not chosen],[^not chosen],[^not chosen],[^not chosen],[^not chosen],[^not chosen],500–999 employees,No,No,[\unfinished],[\unfinished]
TIsk,Employee,[\unasked],Analyst,Less than 1 year,GBP - United Kingdom Pound,"$60,000 - $79,999",[^not answered],Similar,United Kingdom,1,[^not chosen],[^not chosen],x,[^not chosen],[^not chosen],[^not chosen],[^not chosen],"5,000+ employees",Yes,No,[\unfinished],[\unfinished]
HPeP,Employee,[\unasked],Designer,1-5,NZD - New Zealand Dollar,"$60,000 - $79,999",[^not answered],Somewhat higher,New Zealand,1,[^not chosen],[^not chosen],[^not chosen],[^not chosen],[^not chosen],[^not chosen],Agriculture,Fewer than 20 employees,[\unfinished],[\unfinished],[\unfinished],[\unfinished]
KpQf,EmployeeANDFreelance,[\unasked],Scientist,1-5,COP - Colombia Peso,"$20,000 - $39,999",$60 - $74,Similar,Colombia,1,[^not chosen],[^not chosen],[^not chosen],[^not chosen],[^not chosen],[^not chosen],Humanitarian,20–99 employees,[\unfinished],[\unfinished],[\unfinished],[\unfinished]
yDHx,Employee,[\unasked],Analyst,6-10,INR - India Rupee,"$10,000 - $19,999",[^not answered],Somewhat lower,India,2,x,[^not chosen],[^not chosen],[^not chosen],[^not chosen],x,[^not chosen],"5,000+ employees",[\unfinished],[\unfinished],[\unfinished],[\unfinished]
IhCh,Freelance,[\unasked],Designer,6-10,AUD - Australia Dollar,"$60,000 - $79,999",I am not compensated on an hourly or project basis,Similar,Australia,1,[^not chosen],[^not chosen],[^not chosen],[^not chosen],[^not chosen],x,[^not chosen],20–99 employees,[\unfinished],[\unfinished],[\unfinished],[\unfinished]
qneX,EmployeeANDFreelance,[\unasked],Analyst,11-15,USD - United States Dollar,"$60,000 - $79,999",I am not compensated on an hourly or project basis,Similar,United States,1,[^not chosen],[^not chosen],[^not chosen],[^not chosen],[^not chosen],[^not chosen],Membership association,"1,000–4,999 employees",No,No,[\unfinished],[\unfinished]
jLcS,Employee,[\unasked],Analyst,1-5,USD - United States Dollar,"$60,000 - $79,999",I am not compensated on an hourly or project basis,Somewhat lower,United States,1,[^not chosen],[^not chosen],[^not chosen],[^not chosen],[^not chosen],[^not chosen],Higher education,100–499 employees,[\unfinished],[\unfinished],[\unfinished],[\unfinished]
gQYL,Hobbyist,Analyst,"Leadership (Manager, Director, VP, etc.)",6-10,EUR - Euro Member Countries,"$60,000 - $79,999",$100 - $124,Similar,Germany,3,x,[^not chosen],x,[^not chosen],[^not chosen],x,[^not chosen],Fewer than 20 employees,[\unfinished],[\unfinished],[\unfinished],[\unfinished]
BRep,FreelanceAND,[\unasked],"Leadership (Manager, Director, VP, etc.)",21-25,AUD - Australia Dollar,[^not answered],[^not answered],Similar,Australia,1,[^not chosen],[^not chosen],[^not chosen],[^not chosen],[^not chosen],[^not chosen],Education,"5,000+ employees",Yes,No,[\unfinished],[\unfinished]
ZEcf,Employee,[\unasked],Analyst,1-5,USD - United States Dollar,"$10,000 - $19,999",I am not compensated on an hourly or project basis,Somewhat lower,Georgia,5,x,x,x,[^not chosen],x,x,[^not chosen],"5,000+ employees",[\unfinished],[\unfinished],[\unfinished],[\unfinished]
bRws,Employee,[\unasked],Analyst,6-10,RUB - Russia Ruble,"$20,000 - $39,999",I am not compensated on an hourly or project basis,Somewhat lower,Russia,1,[^not chosen],[^not chosen],[^not chosen],[^not chosen],[^not chosen],x,[^not chosen],500–999 employees,[\unfinished],[\unfinished],[\unfinished],[\unfinished]
qSnu,Employee,[\unasked],Analyst,1-5,CAD - Canada Dollar,"$60,000 - $79,999",$30 - $44,Similar,Canada,1,[^not chosen],[^not chosen],[^not chosen],[^not chosen],[^not chosen],[^not chosen],Public library,500–999 employees,No,No,[\unfinished],[\unfinished]
ifEs,Employee,[\unasked],"Leadership (Manager, Director, VP, etc.)",6-10,EUR - Euro Member Countries,"$80,000 - $99,999",I am not compensated on an hourly or project basis,Similar,Ireland,1,[^not chosen],[^not chosen],[^not chosen],[^not chosen],[^not chosen],[^not chosen],Education,20–99 employees,[\unfinished],[\unfinished],[\unfinished],[\unfinished]
SoCn,Academic,[\unasked],Analyst,6-10,USD - United States Dollar,"$40,000 - $59,999",[^not answered],Somewhat lower,United States,1,[^not chosen],[^not chosen],[^not chosen],[^not chosen],[^not chosen],[^not chosen],Education,100–499 employees,[\unfinished],[\unfinished],[\unfinished],[\unfinished]
TvBg,Employee,[\unasked],Designer,11-15,USD - United States Dollar,"$100,000 - $119,999",I am not compensated on an hourly or project basis,Somewhat higher,United States,1,[^not chosen],[^not chosen],[^not chosen],[^not chosen],[^not chosen],x,[^not chosen],"5,000+ employees",[\unfinished],[\unfinished],[\unfinished],[\unfinished]
Zslv,Skipped question,[\unasked],Engineer,Less than 1 year,USD - United States Dollar,"$240,000 or more",[^not answered],Somewhat higher,United States,1,[^not chosen],[^not chosen],x,[^not chosen],[^not chosen],[^not chosen],[^not chosen],"5,000+ employees",[\unfinished],[\unfinished],[\unfinished],[\unfinished]
MrWg,EmployeeAND,[\unasked],"Leadership (Manager, Director, VP, etc.)",1-5,EUR - Euro Member Countries,"$140,000 - $159,999",[^not answered],Somewhat higher,Spain,1,[^not chosen],[^not chosen],[^not chosen],[^not chosen],[^not chosen],x,[^not chosen],Fewer than 20 employees,[\unfinished],[\unfinished],[\unfinished],[\unfinished]
asWz,Employee,[\unasked],Developer,1-5,GBP - United Kingdom Pound,"$60,000 - $79,999",[^not answered],Somewhat higher,United Kingdom,1,[^not chosen],[^not chosen],x,[^not chosen],[^not chosen],[^not chosen],[^not chosen],20–99 employees,[\unfinished],[\unfinished],[\unfinished],[\unfinished]
VwzZ,Employee,[\unasked],None of these describes my role,6-10,USD - United States Dollar,"$120,000 - $139,999",[^not answered],Similar,United States,1,[^not chosen],[^not chosen],[^not chosen],[^not chosen],[^not chosen],[^not chosen],Food and Beverage Manufacturing,"1,000–4,999 employees",No,No,[\unfinished],[\unfinished]
rRLp,Employee,[\unasked],[\unfinished],1-5,[\unfinished],[\unfinished],[\unfinished],[\unfinished],[\unfinished],0,[\unfinished],[\unfinished],[\unfinished],[\unfinished],[\unfinished],[\unfinished],[\unfinished],[\unfinished],[\unfinished],[\unfinished],[\unfinished],[\unfinished]
AEbm,Employee,[\unasked],[\unfinished],6-10,[\unfinished],[\unfinished],[\unfinished],[\unfinished],[\unfinished],0,[\unfinished],[\unfinished],[\unfinished],[\unfinished],[\unfinished],[\unfinished],[\unfinished],[\unfinished],[\unfinished],[\unfinished],[\unfinished],[\unfinished]
Ucco,Employee,[\unfinished],[\unfinished],6-10,[\unfinished],[\unfinished],[\unfinished],[\unfinished],[\unfinished],0,[\unfinished],[\unfinished],[\unfinished],[\unfinished],[\unfinished],[\unfinished],[\unfinished],[\unfinished],[\unfinished],[\unfinished],[\unfinished],[\unfinished]
zSjc,Employee,[\unasked],[\unfinished],6-10,[\unfinished],[\unfinished],[\unfinished],[\unfinished],[\unfinished],0,[\unfinished],[\unfinished],[\unfinished],[\unfinished],[\unfinished],[\unfinished],[\unfinished],[\unfinished],[\unfinished],[\unfinished],[\unfinished],[\unfinished]
DTEI,Employee,[\unasked],[\unfinished],1-5,[\unfinished],[\unfinished],[\unfinished],[\unfinished],[\unfinished],0,[\unfinished],[\unfinished],[\unfinished],[\unfinished],[\unfinished],[\unfinished],[\unfinished],[\unfinished],[\unfinished],[\unfinished],[\unfinished],[\unfinished]
csEJ,Employee,[\unasked],[\unfinished],11-15,[\unfinished],[\unfinished],[\unfinished],[\unfinished],[\unfinished],0,[\unfinished],[\unfinished],[\unfinished],[\unfinished],[\unfinished],[\unfinished],[\unfinished],[\unfinished],[\unfinished],[\unfinished],[\unfinished],[\unfinished]
RIut,EmployeeAND,[\unasked],[\unfinished],11-15,[\unfinished],[\unfinished],[\unfinished],[\unfinished],[\unfinished],0,[\unfinished],[\unfinished],[\unfinished],[\unfinished],[\unfinished],[\unfinished],[\unfinished],[\unfinished],[\unfinished],[\unfinished],[\unfinished],[\unfinished]
LjfW,Freelance,[\unasked],[\unfinished],6-10,[\unfinished],[\unfinished],[\unfinished],[\unfinished],[\unfinished],0,[\unfinished],[\unfinished],[\unfinished],[\unfinished],[\unfinished],[\unfinished],[\unfinished],[\unfinished],[\unfinished],[\unfinished],[\unfinished],[\unfinished]
TtcW,Employee,[\unasked],[\unfinished],6-10,[\unfinished],[\unfinished],[\unfinished],[\unfinished],[\unfinished],0,[\unfinished],[\unfinished],[\unfinished],[\unfinished],[\unfinished],[\unfinished],[\unfinished],[\unfinished],[\unfinished],[\unfinished],[\unfinished],[\unfinished]
NfQA,Employee,[\unasked],[\unfinished],6-10,[\unfinished],[\unfinished],[\unfinished],[\unfinished],[\unfinished],0,[\unfinished],[\unfinished],[\unfinished],[\unfinished],[\unfinished],[\unfinished],[\unfinished],[\unfinished],[\unfinished],[\unfinished],[\unfinished],[\unfinished]
lsoA,Employee,[\unasked],[\unfinished],6-10,USD - United States Dollar,"$100,000 - $119,999",I am not compensated on an hourly or project basis,Similar,United States,0,[\unfinished],[\unfinished],[\unfinished],[\unfinished],[\unfinished],[\unfinished],[\unfinished],[\unfinished],[\unfinished],[\unfinished],[\unfinished],[\unfinished]
BarE,EmployeeAND,[\unasked],[\unfinished],6-10,[\unfinished],[\unfinished],[\unfinished],[\unfinished],[\unfinished],0,[\unfinished],[\unfinished],[\unfinished],[\unfinished],[\unfinished],[\unfinished],[\unfinished],[\unfinished],[\unfinished],[\unfinished],[\unfinished],[\unfinished]
DZkI,Employee,[\unasked],[\unfinished],1-5,[\unfinished],[\unfinished],[\unfinished],[\unfinished],[\unfinished],0,[\unfinished],[\unfinished],[\unfinished],[\unfinished],[\unfinished],[\unfinished],[\unfinished],[\unfinished],[\unfinished],[\unfinished],[\unfinished],[\unfinished]
NKRo,EmployeeAND,[\unasked],[\unfinished],1-5,[\unfinished],[\unfinished],[\unfinished],[\unfinished],[\unfinished],0,[\unfinished],[\unfinished],[\unfinished],[\unfinished],[\unfinished],[\unfinished],[\unfinished],[\unfinished],[\unfinished],[\unfinished],[\unfinished],[\unfinished]
RZOD,EmployeeAND,[\unasked],[\unfinished],1-5,USD - United States Dollar,[\unfinished],[\unfinished],[\unfinished],[\unfinished],0,[\unfinished],[\unfinished],[\unfinished],[\unfinished],[\unfinished],[\unfinished],[\unfinished],[\unfinished],[\unfinished],[\unfinished],[\unfinished],[\unfinished]
ExLd,EmployeeAND,[\unasked],[\unfinished],16-20,[\unfinished],[\unfinished],[\unfinished],[\unfinished],[\unfinished],0,[\unfinished],[\unfinished],[\unfinished],[\unfinished],[\unfinished],[\unfinished],[\unfinished],[\unfinished],[\unfinished],[\unfinished],[\unfinished],[\unfinished]
RXTL,Employee,[\unasked],[\unfinished],11-15,[\unfinished],[\unfinished],[\unfinished],[\unfinished],[\unfinished],0,[\unfinished],[\unfinished],[\unfinished],[\unfinished],[\unfinished],[\unfinished],[\unfinished],[\unfinished],[\unfinished],[\unfinished],[\unfinished],[\unfinished]
eISK,Employee,[\unasked],[\unfinished],6-10,[\unfinished],[\unfinished],[\unfinished],[\unfinished],[\unfinished],0,[\unfinished],[\unfinished],[\unfinished],[\unfinished],[\unfinished],[\unfinished],[\unfinished],[\unfinished],[\unfinished],[\unfinished],[\unfinished],[\unfinished]
kHvA,Employee,[\unasked],[\unfinished],6-10,[\unfinished],[\unfinished],[\unfinished],[\unfinished],[\unfinished],0,[\unfinished],[\unfinished],[\unfinished],[\unfinished],[\unfinished],[\unfinished],[\unfinished],[\unfinished],[\unfinished],[\unfinished],[\unfinished],[\unfinished]
VWWP,Employee,[\unfinished],[\unfinished],1-5,[\unfinished],[\unfinished],[\unfinished],[\unfinished],[\unfinished],0,[\unfinished],[\unfinished],[\unfinished],[\unfinished],[\unfinished],[\unfinished],[\unfinished],[\unfinished],[\unfinished],[\unfinished],[\unfinished],[\unfinished]
fZni,EmployeeANDFreelance,[\unasked],[\unfinished],6-10,[\unfinished],[\unfinished],[\unfinished],[\unfinished],[\unfinished],0,[\unfinished],[\unfinished],[\unfinished],[\unfinished],[\unfinished],[\unfinished],[\unfinished],[\unfinished],[\unfinished],[\unfinished],[\unfinished],[\unfinished]
lkBx,Employee,[\unfinished],[\unfinished],6-10,USD - United States Dollar,"Less than $10,000",I am not compensated on an hourly or project basis,Much lower,India,0,[\unfinished],[\unfinished],[\unfinished],[\unfinished],[\unfinished],[\unfinished],[\unfinished],[\unfinished],[\unfinished],[\unfinished],[\unfinished],[\unfinished]
IZzV,EmployeeAND,[\unfinished],[\unfinished],1-5,EUR - Euro Member Countries,I am not compensated on a yearly basis,$45 - $59,Somewhat lower,Germany,0,[\unfinished],[\unfinished],[\unfinished],[\unfinished],[\unfinished],[\unfinished],[\unfinished],[\unfinished],[\unfinished],[\unfinished],[\unfinished],[\unfinished]
oaMk,EmployeeAND,[\unasked],[\unfinished],6-10,[\unfinished],[\unfinished],[\unfinished],[\unfinished],[\unfinished],0,[\unfinished],[\unfinished],[\unfinished],[\unfinished],[\unfinished],[\unfinished],[\unfinished],[\unfinished],[\unfinished],[\unfinished],[\unfinished],[\unfinished]
YWhl,Employee,Developer,[\unfinished],1-5,INR - India Rupee,"Less than $10,000",I am not compensated on an hourly or project basis,Much lower,India,0,[\unfinished],[\unfinished],[\unfinished],[\unfinished],[\unfinished],[\unfinished],[\unfinished],[\unfinished],[\unfinished],[\unfinished],[\unfinished],[\unfinished]
MuZo,Employee,[\unasked],[\unfinished],11-15,[\unfinished],[\unfinished],[\unfinished],[\unfinished],[\unfinished],0,[\unfinished],[\unfinished],[\unfinished],[\unfinished],[\unfinished],[\unfinished],[\unfinished],[\unfinished],[\unfinished],[\unfinished],[\unfinished],[\unfinished]
CbzD,Employee,[\unasked],[\unfinished],6-10,[\unfinished],[\unfinished],[\unfinished],[\unfinished],[\unfinished],0,[\unfinished],[\unfinished],[\unfinished],[\unfinished],[\unfinished],[\unfinished],[\unfinished],[\unfinished],[\unfinished],[\unfinished],[\unfinished],[\unfinished]
YycD,Employee,[\unasked],[\unfinished],1-5,USD - United States Dollar,"$80,000 - $99,999",I am not compensated on an hourly or project basis,Similar,United States,0,[\unfinished],[\unfinished],[\unfinished],[\unfinished],[\unfinished],[\unfinished],[\unfinished],[\unfinished],[\unfinished],[\unfinished],[\unfinished],[\unfinished]
uLKl,EmployeeAND,[\unasked],[\unfinished],11-15,[\unfinished],[\unfinished],[\unfinished],[\unfinished],[\unfinished],0,[\unfinished],[\unfinished],[\unfinished],[\unfinished],[\unfinished],[\unfinished],[\unfinished],[\unfinished],[\unfinished],[\unfinished],[\unfinished],[\unfinished]
rTGz,Employee,[\unasked],[\unfinished],11-15,[\unfinished],[\unfinished],[\unfinished],[\unfinished],[\unfinished],0,[\unfinished],[\unfinished],[\unfinished],[\unfinished],[\unfinished],[\unfinished],[\unfinished],[\unfinished],[\unfinished],[\unfinished],[\unfinished],[\unfinished]
TZRM,Employee,[\unasked],[\unfinished],6-10,[\unfinished],[\unfinished],[\unfinished],[\unfinished],[\unfinished],0,[\unfinished],[\unfinished],[\unfinished],[\unfinished],[\unfinished],[\unfinished],[\unfinished],[\unfinished],[\unfinished],[\unfinished],[\unfinished],[\unfinished]
AFBj,Freelance,[\unasked],[\unfinished],21-25,[\unfinished],[\unfinished],[\unfinished],[\unfinished],[\unfinished],0,[\unfinished],[\unfinished],[\unfinished],[\unfinished],[\unfinished],[\unfinished],[\unfinished],[\unfinished],[\unfinished],[\unfinished],[\unfinished],[\unfinished]
jGoF,Employee,[\unasked],[\unfinished],More than 30,GBP - United Kingdom Pound,"$60,000 - $79,999",[^not answered],Similar,United Kingdom,0,[\unfinished],[\unfinished],[\unfinished],[\unfinished],[\unfinished],[\unfinished],[\unfinished],[\unfinished],[\unfinished],[\unfinished],[\unfinished],[\unfinished]
hxbX,Employee,[\unasked],[\unfinished],16-20,[\unfinished],[\unfinished],[\unfinished],[\unfinished],[\unfinished],0,[\unfinished],[\unfinished],[\unfinished],[\unfinished],[\unfinished],[\unfinished],[\unfinished],[\unfinished],[\unfinished],[\unfinished],[\unfinished],[\unfinished]
zDBi,Employee,[\unasked],[\unfinished],11-15,[\unfinished],[\unfinished],[\unfinished],[\unfinished],[\unfinished],0,[\unfinished],[\unfinished],[\unfinished],[\unfinished],[\unfinished],[\unfinished],[\unfinished],[\unfinished],[\unfinished],[\unfinished],[\unfinished],[\unfinished]
BkvU,Employee,[\unasked],[\unfinished],1-5,[\unfinished],[\unfinished],[\unfinished],[\unfinished],[\unfinished],0,[\unfinished],[\unfinished],[\unfinished],[\unfinished],[\unfinished],[\unfinished],[\unfinished],[\unfinished],[\unfinished],[\unfinished],[\unfinished],[\unfinished]
ncVr,EmployeeAND,[\unasked],[\unfinished],11-15,[\unfinished],[\unfinished],[\unfinished],[\unfinished],[\unfinished],0,[\unfinished],[\unfinished],[\unfinished],[\unfinished],[\unfinished],[\unfinished],[\unfinished],[\unfinished],[\unfinished],[\unfinished],[\unfinished],[\unfinished]
NKkh,Hobbyist,[\unasked],[\unfinished],6-10,USD - United States Dollar,"$80,000 - $99,999",[^not answered],Similar,United States,0,[\unfinished],[\unfinished],[\unfinished],[\unfinished],[\unfinished],[\unfinished],[\unfinished],[\unfinished],[\unfinished],[\unfinished],[\unfinished],[\unfinished]
OwGb,Employee,[\unasked],[\unfinished],6-10,[\unfinished],[\unfinished],[\unfinished],[\unfinished],[\unfinished],0,[\unfinished],[\unfinished],[\unfinished],[\unfinished],[\unfinished],[\unfinished],[\unfinished],[\unfinished],[\unfinished],[\unfinished],[\unfinished],[\unfinished]
janw,Employee,Designer,[\unfinished],6-10,USD - United States Dollar,"$120,000 - $139,999",[^not answered],Similar,United States,0,[\unfinished],[\unfinished],[\unfinished],[\unfinished],[\unfinished],[\unfinished],[\unfinished],[\unfinished],[\unfinished],[\unfinished],[\unfinished],[\unfinished]
Mptx,Employee,[\unasked],[\unfinished],1-5,[\unfinished],[\unfinished],[\unfinished],[\unfinished],[\unfinished],0,[\unfinished],[\unfinished],[\unfinished],[\unfinished],[\unfinished],[\unfinished],[\unfinished],[\unfinished],[\unfinished],[\unfinished],[\unfinished],[\unfinished]
mRWj,Employee,[\unasked],[\unfinished],6-10,USD - United States Dollar,"$180,000 - $199,999",I am not compensated on an hourly or project basis,Much higher,United States,0,[\unfinished],[\unfinished],[\unfinished],[\unfinished],[\unfinished],[\unfinished],[\unfinished],[\unfinished],[\unfinished],[\unfinished],[\unfinished],[\unfinished]
gRYc,Employee,[\unasked],[\unfinished],1-5,[\unfinished],[\unfinished],[\unfinished],[\unfinished],[\unfinished],0,[\unfinished],[\unfinished],[\unfinished],[\unfinished],[\unfinished],[\unfinished],[\unfinished],[\unfinished],[\unfinished],[\unfinished],[\unfinished],[\unfinished]
gbhX,Employee,[\unasked],[\unfinished],More than 30,[\unfinished],[\unfinished],[\unfinished],[\unfinished],[\unfinished],0,[\unfinished],[\unfinished],[\unfinished],[\unfinished],[\unfinished],[\unfinished],[\unfinished],[\unfinished],[\unfinished],[\unfinished],[\unfinished],[\unfinished]
kvVg,OtherCombo,[\unasked],[\unfinished],1-5,GBP - United Kingdom Pound,"$60,000 - $79,999",I am not compensated on an hourly or project basis,Somewhat higher,United Kingdom,0,[\unfinished],[\unfinished],[\unfinished],[\unfinished],[\unfinished],[\unfinished],[\unfinished],[\unfinished],[\unfinished],[\unfinished],[\unfinished],[\unfinished]
EbwZ,Freelance,[\unasked],[\unfinished],6-10,EUR - Euro Member Countries,"$120,000 - $139,999",I am not compensated on an hourly or project basis,Somewhat higher,Netherlands,0,[\unfinished],[\unfinished],[\unfinished],[\unfinished],[\unfinished],[\unfinished],[\unfinished],[\unfinished],[\unfinished],[\unfinished],[\unfinished],[\unfinished]
jhsY,EmployeeANDFreelance,[\unasked],[\unfinished],1-5,USD - United States Dollar,"$80,000 - $99,999",I am not compensated on an hourly or project basis,Somewhat higher,United States,0,[\unfinished],[\unfinished],[\unfinished],[\unfinished],[\unfinished],[\unfinished],[\unfinished],[\unfinished],[\unfinished],[\unfinished],[\unfinished],[\unfinished]
iaqt,Employee,[\unasked],[\unfinished],1-5,[\unfinished],[\unfinished],[\unfinished],[\unfinished],[\unfinished],0,[\unfinished],[\unfinished],[\unfinished],[\unfinished],[\unfinished],[\unfinished],[\unfinished],[\unfinished],[\unfinished],[\unfinished],[\unfinished],[\unfinished]
orfI,Hobbyist,[\unasked],[\unfinished],Less than 1 year,[\unfinished],[\unfinished],[\unfinished],[\unfinished],[\unfinished],0,[\unfinished],[\unfinished],[\unfinished],[\unfinished],[\unfinished],[\unfinished],[\unfinished],[\unfinished],[\unfinished],[\unfinished],[\unfinished],[\unfinished]
LUBx,EmployeeANDFreelance,[\unasked],[\unfinished],1-5,[\unfinished],[\unfinished],[\unfinished],[\unfinished],[\unfinished],0,[\unfinished],[\unfinished],[\unfinished],[\unfinished],[\unfinished],[\unfinished],[\unfinished],[\unfinished],[\unfinished],[\unfinished],[\unfinished],[\unfinished]
RPFa,Employee,[\unasked],[\unfinished],21-25,[\unfinished],[\unfinished],[\unfinished],[\unfinished],[\unfinished],0,[\unfinished],[\unfinished],[\unfinished],[\unfinished],[\unfinished],[\unfinished],[\unfinished],[\unfinished],[\unfinished],[\unfinished],[\unfinished],[\unfinished]
xaCE,Employee,[\unasked],[\unfinished],6-10,USD - United States Dollar,"$100,000 - $119,999",[^not answered],[^not answered],United States,0,[\unfinished],[\unfinished],[\unfinished],[\unfinished],[\unfinished],[\unfinished],[\unfinished],[\unfinished],[\unfinished],[\unfinished],[\unfinished],[\unfinished]
PWba,EmployeeANDFreelanceAND,[\unasked],[\unfinished],6-10,USD - United States Dollar,"$120,000 - $139,999",I am not compensated on an hourly or project basis,Somewhat higher,United States,0,[\unfinished],[\unfinished],[\unfinished],[\unfinished],[\unfinished],[\unfinished],[\unfinished],[\unfinished],[\unfinished],[\unfinished],[\unfinished],[\unfinished]
acYA,EmployeeANDFreelance,[\unasked],[\unfinished],11-15,[\unfinished],[\unfinished],[\unfinished],[\unfinished],[\unfinished],0,[\unfinished],[\unfinished],[\unfinished],[\unfinished],[\unfinished],[\unfinished],[\unfinished],[\unfinished],[\unfinished],[\unfinished],[\unfinished],[\unfinished]
zQIO,Employee,[\unasked],[\unfinished],6-10,[\unfinished],[\unfinished],[\unfinished],[\unfinished],[\unfinished],0,[\unfinished],[\unfinished],[\unfinished],[\unfinished],[\unfinished],[\unfinished],[\unfinished],[\unfinished],[\unfinished],[\unfinished],[\unfinished],[\unfinished]
WJhH,Employee,[\unasked],[\unfinished],16-20,[\unfinished],[\unfinished],[\unfinished],[\unfinished],[\unfinished],0,[\unfinished],[\unfinished],[\unfinished],[\unfinished],[\unfinished],[\unfinished],[\unfinished],[\unfinished],[\unfinished],[\unfinished],[\unfinished],[\unfinished]
GUfS,Employee,[\unasked],[\unasked],1-5,USD - United States Dollar,"$60,000 - $79,999",I am not compensated on an hourly or project basis,Similar,United States,0,[\unasked],[\unasked],[\unasked],[\unasked],[\unasked],[\unasked],[\unasked],[\unasked],Yes,No,"Doctoral degree (e.g., PhD, EdD, PsyD)",Woman
rRRJ,Student,[\unasked],[\unasked],1-5,[not paid for DV],I am not compensated on a yearly basis,I am not compensated on an hourly or project basis,Somewhat lower,Italy,0,[\unasked],[\unasked],[\unasked],[\unasked],[\unasked],[\unasked],[\unasked],[\unasked],Yes,No,Bachelor’s degree,Man
nnJR,OtherCombo,"Leadership (Manager, Director, VP, etc.)",[\unasked],1-5,USD - United States Dollar,"$10,000 - $19,999",$300 or more,Similar,Canada,0,[\unasked],[\unasked],[\unasked],[\unasked],[\unasked],[\unasked],[\unasked],[\unasked],Yes,Yes,Master’s (or similar graduate degree),Woman
AHvB,Employee,"Leadership (Manager, Director, VP, etc.)",[\unasked],1-5,CAD - Canada Dollar,I am not compensated on a yearly basis,$100 - $124,Similar,Canada,0,[\unasked],[\unasked],[\unasked],[\unasked],[\unasked],[\unasked],[\unasked],[\unasked],Yes,No,Master’s (or similar graduate degree),Woman
PTZY,Student,Teacher,[\unasked],Less than 1 year,USD - United States Dollar,[^not answered],$300 or more,Much higher,United States,0,[\unasked],[\unasked],[\unasked],[\unasked],[\unasked],[\unasked],[\unasked],[\unasked],No,No,Master’s (or similar graduate degree),Man
oSxz,FreelanceAND,Designer,[\unasked],6-10,USD - United States Dollar,[^not answered],$100 - $124,Similar,United States,0,[\unasked],[\unasked],[\unasked],[\unasked],[\unasked],[\unasked],[\unasked],[\unasked],No,No,Master’s (or similar graduate degree),Man
quhk,EmployeeAND,Analyst,[\unasked],1-5,EUR - Euro Member Countries,"$60,000 - $79,999",$75 - $99,Somewhat higher,Spain,0,[\unasked],[\unasked],[\unasked],[\unasked],[\unasked],[\unasked],[\unasked],[\unasked],No,Yes,"Doctoral degree (e.g., PhD, EdD, PsyD)",Man
HFoT,Employee,Analyst,[\unasked],6-10,USD - United States Dollar,"$60,000 - $79,999",[^not answered],Somewhat lower,United States,0,[\unasked],[\unasked],[\unasked],[\unasked],[\unasked],[\unasked],[\unasked],[\unasked],No,No,Bachelor’s degree,Man
qgKy,Academic,[\unasked],[\unasked],6-10,USD - United States Dollar,I am not compensated on a yearly basis,$300 or more,Much higher,Canada,0,[\unasked],[\unasked],[\unasked],[\unasked],[\unasked],[\unasked],[\unasked],[\unasked],No,No,Some college,Man
rmBl,Employee,Journalist,[\unasked],1-5,AUD - Australia Dollar,I am not compensated on a yearly basis,$125 - $149,Somewhat higher,Australia,0,[\unasked],[\unasked],[\unasked],[\unasked],[\unasked],[\unasked],[\unasked],[\unasked],No,No,Master’s (or similar graduate degree),Man
kgHd,Freelance,[\unasked],[\unasked],1-5,EUR - Euro Member Countries,"$10,000 - $19,999",$15 - $29,Similar,Spain,0,[\unasked],[\unasked],[\unasked],[\unasked],[\unasked],[\unasked],[\unasked],[\unasked],No,No,Master’s (or similar graduate degree),Woman
cGTu,Academic,[\unasked],[\unasked],Less than 1 year,JPY - Japan Yen,"$60,000 - $79,999",$200 - $224,Somewhat lower,Japan,0,[\unasked],[\unasked],[\unasked],[\unasked],[\unasked],[\unasked],[\unasked],[\unasked],No,No,Bachelor’s degree,Man
fAUi,Employee,[\unasked],[\unasked],6-10,[^not answered],"$60,000 - $79,999",[^not answered],Similar,United States,0,[\unasked],[\unasked],[\unasked],[\unasked],[\unasked],[\unasked],[\unasked],[\unasked],Yes,Yes,Bachelor’s degree,Woman
ycvf,Academic,[\unasked],[\unasked],6-10,USD - United States Dollar,"$60,000 - $79,999",[^not answered],Somewhat lower,United States,0,[\unasked],[\unasked],[\unasked],[\unasked],[\unasked],[\unasked],[\unasked],[\unasked],No,No,"Doctoral degree (e.g., PhD, EdD, PsyD)",Woman
khji,EmployeeAND,None of these describes my role,[\unasked],6-10,GBP - United Kingdom Pound,[^not answered],$125 - $149,Similar,United Kingdom,0,[\unasked],[\unasked],[\unasked],[\unasked],[\unasked],[\unasked],[\unasked],[\unasked],No,No,Master’s (or similar graduate degree),Man
ypDL,Employee,[\unasked],[\unasked],6-10,USD - United States Dollar,"$40,000 - $59,999",[^not answered],Much lower,United States,0,[\unasked],[\unasked],[\unasked],[\unasked],[\unasked],[\unasked],[\unasked],[\unasked],No,No,Bachelor’s degree,Woman
NoUt,Employee,[\unasked],[\unasked],1-5,USD - United States Dollar,"$80,000 - $99,999",[^not answered],Similar,United States,0,[\unasked],[\unasked],[\unasked],[\unasked],[\unasked],[\unasked],[\unasked],[\unasked],No,No,"Doctoral degree (e.g., PhD, EdD, PsyD)",Woman
srSp,EmployeeAND,None of these describes my role,[\unasked],1-5,USD - United States Dollar,I am not compensated on a yearly basis,$125 - $149,Similar,United States,0,[\unasked],[\unasked],[\unasked],[\unasked],[\unasked],[\unasked],[\unasked],[\unasked],No,Yes,Master’s (or similar graduate degree),Man
mEEJ,Employee,Developer,[\unasked],1-5,USD - United States Dollar,"Less than $10,000",I am not compensated on an hourly or project basis,Somewhat higher,Brazil,0,[\unasked],[\unasked],[\unasked],[\unasked],[\unasked],[\unasked],[\unasked],[\unasked],Yes,No,Master’s (or similar graduate degree),Man
xgOD,Academic,[\unasked],[\unasked],6-10,[not paid for DV],I am not compensated on a yearly basis,I am not compensated on an hourly or project basis,[^not answered],United States,0,[\unasked],[\unasked],[\unasked],[\unasked],[\unasked],[\unasked],[\unasked],[\unasked],No,Yes,Bachelor’s degree,Woman
OZzx,Academic,[\unasked],[\unasked],1-5,EUR - Euro Member Countries,"$20,000 - $39,999",[^not answered],Much lower,Germany,0,[\unasked],[\unasked],[\unasked],[\unasked],[\unasked],[\unasked],[\unasked],[\unasked],No,No,Master’s (or similar graduate degree),Woman
AUGk,Academic,[\unasked],[\unasked],6-10,CHF - Switzerland Franc,I am not compensated on a yearly basis,$100 - $124,Somewhat lower,Switzerland,0,[\unasked],[\unasked],[\unasked],[\unasked],[\unasked],[\unasked],[\unasked],[\unasked],Yes,Yes,Master’s (or similar graduate degree),Man
PZyn,Academic,Designer,[\unasked],6-10,USD - United States Dollar,[^not answered],$45 - $59,Somewhat higher,India,0,[\unasked],[\unasked],[\unasked],[\unasked],[\unasked],[\unasked],[\unasked],[\unasked],No,Yes,Master’s (or similar graduate degree),Woman
fgKM,Academic,Analyst,[\unasked],6-10,USD - United States Dollar,I am not compensated on a yearly basis,$45 - $59,Somewhat lower,United States,0,[\unasked],[\unasked],[\unasked],[\unasked],[\unasked],[\unasked],[\unasked],[\unasked],Yes,Yes,Master’s (or similar graduate degree),Woman
SwMN,Employee,Designer,[\unasked],1-5,USD - United States Dollar,I am not compensated on a yearly basis,$60 - $74,Similar,United States,0,[\unasked],[\unasked],[\unasked],[\unasked],[\unasked],[\unasked],[\unasked],[\unasked],Yes,Yes,Master’s (or similar graduate degree),Woman
ITWA,EmployeeANDFreelance,"Leadership (Manager, Director, VP, etc.)",[\unasked],6-10,USD - United States Dollar,[^not answered],$60 - $74,[^not answered],United States,0,[\unasked],[\unasked],[\unasked],[\unasked],[\unasked],[\unasked],[\unasked],[\unasked],No,No,Master’s (or similar graduate degree),Woman
nsoy,Employee,Journalist,[\unasked],6-10,USD - United States Dollar,I am not compensated on a yearly basis,$200 - $224,Similar,United States,0,[\unasked],[\unasked],[\unasked],[\unasked],[\unasked],[\unasked],[\unasked],[\unasked],No,No,Master’s (or similar graduate degree),Man
RKeX,FreelanceAND,[\unasked],[\unasked],6-10,[other info],[^not answered],[^not answered],[^not answered],United States,0,[\unasked],[\unasked],[\unasked],[\unasked],[\unasked],[\unasked],[\unasked],[\unasked],No,Yes,Bachelor’s degree,Woman
VWJj,Employee,None of these describes my role,[\unasked],1-5,USD - United States Dollar,[^not answered],$150 - $174,Similar,United States,0,[\unasked],[\unasked],[\unasked],[\unasked],[\unasked],[\unasked],[\unasked],[\unasked],Yes,No,Master’s (or similar graduate degree),Woman
BMPd,EmployeeAND,None of these describes my role,[\unasked],1-5,USD - United States Dollar,[^not answered],$200 - $224,Somewhat higher,United States,0,[\unasked],[\unasked],[\unasked],[\unasked],[\unasked],[\unasked],[\unasked],[\unasked],No,No,"Doctoral degree (e.g., PhD, EdD, PsyD)",Woman
sHvL,Employee,Designer,[\unasked],1-5,PLN - Poland Zloty,I am not compensated on a yearly basis,$30 - $44,Somewhat lower,Poland,0,[\unasked],[\unasked],[\unasked],[\unasked],[\unasked],[\unasked],[\unasked],[\unasked],No,Yes,Master’s (or similar graduate degree),Woman
aEgb,Employee,[\unasked],[\unasked],1-5,EUR - Euro Member Countries,"$20,000 - $39,999",I am not compensated on an hourly or project basis,Similar,Slovenia,0,[\unasked],[\unasked],[\unasked],[\unasked],[\unasked],[\unasked],[\unasked],[\unasked],No,No,"Doctoral degree (e.g., PhD, EdD, PsyD)",Woman
AAce,Employee,Analyst,[\unasked],1-5,AUD - Australia Dollar,"$100,000 - $119,999",$75 - $99,Similar,Australia,0,[\unasked],[\unasked],[\unasked],[\unasked],[\unasked],[\unasked],[\unasked],[\unasked],No,No,"Doctoral degree (e.g., PhD, EdD, PsyD)",Man
SBHS,Employee,"Leadership (Manager, Director, VP, etc.)",[\unasked],1-5,USD - United States Dollar,"$100,000 - $119,999",I am not compensated on an hourly or project basis,Somewhat lower,United States,0,[\unasked],[\unasked],[\unasked],[\unasked],[\unasked],[\unasked],[\unasked],[\unasked],No,No,Master’s (or similar graduate degree),Woman
jVkU,Employee,"Leadership (Manager, Director, VP, etc.)",[\unasked],6-10,USD - United States Dollar,"$100,000 - $119,999",I am not compensated on an hourly or project basis,Somewhat higher,United States,0,[\unasked],[\unasked],[\unasked],[\unasked],[\unasked],[\unasked],[\unasked],[\unasked],No,Yes,Master’s (or similar graduate degree),Man
glls,Academic,Analyst,[\unasked],21-25,USD - United States Dollar,"$140,000 - $159,999",[^not answered],Similar,United States,0,[\unasked],[\unasked],[\unasked],[\unasked],[\unasked],[\unasked],[\unasked],[\unasked],No,No,"Doctoral degree (e.g., PhD, EdD, PsyD)",Woman
WonZ,Employee,Engineer,[\unasked],16-20,USD - United States Dollar,"$160,000 - $179,999",[^not answered],Somewhat higher,United States,0,[\unasked],[\unasked],[\unasked],[\unasked],[\unasked],[\unasked],[\unasked],[\unasked],No,No,Master’s (or similar graduate degree),Man
ltgL,Freelance,None of these describes my role,[\unasked],6-10,USD - United States Dollar,"$120,000 - $139,999",$175 - $199,Similar,United States,0,[\unasked],[\unasked],[\unasked],[\unasked],[\unasked],[\unasked],[\unasked],[\unasked],No,No,Master’s (or similar graduate degree),Woman
YVPW,Freelance,Teacher,[\unasked],6-10,USD - United States Dollar,"$240,000 or more",$300 or more,Much higher,United States,0,[\unasked],[\unasked],[\unasked],[\unasked],[\unasked],[\unasked],[\unasked],[\unasked],No,Yes,Master’s (or similar graduate degree),Woman
IxsX,Employee,[\unasked],[\unasked],1-5,EUR - Euro Member Countries,I am not compensated on a yearly basis,I am not compensated on an hourly or project basis,[^not answered],Germany,0,[\unasked],[\unasked],[\unasked],[\unasked],[\unasked],[\unasked],[\unasked],[\unasked],Yes,Yes,Master’s (or similar graduate degree),Man
uCTf,Employee,[\unasked],[\unasked],16-20,USD - United States Dollar,"$20,000 - $39,999",I am not compensated on an hourly or project basis,Similar,United States,0,[\unasked],[\unasked],[\unasked],[\unasked],[\unasked],[\unasked],[\unasked],[\unasked],Yes,Yes,Bachelor’s degree,Self-described or Prefer not to say
hnlP,Freelance,Analyst,[\unasked],1-5,NOK - Norway Krone,"$60,000 - $79,999",$175 - $199,Similar,Norway,0,[\unasked],[\unasked],[\unasked],[\unasked],[\unasked],[\unasked],[\unasked],[\unasked],Yes,No,Bachelor’s degree,Man
sCoH,Employee,Developer,[\unasked],1-5,ARS - Argentina Peso,I am not compensated on a yearly basis,Less than $15,Similar,Argentina,0,[\unasked],[\unasked],[\unasked],[\unasked],[\unasked],[\unasked],[\unasked],[\unasked],No,Yes,Some college,Woman
AjGB,Employee,[\unasked],[\unasked],1-5,USD - United States Dollar,"$100,000 - $119,999",[^not answered],Similar,United States,0,[\unasked],[\unasked],[\unasked],[\unasked],[\unasked],[\unasked],[\unasked],[\unasked],No,No,"Doctoral degree (e.g., PhD, EdD, PsyD)",Man
kolR,EmployeeAND,Designer,[\unasked],1-5,USD - United States Dollar,[^not answered],$150 - $174,Somewhat lower,United States,0,[\unasked],[\unasked],[\unasked],[\unasked],[\unasked],[\unasked],[\unasked],[\unasked],No,Yes,Master’s (or similar graduate degree),Woman
WHBF,Student,[\unasked],[\unasked],Less than 1 year,USD - United States Dollar,[^not answered],[^not answered],Similar,United States,0,[\unasked],[\unasked],[\unasked],[\unasked],[\unasked],[\unasked],[\unasked],[\unasked],Yes,Yes,"Doctoral degree (e.g., PhD, EdD, PsyD)",Woman
TMos,Employee,[\unasked],[\unasked],1-5,USD - United States Dollar,"$140,000 - $159,999",[^not answered],Somewhat lower,United States,0,[\unasked],[\unasked],[\unasked],[\unasked],[\unasked],[\unasked],[\unasked],[\unasked],No,No,Master’s (or similar graduate degree),Woman
cygc,Employee,Engineer,[\unasked],1-5,USD - United States Dollar,"$20,000 - $39,999",$300 or more,Much higher,United States,0,[\unasked],[\unasked],[\unasked],[\unasked],[\unasked],[\unasked],[\unasked],[\unasked],No,No,Bachelor’s degree,Self-described or Prefer not to say
NZqu,Employee,Designer,[\unasked],6-10,USD - United States Dollar,[^not answered],$75 - $99,Similar,United States,0,[\unasked],[\unasked],[\unasked],[\unasked],[\unasked],[\unasked],[\unasked],[\unasked],No,No,Bachelor’s degree,Woman
WMyc,Employee,[\unasked],[\unasked],6-10,GBP - United Kingdom Pound,"$100,000 - $119,999",[^not answered],Somewhat higher,United Kingdom,0,[\unasked],[\unasked],[\unasked],[\unasked],[\unasked],[\unasked],[\unasked],[\unasked],No,Yes,"Doctoral degree (e.g., PhD, EdD, PsyD)",Man
dmBl,Employee,Analyst,[\unasked],6-10,GBP - United Kingdom Pound,"$80,000 - $99,999",[^not answered],Similar,United Kingdom,0,[\unasked],[\unasked],[\unasked],[\unasked],[\unasked],[\unasked],[\unasked],[\unasked],No,No,Bachelor’s degree,Man
bGMZ,Employee,Analyst,[\unasked],1-5,CAD - Canada Dollar,[^not answered],[^not answered],Somewhat lower,Canada,0,[\unasked],[\unasked],[\unasked],[\unasked],[\unasked],[\unasked],[\unasked],[\unasked],No,Yes,Master’s (or similar graduate degree),Woman
UIdg,Employee,[\unasked],[\unasked],1-5,USD - United States Dollar,"$100,000 - $119,999",I am not compensated on an hourly or project basis,Similar,United States,0,[\unasked],[\unasked],[\unasked],[\unasked],[\unasked],[\unasked],[\unasked],[\unasked],No,No,"Doctoral degree (e.g., PhD, EdD, PsyD)",Man
RxFG,EmployeeAND,[\unasked],[\unasked],1-5,USD - United States Dollar,[^not answered],[^not answered],[^not answered],United States,0,[\unasked],[\unasked],[\unasked],[\unasked],[\unasked],[\unasked],[\unasked],[\unasked],Yes,Yes,Bachelor’s degree,Woman
stvb,Student,Analyst,[\unasked],Less than 1 year,USD - United States Dollar,"Less than $10,000",$15 - $29,Similar,Nigeria,0,[\unasked],[\unasked],[\unasked],[\unasked],[\unasked],[\unasked],[\unasked],[\unasked],Yes,Yes,Bachelor’s degree,Man
IGcC,Employee,[\unasked],[\unasked],1-5,USD - United States Dollar,"$180,000 - $199,999",[^not answered],Similar,United States,0,[\unasked],[\unasked],[\unasked],[\unasked],[\unasked],[\unasked],[\unasked],[\unasked],No,No,"Doctoral degree (e.g., PhD, EdD, PsyD)",Woman
yVGB,EmployeeAND,Teacher,[\unasked],1-5,USD - United States Dollar,"$10,000 - $19,999",[^not answered],Similar,United States,0,[\unasked],[\unasked],[\unasked],[\unasked],[\unasked],[\unasked],[\unasked],[\unasked],No,No,Master’s (or similar graduate degree),Woman
zdjX,Freelance,Designer,[\unasked],1-5,USD - United States Dollar,I am not compensated on a yearly basis,$300 or more,Similar,United States,0,[\unasked],[\unasked],[\unasked],[\unasked],[\unasked],[\unasked],[\unasked],[\unasked],No,No,Master’s (or similar graduate degree),Man
ibWg,Employee,Designer,[\unasked],6-10,EUR - Euro Member Countries,"$40,000 - $59,999",$60 - $74,Similar,Spain,0,[\unasked],[\unasked],[\unasked],[\unasked],[\unasked],[\unasked],[\unasked],[\unasked],No,Yes,Master’s (or similar graduate degree),Woman
YOSl,Hobbyist,Designer,[\unasked],1-5,BRL - Brazil Real,"$20,000 - $39,999",$45 - $59,Similar,Brazil,0,[\unasked],[\unasked],[\unasked],[\unasked],[\unasked],[\unasked],[\unasked],[\unasked],No,No,Master’s (or similar graduate degree),Man
fnln,Freelance,None of these describes my role,[\unasked],6-10,GBP - United Kingdom Pound,"$60,000 - $79,999",I am not compensated on an hourly or project basis,Similar,United Kingdom,0,[\unasked],[\unasked],[\unasked],[\unasked],[\unasked],[\unasked],[\unasked],[\unasked],No,No,Master’s (or similar graduate degree),Man
ThWF,Employee,None of these describes my role,[\unasked],11-15,EUR - Euro Member Countries,"$120,000 - $139,999",I am not compensated on an hourly or project basis,Similar,France,0,[\unasked],[\unasked],[\unasked],[\unasked],[\unasked],[\unasked],[\unasked],[\unasked],No,No,"Doctoral degree (e.g., PhD, EdD, PsyD)",Man
YHKO,EmployeeANDFreelanceAND,Analyst,[\unasked],1-5,GBP - United Kingdom Pound,[^not answered],$45 - $59,[^not answered],United Kingdom,0,[\unasked],[\unasked],[\unasked],[\unasked],[\unasked],[\unasked],[\unasked],[\unasked],Yes,Yes,Master’s (or similar graduate degree),Man
CuLt,Employee,Analyst,[\unasked],6-10,EUR - Euro Member Countries,"$40,000 - $59,999",I am not compensated on an hourly or project basis,Somewhat lower,Netherlands,0,[\unasked],[\unasked],[\unasked],[\unasked],[\unasked],[\unasked],[\unasked],[\unasked],No,Yes,Master’s (or similar graduate degree),Self-described or Prefer not to say
BQNG,EmployeeAND,[\unasked],[\unasked],6-10,EUR - Euro Member Countries,[^not answered],[^not answered],Similar,Switzerland,0,[\unasked],[\unasked],[\unasked],[\unasked],[\unasked],[\unasked],[\unasked],[\unasked],No,No,"Doctoral degree (e.g., PhD, EdD, PsyD)",Man
EWYN,EmployeeANDFreelanceAND,Designer,[\unasked],6-10,EUR - Euro Member Countries,I am not compensated on a yearly basis,$45 - $59,Somewhat higher,Poland,0,[\unasked],[\unasked],[\unasked],[\unasked],[\unasked],[\unasked],[\unasked],[\unasked],No,Yes,Master’s (or similar graduate degree),Woman
BDYf,Employee,None of these describes my role,[\unasked],1-5,USD - United States Dollar,"$80,000 - $99,999",[^not answered],Somewhat higher,Indonesia,0,[\unasked],[\unasked],[\unasked],[\unasked],[\unasked],[\unasked],[\unasked],[\unasked],Yes,No,"Doctoral degree (e.g., PhD, EdD, PsyD)",Man
lfdQ,Employee,[\unasked],[\unasked],1-5,TWD - Taiwan New Dollar,"$20,000 - $39,999",I am not compensated on an hourly or project basis,Somewhat higher,Taiwan,0,[\unasked],[\unasked],[\unasked],[\unasked],[\unasked],[\unasked],[\unasked],[\unasked],Yes,Yes,"Doctoral degree (e.g., PhD, EdD, PsyD)",Woman
kHSX,EmployeeANDFreelance,[\unasked],[\unasked],11-15,AUD - Australia Dollar,I am not compensated on a yearly basis,I am not compensated on an hourly or project basis,Much lower,Australia,0,[\unasked],[\unasked],[\unasked],[\unasked],[\unasked],[\unasked],[\unasked],[\unasked],No,No,Master’s (or similar graduate degree),Woman
BKpJ,Employee,[\unasked],[\unasked],11-15,AUD - Australia Dollar,"$60,000 - $79,999",[^not answered],Similar,Australia,0,[\unasked],[\unasked],[\unasked],[\unasked],[\unasked],[\unasked],[\unasked],[\unasked],No,Yes,"Doctoral degree (e.g., PhD, EdD, PsyD)",Man
btYR,Employee,[\unasked],[\unasked],Less than 1 year,USD - United States Dollar,"$60,000 - $79,999",$125 - $149,Similar,United States,0,[\unasked],[\unasked],[\unasked],[\unasked],[\unasked],[\unasked],[\unasked],[\unasked],No,Yes,"Doctoral degree (e.g., PhD, EdD, PsyD)",Man
SpEJ,Employee,[\unasked],[\unasked],1-5,[^not answered],[^not answered],[^not answered],[^not answered],United States,0,[\unasked],[\unasked],[\unasked],[\unasked],[\unasked],[\unasked],[\unasked],[\unasked],No,Yes,Bachelor’s degree,Woman
gniH,Freelance,Developer,[\unasked],Less than 1 year,USD - United States Dollar,[^not answered],$125 - $149,[^not answered],United States,0,[\unasked],[\unasked],[\unasked],[\unasked],[\unasked],[\unasked],[\unasked],[\unasked],No,No,Bachelor’s degree,Man
hJni,Freelance,[\unasked],[\unasked],1-5,GBP - United Kingdom Pound,I am not compensated on a yearly basis,$15 - $29,Much lower,United Kingdom,0,[\unasked],[\unasked],[\unasked],[\unasked],[\unasked],[\unasked],[\unasked],[\unasked],No,No,Master’s (or similar graduate degree),Woman
iSoe,Freelance,[\unasked],[\unasked],6-10,USD - United States Dollar,"$40,000 - $59,999",$15 - $29,Somewhat lower,United States,0,[\unasked],[\unasked],[\unasked],[\unasked],[\unasked],[\unasked],[\unasked],[\unasked],Yes,Yes,Master’s (or similar graduate degree),Woman
VhXE,Employee,None of these describes my role,[\unasked],1-5,EUR - Euro Member Countries,[^not answered],$100 - $124,Somewhat higher,France,0,[\unasked],[\unasked],[\unasked],[\unasked],[\unasked],[\unasked],[\unasked],[\unasked],No,No,Master’s (or similar graduate degree),Man
DYEP,Employee,[\unasked],[\unasked],6-10,USD - United States Dollar,I am not compensated on a yearly basis,I am not compensated on an hourly or project basis,[^not answered],United States,0,[\unasked],[\unasked],[\unasked],[\unasked],[\unasked],[\unasked],[\unasked],[\unasked],No,No,Master’s (or similar graduate degree),Woman
CnLv,Employee,[\unasked],[\unasked],6-10,[^not answered],[^not answered],[^not answered],[^not answered],Denmark,0,[\unasked],[\unasked],[\unasked],[\unasked],[\unasked],[\unasked],[\unasked],[\unasked],No,No,Bachelor’s degree,Woman
tGae,Employee,Analyst,[\unasked],1-5,USD - United States Dollar,"$20,000 - $39,999",I am not compensated on an hourly or project basis,Much lower,United States,0,[\unasked],[\unasked],[\unasked],[\unasked],[\unasked],[\unasked],[\unasked],[\unasked],No,No,Master’s (or similar graduate degree),Man
PXZD,Employee,[\unasked],[\unasked],1-5,USD - United States Dollar,"$240,000 or more",I am not compensated on an hourly or project basis,Somewhat higher,United States,0,[\unasked],[\unasked],[\unasked],[\unasked],[\unasked],[\unasked],[\unasked],[\unasked],No,No,Master’s (or similar graduate degree),Man
AkwI,Freelance,[\unasked],[\unasked],11-15,[^not answered],I am not compensated on a yearly basis,I am not compensated on an hourly or project basis,[^not answered],United Kingdom,0,[\unasked],[\unasked],[\unasked],[\unasked],[\unasked],[\unasked],[\unasked],[\unasked],Yes,Yes,Master’s (or similar graduate degree),Woman
uBYW,Employee,[\unasked],[\unasked],1-5,USD - United States Dollar,I am not compensated on a yearly basis,$75 - $99,Similar,United States,0,[\unasked],[\unasked],[\unasked],[\unasked],[\unasked],[\unasked],[\unasked],[\unasked],Yes,Yes,Bachelor’s degree,Woman
IWgR,Employee,Developer,[\unasked],1-5,GBP - United Kingdom Pound,[^not answered],$60 - $74,Similar,United Kingdom,0,[\unasked],[\unasked],[\unasked],[\unasked],[\unasked],[\unasked],[\unasked],[\unasked],No,No,Master’s (or similar graduate degree),Man
IoAP,EmployeeAND,Analyst,[\unasked],11-15,[^not answered],[^not answered],[^not answered],[^not answered],Nigeria,0,[\unasked],[\unasked],[\unasked],[\unasked],[\unasked],[\unasked],[\unasked],[\unasked],No,Yes,Bachelor’s degree,Man
RHWo,Employee,"Leadership (Manager, Director, VP, etc.)",[\unasked],6-10,USD - United States Dollar,I am not compensated on a yearly basis,$125 - $149,Similar,Singapore,0,[\unasked],[\unasked],[\unasked],[\unasked],[\unasked],[\unasked],[\unasked],[\unasked],No,Yes,Master’s (or similar graduate degree),[\unfinished]
YrtZ,Employee,Designer,[\unasked],1-5,[other info],"$60,000 - $79,999",$75 - $99,Similar,United Kingdom,0,[\unasked],[\unasked],[\unasked],[\unasked],[\unasked],[\unasked],[\unasked],[\unasked],No,No,Master’s (or similar graduate degree),Woman
LScN,EmployeeANDFreelance,Designer,[\unasked],6-10,EUR - Euro Member Countries,"$40,000 - $59,999",$60 - $74,Somewhat lower,Romania,0,[\unasked],[\unasked],[\unasked],[\unasked],[\unasked],[\unasked],[\unasked],[\unasked],No,No,Master’s (or similar graduate degree),Woman
xITF,Employee,[\unasked],[\unasked],16-20,USD - United States Dollar,"$20,000 - $39,999",[^not answered],Somewhat lower,United States,0,[\unasked],[\unasked],[\unasked],[\unasked],[\unasked],[\unasked],[\unasked],[\unasked],No,Yes,Bachelor’s degree,Man
DIwU,Freelance,Designer,[\unasked],6-10,USD - United States Dollar,"$140,000 - $159,999",[^not answered],Similar,United States,0,[\unasked],[\unasked],[\unasked],[\unasked],[\unasked],[\unasked],[\unasked],[\unasked],Yes,Yes,Bachelor’s degree,Woman
GDwx,Employee,[\unasked],[\unasked],6-10,EUR - Euro Member Countries,"$40,000 - $59,999",[^not answered],Somewhat lower,Bulgaria,0,[\unasked],[\unasked],[\unasked],[\unasked],[\unasked],[\unasked],[\unasked],[\unasked],No,No,"Doctoral degree (e.g., PhD, EdD, PsyD)",Woman
JKjM,Employee,[^not answered],[\unasked],6-10,EUR - Euro Member Countries,"$40,000 - $59,999",$30 - $44,Much higher,Poland,0,[\unasked],[\unasked],[\unasked],[\unasked],[\unasked],[\unasked],[\unasked],[\unasked],[^not answered],[^not answered],[\unfinished],[\unfinished]
AQPp,Employee,Analyst,[\unasked],1-5,EUR - Euro Member Countries,[^not answered],$45 - $59,Similar,Romania,0,[\unasked],[\unasked],[\unasked],[\unasked],[\unasked],[\unasked],[\unasked],[\unasked],Yes,Yes,Bachelor’s degree,Man
qfOi,Employee,Designer,[\unasked],6-10,USD - United States Dollar,"$10,000 - $19,999",$15 - $29,Similar,Mexico,0,[\unasked],[\unasked],[\unasked],[\unasked],[\unasked],[\unasked],[\unasked],[\unasked],No,Yes,Master’s (or similar graduate degree),Woman
YFwT,Hobbyist,Analyst,[\unasked],1-5,USD - United States Dollar,"Less than $10,000",$30 - $44,Much lower,Nepal,0,[\unasked],[\unasked],[\unasked],[\unasked],[\unasked],[\unasked],[\unasked],[\unasked],No,Yes,Bachelor’s degree,Man
fvfz,EmployeeAND,Developer,[\unasked],1-5,USD - United States Dollar,I am not compensated on a yearly basis,$250 - $274,Somewhat higher,United States,0,[\unasked],[\unasked],[\unasked],[\unasked],[\unasked],[\unasked],[\unasked],[\unasked],Yes,No,Bachelor’s degree,Man
YSFa,EmployeeANDFreelanceAND,[\unasked],[\unasked],6-10,USD - United States Dollar,"$80,000 - $99,999",[^not answered],Somewhat higher,United States,0,[\unasked],[\unasked],[\unasked],[\unasked],[\unasked],[\unasked],[\unasked],[\unasked],No,No,Master’s (or similar graduate degree),Woman
wLQj,Freelance,Designer,[\unasked],1-5,EUR - Euro Member Countries,[^not answered],$75 - $99,Similar,Germany,0,[\unasked],[\unasked],[\unasked],[\unasked],[\unasked],[\unasked],[\unasked],[\unasked],No,No,"Doctoral degree (e.g., PhD, EdD, PsyD)",Man
dont,Employee,Teacher,[\unasked],1-5,USD - United States Dollar,"$140,000 - $159,999",$150 - $174,Similar,United States,0,[\unasked],[\unasked],[\unasked],[\unasked],[\unasked],[\unasked],[\unasked],[\unasked],No,No,Master’s (or similar graduate degree),Woman
qfpf,Employee,[\unasked],[\unasked],1-5,USD - United States Dollar,"$60,000 - $79,999",I am not compensated on an hourly or project basis,Similar,United States,0,[\unasked],[\unasked],[\unasked],[\unasked],[\unasked],[\unasked],[\unasked],[\unasked],Yes,No,"Doctoral degree (e.g., PhD, EdD, PsyD)",Man
pPCC,Employee,[\unasked],[\unasked],1-5,EUR - Euro Member Countries,"$40,000 - $59,999",I am not compensated on an hourly or project basis,Somewhat lower,Ireland,0,[\unasked],[\unasked],[\unasked],[\unasked],[\unasked],[\unasked],[\unasked],[\unasked],Yes,No,"Doctoral degree (e.g., PhD, EdD, PsyD)",Woman
knjJ,Hobbyist,Analyst,[\unasked],6-10,USD - United States Dollar,"$20,000 - $39,999",$60 - $74,Somewhat higher,Argentina,0,[\unasked],[\unasked],[\unasked],[\unasked],[\unasked],[\unasked],[\unasked],[\unasked],Yes,Yes,Bachelor’s degree,Woman
xfYu,EmployeeANDFreelance,[\unasked],[\unasked],6-10,USD - United States Dollar,I am not compensated on a yearly basis,$75 - $99,[^not answered],United States,0,[\unasked],[\unasked],[\unasked],[\unasked],[\unasked],[\unasked],[\unasked],[\unasked],No,Yes,Bachelor’s degree,Woman
gEku,Freelance,Developer,[\unasked],1-5,SEK - Sweden Krona,[^not answered],$75 - $99,Somewhat higher,Sweden,0,[\unasked],[\unasked],[\unasked],[\unasked],[\unasked],[\unasked],[\unasked],[\unasked],No,Yes,Some college,Man
IgxV,FreelanceAND,Developer,[\unasked],11-15,GBP - United Kingdom Pound,[^not answered],[^not answered],Somewhat higher,Spain,0,[\unasked],[\unasked],[\unasked],[\unasked],[\unasked],[\unasked],[\unasked],[\unasked],No,No,Bachelor’s degree,Man
KwQy,Employee,[\unasked],[\unasked],11-15,GBP - United Kingdom Pound,"$40,000 - $59,999",[^not answered],[^not answered],United Kingdom,0,[\unasked],[\unasked],[\unasked],[\unasked],[\unasked],[\unasked],[\unasked],[\unasked],No,No,Master’s (or similar graduate degree),Woman
AeVF,Freelance,[\unasked],[\unasked],11-15,[^not answered],I am not compensated on a yearly basis,I am not compensated on an hourly or project basis,[^not answered],India,0,[\unasked],[\unasked],[\unasked],[\unasked],[\unasked],[\unasked],[\unasked],[\unasked],No,No,Master’s (or similar graduate degree),Man
eTuN,Employee,Developer,[\unasked],1-5,USD - United States Dollar,I am not compensated on a yearly basis,$200 - $224,Much higher,United States,0,[\unasked],[\unasked],[\unasked],[\unasked],[\unasked],[\unasked],[\unasked],[\unasked],No,Yes,Master’s (or similar graduate degree),Man
fKCX,Employee,Developer,[\unasked],1-5,USD - United States Dollar,I am not compensated on a yearly basis,$250 - $274,Somewhat higher,United States,0,[\unasked],[\unasked],[\unasked],[\unasked],[\unasked],[\unasked],[\unasked],[\unasked],Yes,No,Bachelor’s degree,Man
Sfvq,EmployeeAND,"Leadership (Manager, Director, VP, etc.)",[\unasked],Less than 1 year,USD - United States Dollar,[^not answered],$150 - $174,Somewhat higher,United States,0,[\unasked],[\unasked],[\unasked],[\unasked],[\unasked],[\unasked],[\unasked],[\unasked],Yes,No,Master’s (or similar graduate degree),Woman
ZiMw,Employee,[\unasked],[\unasked],11-15,[^not answered],[^not answered],[^not answered],[^not answered],[^not answered],0,[\unasked],[\unasked],[\unasked],[\unasked],[\unasked],[\unasked],[\unasked],[\unasked],No,[^not answered],Master’s (or similar graduate degree),Woman
ncqX,EmployeeAND,Teacher,[\unasked],1-5,USD - United States Dollar,[^not answered],$300 or more,Much higher,United States,0,[\unasked],[\unasked],[\unasked],[\unasked],[\unasked],[\unasked],[\unasked],[\unasked],No,Yes,Master’s (or similar graduate degree),Man
yFsW,EmployeeANDFreelanceAND,[\unasked],[\unasked],Less than 1 year,EUR - Euro Member Countries,"$20,000 - $39,999",[^not answered],Similar,Germany,0,[\unasked],[\unasked],[\unasked],[\unasked],[\unasked],[\unasked],[\unasked],[\unasked],No,Yes,Master’s (or similar graduate degree),Man
FgMN,EmployeeANDFreelance,Designer,[\unasked],6-10,NZD - New Zealand Dollar,I am not compensated on a yearly basis,$75 - $99,Similar,New Zealand,0,[\unasked],[\unasked],[\unasked],[\unasked],[\unasked],[\unasked],[\unasked],[\unasked],No,Yes,Master’s (or similar graduate degree),Woman
ynRT,Employee,[\unasked],[\unasked],11-15,NZD - New Zealand Dollar,"$20,000 - $39,999",$30 - $44,Similar,Indonesia,0,[\unasked],[\unasked],[\unasked],[\unasked],[\unasked],[\unasked],[\unasked],[\unasked],Yes,Yes,"Doctoral degree (e.g., PhD, EdD, PsyD)",Woman
rNXv,Employee,[\unasked],[\unasked],6-10,BRL - Brazil Real,"$20,000 - $39,999",I am not compensated on an hourly or project basis,Somewhat higher,Brazil,0,[\unasked],[\unasked],[\unasked],[\unasked],[\unasked],[\unasked],[\unasked],[\unasked],No,No,Bachelor’s degree,Man
JzMx,Employee,[\unasked],[\unasked],6-10,INR - India Rupee,"$20,000 - $39,999",I am not compensated on an hourly or project basis,Similar,India,0,[\unasked],[\unasked],[\unasked],[\unasked],[\unasked],[\unasked],[\unasked],[\unasked],No,No,Bachelor’s degree,Man
eAZO,Freelance,Designer,[\unasked],1-5,USD - United States Dollar,[^not answered],$125 - $149,Much higher,United States,0,[\unasked],[\unasked],[\unasked],[\unasked],[\unasked],[\unasked],[\unasked],[\unasked],Yes,No,Master’s (or similar graduate degree),Woman
GdhV,EmployeeANDFreelance,[\unasked],[\unasked],16-20,CAD - Canada Dollar,"$100,000 - $119,999",I am not compensated on an hourly or project basis,Somewhat higher,Canada,0,[\unasked],[\unasked],[\unasked],[\unasked],[\unasked],[\unasked],[\unasked],[\unasked],No,No,"Doctoral degree (e.g., PhD, EdD, PsyD)",Man
giYk,Employee,Developer,[\unasked],6-10,USD - United States Dollar,I am not compensated on a yearly basis,$150 - $174,Much higher,United States,0,[\unasked],[\unasked],[\unasked],[\unasked],[\unasked],[\unasked],[\unasked],[\unasked],Yes,No,Master’s (or similar graduate degree),Woman
Mbpb,Freelance,[\unasked],[\unasked],6-10,USD - United States Dollar,I am not compensated on a yearly basis,I am not compensated on an hourly or project basis,[^not answered],United States,0,[\unasked],[\unasked],[\unasked],[\unasked],[\unasked],[\unasked],[\unasked],[\unasked],No,Yes,Bachelor’s degree,Woman
TCEP,EmployeeAND,Analyst,[\unasked],1-5,GBP - United Kingdom Pound,I am not compensated on a yearly basis,$75 - $99,Somewhat higher,United Kingdom,0,[\unasked],[\unasked],[\unasked],[\unasked],[\unasked],[\unasked],[\unasked],[\unasked],No,Yes,Bachelor’s degree,Man
yDpf,Employee,Analyst,[\unasked],1-5,USD - United States Dollar,"Less than $10,000",Less than $15,Similar,Colombia,0,[\unasked],[\unasked],[\unasked],[\unasked],[\unasked],[\unasked],[\unasked],[\unasked],No,Yes,Master’s (or similar graduate degree),Man
pODv,Employee,Designer,[\unasked],6-10,USD - United States Dollar,I am not compensated on a yearly basis,$150 - $174,Similar,United States,0,[\unasked],[\unasked],[\unasked],[\unasked],[\unasked],[\unasked],[\unasked],[\unasked],Yes,Yes,Master’s (or similar graduate degree),Man
YlgM,Employee,[\unasked],[\unasked],6-10,USD - United States Dollar,I am not compensated on a yearly basis,I am not compensated on an hourly or project basis,[^not answered],United States,0,[\unasked],[\unasked],[\unasked],[\unasked],[\unasked],[\unasked],[\unasked],[\unasked],No,No,Master’s (or similar graduate degree),Woman
xKNF,EmployeeAND,Designer,[\unasked],1-5,USD - United States Dollar,"$80,000 - $99,999",$250 - $274,Similar,Canada,0,[\unasked],[\unasked],[\unasked],[\unasked],[\unasked],[\unasked],[\unasked],[\unasked],Yes,Yes,[^not answered],Man
hIYl,EmployeeAND,None of these describes my role,[\unasked],6-10,USD - United States Dollar,"$100,000 - $119,999",I am not compensated on an hourly or project basis,Similar,United States,0,[\unasked],[\unasked],[\unasked],[\unasked],[\unasked],[\unasked],[\unasked],[\unasked],No,No,Master’s (or similar graduate degree),Man
AkPr,Employee,[\unasked],[\unasked],1-5,USD - United States Dollar,"$60,000 - $79,999",I am not compensated on an hourly or project basis,Somewhat lower,United States,0,[\unasked],[\unasked],[\unasked],[\unasked],[\unasked],[\unasked],[\unasked],[\unasked],No,No,Master’s (or similar graduate degree),Woman
orBZ,Employee,Designer,[\unasked],1-5,USD - United States Dollar,[^not answered],$75 - $99,Similar,United States,0,[\unasked],[\unasked],[\unasked],[\unasked],[\unasked],[\unasked],[\unasked],[\unasked],No,Yes,Bachelor’s degree,Man
CXgr,Student,[\unasked],[\unasked],6-10,GBP - United Kingdom Pound,I am not compensated on a yearly basis,Less than $15,Much lower,United Kingdom,0,[\unasked],[\unasked],[\unasked],[\unasked],[\unasked],[\unasked],[\unasked],[\unasked],Yes,Yes,"Doctoral degree (e.g., PhD, EdD, PsyD)",Woman
GlKD,EmployeeAND,Developer,[\unasked],1-5,EUR - Euro Member Countries,[^not answered],$100 - $124,Somewhat higher,Netherlands,0,[\unasked],[\unasked],[\unasked],[\unasked],[\unasked],[\unasked],[\unasked],[\unasked],No,No,Master’s (or similar graduate degree),Man
JSay,Hobbyist,[\unasked],[\unasked],6-10,NOK - Norway Krone,"Less than $10,000",[^not answered],Similar,Norway,0,[\unasked],[\unasked],[\unasked],[\unasked],[\unasked],[\unasked],[\unasked],[\unasked],No,Yes,Master’s (or similar graduate degree),Man
vBZH,Employee,[\unasked],[\unasked],1-5,[not paid for DV],"$40,000 - $59,999",[^not answered],Similar,Germany,0,[\unasked],[\unasked],[\unasked],[\unasked],[\unasked],[\unasked],[\unasked],[\unasked],No,Yes,"Doctoral degree (e.g., PhD, EdD, PsyD)",Woman
Kihr,FreelanceAND,[\unasked],[\unasked],6-10,USD - United States Dollar,"$20,000 - $39,999",I am not compensated on an hourly or project basis,Somewhat higher,United States,0,[\unasked],[\unasked],[\unasked],[\unasked],[\unasked],[\unasked],[\unasked],[\unasked],No,Yes,Bachelor’s degree,Woman
zlkq,Academic,Developer,[\unasked],1-5,USD - United States Dollar,I am not compensated on a yearly basis,$100 - $124,Somewhat higher,Australia,0,[\unasked],[\unasked],[\unasked],[\unasked],[\unasked],[\unasked],[\unasked],[\unasked],No,Yes,Master’s (or similar graduate degree),Man
dARE,EmployeeANDFreelanceAND,[\unasked],[\unasked],16-20,USD - United States Dollar,"$80,000 - $99,999",I am not compensated on an hourly or project basis,Somewhat lower,United States,0,[\unasked],[\unasked],[\unasked],[\unasked],[\unasked],[\unasked],[\unasked],[\unasked],No,No,Master’s (or similar graduate degree),Man
kRFA,Hobbyist,Designer,[\unasked],1-5,EUR - Euro Member Countries,I am not compensated on a yearly basis,$45 - $59,Similar,Italy,0,[\unasked],[\unasked],[\unasked],[\unasked],[\unasked],[\unasked],[\unasked],[\unasked],Yes,Yes,Master’s (or similar graduate degree),Woman
fqnH,Employee,Designer,[\unasked],6-10,EUR - Euro Member Countries,"$10,000 - $19,999",$75 - $99,Similar,Netherlands,0,[\unasked],[\unasked],[\unasked],[\unasked],[\unasked],[\unasked],[\unasked],[\unasked],No,Yes,Bachelor’s degree,Woman
VqhA,Employee,Designer,[\unasked],6-10,EUR - Euro Member Countries,[^not answered],$30 - $44,Somewhat lower,Italy,0,[\unasked],[\unasked],[\unasked],[\unasked],[\unasked],[\unasked],[\unasked],[\unasked],No,No,Master’s (or similar graduate degree),Woman
HKkI,Employee,Scientist,[\unasked],11-15,USD - United States Dollar,[^not answered],$60 - $74,[^not answered],United States,0,[\unasked],[\unasked],[\unasked],[\unasked],[\unasked],[\unasked],[\unasked],[\unasked],No,No,Master’s (or similar graduate degree),Woman
fiJv,EmployeeAND,[\unasked],[\unasked],6-10,[^not answered],[^not answered],[^not answered],[^not answered],Germany,0,[\unasked],[\unasked],[\unasked],[\unasked],[\unasked],[\unasked],[\unasked],[\unasked],No,No,"Doctoral degree (e.g., PhD, EdD, PsyD)",Woman
tnbw,Employee,[\unasked],[\unasked],1-5,USD - United States Dollar,"$120,000 - $139,999",I am not compensated on an hourly or project basis,Much lower,United States,0,[\unasked],[\unasked],[\unasked],[\unasked],[\unasked],[\unasked],[\unasked],[\unasked],No,Yes,Master’s (or similar graduate degree),Woman
mwkc,Employee,[\unasked],[\unasked],16-20,USD - United States Dollar,"$80,000 - $99,999",[^not answered],Similar,United States,0,[\unasked],[\unasked],[\unasked],[\unasked],[\unasked],[\unasked],[\unasked],[\unasked],Yes,No,"Doctoral degree (e.g., PhD, EdD, PsyD)",Woman
YSpM,Academic,Analyst,[\unasked],1-5,GBP - United Kingdom Pound,"$140,000 - $159,999",$100 - $124,Somewhat higher,United Kingdom,0,[\unasked],[\unasked],[\unasked],[\unasked],[\unasked],[\unasked],[\unasked],[\unasked],No,Yes,Bachelor’s degree,Man
uLeI,EmployeeAND,Analyst,[\unasked],1-5,RUB - Russia Ruble,"Less than $10,000",$15 - $29,Somewhat lower,Russia,0,[\unasked],[\unasked],[\unasked],[\unasked],[\unasked],[\unasked],[\unasked],[\unasked],No,Yes,High school diploma,Woman
zehm,Hobbyist,[\unasked],[\unasked],1-5,INR - India Rupee,[^not answered],[^not answered],[^not answered],[^not answered],0,[\unasked],[\unasked],[\unasked],[\unasked],[\unasked],[\unasked],[\unasked],[\unasked],No,No,"Doctoral degree (e.g., PhD, EdD, PsyD)",Woman
nwAE,Employee,None of these describes my role,[\unasked],6-10,RUB - Russia Ruble,"Less than $10,000",$15 - $29,Somewhat higher,Russia,0,[\unasked],[\unasked],[\unasked],[\unasked],[\unasked],[\unasked],[\unasked],[\unasked],No,Yes,Master’s (or similar graduate degree),Woman
zwjO,Employee,[\unasked],[\unasked],Less than 1 year,INR - India Rupee,"$10,000 - $19,999",I am not compensated on an hourly or project basis,Somewhat lower,India,0,[\unasked],[\unasked],[\unasked],[\unasked],[\unasked],[\unasked],[\unasked],[\unasked],No,Yes,"Doctoral degree (e.g., PhD, EdD, PsyD)",Woman
lkCa,Employee,Designer,[\unasked],1-5,USD - United States Dollar,I am not compensated on a yearly basis,$30 - $44,Similar,United States,0,[\unasked],[\unasked],[\unasked],[\unasked],[\unasked],[\unasked],[\unasked],[\unasked],No,Yes,Bachelor’s degree,Man
FnBR,Employee,Engineer,[\unasked],6-10,COP - Colombia Peso,"$40,000 - $59,999",[^not answered],Somewhat higher,Colombia,0,[\unasked],[\unasked],[\unasked],[\unasked],[\unasked],[\unasked],[\unasked],[\unasked],Yes,Yes,Bachelor’s degree,Man
KXzK,Employee,[\unasked],[\unasked],6-10,CAD - Canada Dollar,"$120,000 - $139,999",[^not answered],Similar,Canada,0,[\unasked],[\unasked],[\unasked],[\unasked],[\unasked],[\unasked],[\unasked],[\unasked],No,Yes,"Doctoral degree (e.g., PhD, EdD, PsyD)",Man
TOwW,Hobbyist,[\unasked],[\unasked],1-5,[^not answered],"$60,000 - $79,999",[^not answered],Similar,United States,0,[\unasked],[\unasked],[\unasked],[\unasked],[\unasked],[\unasked],[\unasked],[\unasked],No,No,Master’s (or similar graduate degree),Woman
bHTD,Academic,[\unasked],[\unasked],11-15,EUR - Euro Member Countries,[^not answered],[^not answered],[^not answered],Germany,0,[\unasked],[\unasked],[\unasked],[\unasked],[\unasked],[\unasked],[\unasked],[\unasked],Yes,Yes,Master’s (or similar graduate degree),Man
WOmZ,Academic,Designer,[\unasked],1-5,BRL - Brazil Real,"$80,000 - $99,999",[^not answered],Similar,Brazil,0,[\unasked],[\unasked],[\unasked],[\unasked],[\unasked],[\unasked],[\unasked],[\unasked],No,No,Bachelor’s degree,Woman
RdOd,Employee,[\unasked],[\unasked],6-10,USD - United States Dollar,"$10,000 - $19,999",I am not compensated on an hourly or project basis,Somewhat lower,Ecuador,0,[\unasked],[\unasked],[\unasked],[\unasked],[\unasked],[\unasked],[\unasked],[\unasked],Yes,Yes,Bachelor’s degree,Man
stqN,Employee,[\unasked],[\unasked],6-10,USD - United States Dollar,"$20,000 - $39,999",Less than $15,Somewhat higher,Ecuador,0,[\unasked],[\unasked],[\unasked],[\unasked],[\unasked],[\unasked],[\unasked],[\unasked],Yes,Yes,Master’s (or similar graduate degree),Man
brvQ,Employee,[\unasked],[\unasked],16-20,USD - United States Dollar,"$80,000 - $99,999",I am not compensated on an hourly or project basis,Somewhat lower,United States,0,[\unasked],[\unasked],[\unasked],[\unasked],[\unasked],[\unasked],[\unasked],[\unasked],No,Yes,Master’s (or similar graduate degree),Man
APVo,Employee,[\unasked],[\unasked],1-5,[\unfinished],[\unfinished],[\unfinished],[\unfinished],[\unfinished],0,[\unasked],[\unasked],[\unasked],[\unasked],[\unasked],[\unasked],[\unasked],[\unasked],[\unfinished],[\unfinished],[\unfinished],[\unfinished]
lPbt,Employee,Designer,[\unasked],1-5,INR - India Rupee,[^not answered],$30 - $44,Similar,United Kingdom,0,[\unasked],[\unasked],[\unasked],[\unasked],[\unasked],[\unasked],[\unasked],[\unasked],Yes,Yes,[\unfinished],[\unfinished]
LWKl,Employee,[\unasked],[\unasked],1-5,[\unfinished],[\unfinished],[\unfinished],[\unfinished],[\unfinished],0,[\unasked],[\unasked],[\unasked],[\unasked],[\unasked],[\unasked],[\unasked],[\unasked],[\unfinished],[\unfinished],[\unfinished],[\unfinished]
MfEf,Employee,[\unasked],[\unasked],1-5,[^not answered],I am not compensated on a yearly basis,I am not compensated on an hourly or project basis,[^not answered],[^not answered],0,[\unasked],[\unasked],[\unasked],[\unasked],[\unasked],[\unasked],[\unasked],[\unasked],[\unfinished],[\unfinished],[\unfinished],[\unfinished]
cQGC,EmployeeANDFreelanceAND,[\unasked],[\unasked],1-5,[\unfinished],[\unfinished],[\unfinished],[\unfinished],[\unfinished],0,[\unasked],[\unasked],[\unasked],[\unasked],[\unasked],[\unasked],[\unasked],[\unasked],[\unfinished],[\unfinished],[\unfinished],[\unfinished]
MHbm,Employee,[\unasked],[\unasked],11-15,[\unfinished],[\unfinished],[\unfinished],[\unfinished],[\unfinished],0,[\unasked],[\unasked],[\unasked],[\unasked],[\unasked],[\unasked],[\unasked],[\unasked],[\unfinished],[\unfinished],[\unfinished],[\unfinished]
aMNl,Employee,[\unfinished],[\unasked],6-10,USD - United States Dollar,I am not compensated on a yearly basis,$15 - $29,Somewhat higher,Argentina,0,[\unasked],[\unasked],[\unasked],[\unasked],[\unasked],[\unasked],[\unasked],[\unasked],[\unfinished],[\unfinished],[\unfinished],[\unfinished]
ezeX,Employee,[\unasked],[\unasked],1-5,COP - Colombia Peso,"$40,000 - $59,999",[^not answered],Somewhat higher,Colombia,0,[\unasked],[\unasked],[\unasked],[\unasked],[\unasked],[\unasked],[\unasked],[\unasked],No,Yes,[\unfinished],[\unfinished]
WOje,Employee,[\unfinished],[\unasked],6-10,INR - India Rupee,[^not answered],[^not answered],Somewhat lower,India,0,[\unasked],[\unasked],[\unasked],[\unasked],[\unasked],[\unasked],[\unasked],[\unasked],[\unfinished],[\unfinished],[\unfinished],[\unfinished]
CwSi,Employee,[\unasked],[\unasked],11-15,USD - United States Dollar,I am not compensated on a yearly basis,$300 or more,Much higher,United States,0,[\unasked],[\unasked],[\unasked],[\unasked],[\unasked],[\unasked],[\unasked],[\unasked],[\unfinished],[\unfinished],[\unfinished],[\unfinished]
mfTj,Employee,[\unfinished],[\unasked],1-5,[\unfinished],[\unfinished],[\unfinished],[\unfinished],[\unfinished],0,[\unasked],[\unasked],[\unasked],[\unasked],[\unasked],[\unasked],[\unasked],[\unasked],[\unfinished],[\unfinished],[\unfinished],[\unfinished]
cbWs,Employee,[\unasked],[\unasked],11-15,[\unfinished],[\unfinished],[\unfinished],[\unfinished],[\unfinished],0,[\unasked],[\unasked],[\unasked],[\unasked],[\unasked],[\unasked],[\unasked],[\unasked],[\unfinished],[\unfinished],[\unfinished],[\unfinished]
DQkc,Employee,[\unasked],[\unasked],6-10,USD - United States Dollar,"$60,000 - $79,999",[^not answered],Similar,[^not answered],0,[\unasked],[\unasked],[\unasked],[\unasked],[\unasked],[\unasked],[\unasked],[\unasked],[\unfinished],[\unfinished],[\unfinished],[\unfinished]
tklA,Employee,[\unfinished],[\unasked],6-10,[\unfinished],[\unfinished],[\unfinished],[\unfinished],[\unfinished],0,[\unasked],[\unasked],[\unasked],[\unasked],[\unasked],[\unasked],[\unasked],[\unasked],[\unfinished],[\unfinished],[\unfinished],[\unfinished]
JPPY,Employee,[\unfinished],[\unasked],6-10,USD - United States Dollar,[^not answered],[^not answered],Similar,United States,0,[\unasked],[\unasked],[\unasked],[\unasked],[\unasked],[\unasked],[\unasked],[\unasked],[\unfinished],[\unfinished],[\unfinished],[\unfinished]
Rjxm,Employee,[\unfinished],[\unasked],21-25,[\unfinished],[\unfinished],[\unfinished],[\unfinished],[\unfinished],0,[\unasked],[\unasked],[\unasked],[\unasked],[\unasked],[\unasked],[\unasked],[\unasked],[\unfinished],[\unfinished],[\unfinished],[\unfinished]
BVhM,Employee,Designer,[\unasked],6-10,EUR - Euro Member Countries,"$20,000 - $39,999",$15 - $29,Similar,Italy,0,[\unasked],[\unasked],[\unasked],[\unasked],[\unasked],[\unasked],[\unasked],[\unasked],[\unfinished],[\unfinished],[\unfinished],[\unfinished]
vMjo,Employee,[\unasked],[\unasked],More than 30,USD - United States Dollar,[^not answered],[^not answered],Similar,United States,0,[\unasked],[\unasked],[\unasked],[\unasked],[\unasked],[\unasked],[\unasked],[\unasked],[\unfinished],[\unfinished],[\unfinished],[\unfinished]
qrQl,Employee,[\unasked],[\unasked],6-10,[\unfinished],[\unfinished],[\unfinished],[\unfinished],[\unfinished],0,[\unasked],[\unasked],[\unasked],[\unasked],[\unasked],[\unasked],[\unasked],[\unasked],[\unfinished],[\unfinished],[\unfinished],[\unfinished]
aLNG,Employee,[\unfinished],[\unasked],11-15,USD - United States Dollar,I am not compensated on a yearly basis,$100 - $124,Similar,United States,0,[\unasked],[\unasked],[\unasked],[\unasked],[\unasked],[\unasked],[\unasked],[\unasked],[\unfinished],[\unfinished],[\unfinished],[\unfinished]
mPTw,Employee,[\unfinished],[\unasked],6-10,CAD - Canada Dollar,"$60,000 - $79,999",$45 - $59,Somewhat lower,Canada,0,[\unasked],[\unasked],[\unasked],[\unasked],[\unasked],[\unasked],[\unasked],[\unasked],[\unfinished],[\unfinished],[\unfinished],[\unfinished]
gwGl,Employee,[\unasked],[\unasked],6-10,USD - United States Dollar,[^not answered],[^not answered],[^not answered],[^not answered],0,[\unasked],[\unasked],[\unasked],[\unasked],[\unasked],[\unasked],[\unasked],[\unasked],[\unfinished],[\unfinished],[\unfinished],[\unfinished]
sMJr,Employee,[\unasked],[\unasked],6-10,USD - United States Dollar,"$100,000 - $119,999",I am not compensated on an hourly or project basis,Somewhat lower,United States,0,[\unasked],[\unasked],[\unasked],[\unasked],[\unasked],[\unasked],[\unasked],[\unasked],[\unfinished],[\unfinished],[\unfinished],[\unfinished]
NhNO,Employee,None of these describes my role,[\unasked],11-15,GBP - United Kingdom Pound,"$40,000 - $59,999",[^not answered],Somewhat higher,Italy,0,[\unasked],[\unasked],[\unasked],[\unasked],[\unasked],[\unasked],[\unasked],[\unasked],No,No,[\unfinished],[\unfinished]
PxXM,Employee,Designer,[\unasked],6-10,GBP - United Kingdom Pound,"$80,000 - $99,999",[^not answered],Somewhat higher,United Kingdom,0,[\unasked],[\unasked],[\unasked],[\unasked],[\unasked],[\unasked],[\unasked],[\unasked],[\unfinished],[\unfinished],[\unfinished],[\unfinished]
ypUp,Employee,Engineer,[\unasked],6-10,INR - India Rupee,I am not compensated on a yearly basis,$30 - $44,Similar,India,0,[\unasked],[\unasked],[\unasked],[\unasked],[\unasked],[\unasked],[\unasked],[\unasked],No,Yes,[\unfinished],[\unfinished]
swMM,Employee,[\unasked],[\unasked],1-5,[\unfinished],[\unfinished],[\unfinished],[\unfinished],[\unfinished],0,[\unasked],[\unasked],[\unasked],[\unasked],[\unasked],[\unasked],[\unasked],[\unasked],[\unfinished],[\unfinished],[\unfinished],[\unfinished]
hsgQ,Employee,Designer,[\unasked],1-5,PLN - Poland Zloty,"$20,000 - $39,999",$30 - $44,Similar,Poland,0,[\unasked],[\unasked],[\unasked],[\unasked],[\unasked],[\unasked],[\unasked],[\unasked],No,Yes,[\unfinished],[\unfinished]
ySZE,EmployeeANDFreelance,[^not answered],[\unasked],6-10,[^not answered],[^not answered],[^not answered],[^not answered],[^not answered],0,[\unasked],[\unasked],[\unasked],[\unasked],[\unasked],[\unasked],[\unasked],[\unasked],[\unfinished],[\unfinished],[\unfinished],[\unfinished]
iHCI,Employee,Designer,[\unasked],1-5,USD - United States Dollar,I am not compensated on a yearly basis,$15 - $29,Somewhat lower,United States,0,[\unasked],[\unasked],[\unasked],[\unasked],[\unasked],[\unasked],[\unasked],[\unasked],No,Yes,[\unfinished],[\unfinished]
ErQR,Employee,[\unasked],[\unasked],11-15,AUD - Australia Dollar,"$80,000 - $99,999",I am not compensated on an hourly or project basis,Similar,Australia,0,[\unasked],[\unasked],[\unasked],[\unasked],[\unasked],[\unasked],[\unasked],[\unasked],No,No,[\unfinished],[\unfinished]
uwrx,Employee,Engineer,[\unasked],21-25,EUR - Euro Member Countries,"$40,000 - $59,999",$100 - $124,Somewhat higher,France,0,[\unasked],[\unasked],[\unasked],[\unasked],[\unasked],[\unasked],[\unasked],[\unasked],No,No,[\unfinished],[\unfinished]
WsQu,Freelance,[\unfinished],[\unasked],1-5,[\unfinished],[\unfinished],[\unfinished],[\unfinished],[\unfinished],0,[\unasked],[\unasked],[\unasked],[\unasked],[\unasked],[\unasked],[\unasked],[\unasked],[\unfinished],[\unfinished],[\unfinished],[\unfinished]
oYiD,Employee,Designer,[\unasked],16-20,USD - United States Dollar,[^not answered],$300 or more,Somewhat higher,United States,0,[\unasked],[\unasked],[\unasked],[\unasked],[\unasked],[\unasked],[\unasked],[\unasked],[\unfinished],[\unfinished],[\unfinished],[\unfinished]
cJAG,FreelanceAND,[\unasked],[\unasked],1-5,[\unfinished],[\unfinished],[\unfinished],[\unfinished],[\unfinished],0,[\unasked],[\unasked],[\unasked],[\unasked],[\unasked],[\unasked],[\unasked],[\unasked],[\unfinished],[\unfinished],[\unfinished],[\unfinished]
mlEU,EmployeeAND,[\unasked],[\unasked],16-20,CAD - Canada Dollar,"$60,000 - $79,999",[^not answered],Similar,Canada,0,[\unasked],[\unasked],[\unasked],[\unasked],[\unasked],[\unasked],[\unasked],[\unasked],[\unfinished],[\unfinished],[\unfinished],[\unfinished]
Zmhz,Employee,[\unfinished],[\unasked],1-5,[\unfinished],[\unfinished],[\unfinished],[\unfinished],[\unfinished],0,[\unasked],[\unasked],[\unasked],[\unasked],[\unasked],[\unasked],[\unasked],[\unasked],[\unfinished],[\unfinished],[\unfinished],[\unfinished]
lZiZ,Employee,[\unasked],[\unasked],1-5,[\unfinished],[\unfinished],[\unfinished],[\unfinished],[\unfinished],0,[\unasked],[\unasked],[\unasked],[\unasked],[\unasked],[\unasked],[\unasked],[\unasked],[\unfinished],[\unfinished],[\unfinished],[\unfinished]
PxUC,OtherCombo,[\unasked],[\unasked],Less than 1 year,GBP - United Kingdom Pound,[^not answered],[^not answered],[^not answered],United Kingdom,0,[\unasked],[\unasked],[\unasked],[\unasked],[\unasked],[\unasked],[\unasked],[\unasked],Yes,Yes,[\unfinished],[\unfinished]
JBXd,Employee,[\unfinished],[\unasked],6-10,[\unfinished],[\unfinished],[\unfinished],[\unfinished],[\unfinished],0,[\unasked],[\unasked],[\unasked],[\unasked],[\unasked],[\unasked],[\unasked],[\unasked],[\unfinished],[\unfinished],[\unfinished],[\unfinished]
jcBr,Employee,[\unfinished],[\unasked],1-5,EUR - Euro Member Countries,[\unfinished],[\unfinished],[\unfinished],[\unfinished],0,[\unasked],[\unasked],[\unasked],[\unasked],[\unasked],[\unasked],[\unasked],[\unasked],[\unfinished],[\unfinished],[\unfinished],[\unfinished]
CNhL,Employee,[\unasked],[\unasked],6-10,AUD - Australia Dollar,"$40,000 - $59,999",I am not compensated on an hourly or project basis,Similar,Australia,0,[\unasked],[\unasked],[\unasked],[\unasked],[\unasked],[\unasked],[\unasked],[\unasked],[\unfinished],[\unfinished],[\unfinished],[\unfinished]
qLvI,Employee,[\unasked],[\unasked],6-10,[^not answered],[^not answered],[^not answered],[^not answered],[^not answered],0,[\unasked],[\unasked],[\unasked],[\unasked],[\unasked],[\unasked],[\unasked],[\unasked],[\unfinished],[\unfinished],[\unfinished],[\unfinished]
nxbo,Employee,[\unasked],[\unasked],1-5,[^not answered],[^not answered],I am not compensated on an hourly or project basis,[\unfinished],[\unfinished],0,[\unasked],[\unasked],[\unasked],[\unasked],[\unasked],[\unasked],[\unasked],[\unasked],[\unfinished],[\unfinished],[\unfinished],[\unfinished]
CujD,Employee,[\unasked],[\unasked],1-5,INR - India Rupee,"Less than $10,000",$15 - $29,Similar,India,0,[\unasked],[\unasked],[\unasked],[\unasked],[\unasked],[\unasked],[\unasked],[\unasked],No,Yes,[\unfinished],[\unfinished]
BxSl,Employee,[\unfinished],[\unasked],1-5,[\unfinished],[\unfinished],[\unfinished],[\unfinished],[\unfinished],0,[\unasked],[\unasked],[\unasked],[\unasked],[\unasked],[\unasked],[\unasked],[\unasked],[\unfinished],[\unfinished],[\unfinished],[\unfinished]
bYZt,EmployeeAND,[\unasked],[\unasked],6-10,[\unfinished],[\unfinished],[\unfinished],[\unfinished],[\unfinished],0,[\unasked],[\unasked],[\unasked],[\unasked],[\unasked],[\unasked],[\unasked],[\unasked],[\unfinished],[\unfinished],[\unfinished],[\unfinished]
xhit,Employee,[\unasked],[\unasked],6-10,[\unfinished],[\unfinished],[\unfinished],[\unfinished],[\unfinished],0,[\unasked],[\unasked],[\unasked],[\unasked],[\unasked],[\unasked],[\unasked],[\unasked],[\unfinished],[\unfinished],[\unfinished],[\unfinished]
RECN,EmployeeAND,[\unasked],[\unasked],1-5,[\unfinished],[\unfinished],[\unfinished],[\unfinished],[\unfinished],0,[\unasked],[\unasked],[\unasked],[\unasked],[\unasked],[\unasked],[\unasked],[\unasked],[\unfinished],[\unfinished],[\unfinished],[\unfinished]
EFcP,Student,Analyst,[\unasked],1-5,MVR - Maldives (Maldive Islands) Rufiyaa,I am not compensated on a yearly basis,I am not compensated on an hourly or project basis,Somewhat lower,Maldives,0,[\unasked],[\unasked],[\unasked],[\unasked],[\unasked],[\unasked],[\unasked],[\unasked],[\unfinished],[\unfinished],[\unfinished],[\unfinished]
sMyn,EmployeeAND,[\unasked],[\unasked],1-5,[\unfinished],[\unfinished],[\unfinished],[\unfinished],[\unfinished],0,[\unasked],[\unasked],[\unasked],[\unasked],[\unasked],[\unasked],[\unasked],[\unasked],[\unfinished],[\unfinished],[\unfinished],[\unfinished]
FPGK,Student,[\unfinished],[\unasked],Less than 1 year,EUR - Euro Member Countries,"$10,000 - $19,999",[^not answered],Much lower,Austria,0,[\unasked],[\unasked],[\unasked],[\unasked],[\unasked],[\unasked],[\unasked],[\unasked],[\unfinished],[\unfinished],[\unfinished],[\unfinished]
QCiS,Employee,[\unasked],[\unasked],6-10,[^not answered],[^not answered],[^not answered],Much lower,United States,0,[\unasked],[\unasked],[\unasked],[\unasked],[\unasked],[\unasked],[\unasked],[\unasked],[\unfinished],[\unfinished],[\unfinished],[\unfinished]
jTeg,EmployeeAND,[\unasked],[\unasked],1-5,EUR - Euro Member Countries,I am not compensated on a yearly basis,I am not compensated on an hourly or project basis,Somewhat higher,Turkey,0,[\unasked],[\unasked],[\unasked],[\unasked],[\unasked],[\unasked],[\unasked],[\unasked],[\unfinished],[\unfinished],[\unfinished],[\unfinished]
zHJB,Employee,[\unfinished],[\unasked],11-15,[\unfinished],[\unfinished],[\unfinished],[\unfinished],[\unfinished],0,[\unasked],[\unasked],[\unasked],[\unasked],[\unasked],[\unasked],[\unasked],[\unasked],[\unfinished],[\unfinished],[\unfinished],[\unfinished]
pKrG,Academic,[\unasked],[\unasked],1-5,[^not answered],[^not answered],[^not answered],[^not answered],[^not answered],0,[\unasked],[\unasked],[\unasked],[\unasked],[\unasked],[\unasked],[\unasked],[\unasked],[\unfinished],[\unfinished],[\unfinished],[\unfinished]
rwlk,Employee,[\unasked],[\unasked],1-5,[\unfinished],[\unfinished],[\unfinished],[\unfinished],[\unfinished],0,[\unasked],[\unasked],[\unasked],[\unasked],[\unasked],[\unasked],[\unasked],[\unasked],[\unfinished],[\unfinished],[\unfinished],[\unfinished]
pCAK,EmployeeAND,[\unasked],[\unasked],1-5,[\unfinished],[\unfinished],[\unfinished],[\unfinished],[\unfinished],0,[\unasked],[\unasked],[\unasked],[\unasked],[\unasked],[\unasked],[\unasked],[\unasked],[\unfinished],[\unfinished],[\unfinished],[\unfinished]
VDpH,Hobbyist,Designer,[\unasked],1-5,USD - United States Dollar,[^not answered],$225 - $249,Somewhat lower,Nigeria,0,[\unasked],[\unasked],[\unasked],[\unasked],[\unasked],[\unasked],[\unasked],[\unasked],[\unfinished],[\unfinished],[\unfinished],[\unfinished]
qpOl,Hobbyist,Developer,[\unasked],1-5,USD - United States Dollar,"$40,000 - $59,999",$75 - $99,Much lower,United States,0,[\unasked],[\unasked],[\unasked],[\unasked],[\unasked],[\unasked],[\unasked],[\unasked],No,Yes,[\unfinished],[\unfinished]
CgXP,Employee,[\unasked],[\unasked],Less than 1 year,[\unfinished],[\unfinished],[\unfinished],[\unfinished],[\unfinished],0,[\unasked],[\unasked],[\unasked],[\unasked],[\unasked],[\unasked],[\unasked],[\unasked],[\unfinished],[\unfinished],[\unfinished],[\unfinished]
oVaC,Employee,[\unasked],[\unasked],6-10,RUB - Russia Ruble,"Less than $10,000",I am not compensated on an hourly or project basis,Somewhat higher,Russia,0,[\unasked],[\unasked],[\unasked],[\unasked],[\unasked],[\unasked],[\unasked],[\unasked],[\unfinished],[\unfinished],[\unfinished],[\unfinished]
DGkD,Employee,[\unasked],[\unasked],1-5,[\unfinished],[\unfinished],[\unfinished],[\unfinished],[\unfinished],0,[\unasked],[\unasked],[\unasked],[\unasked],[\unasked],[\unasked],[\unasked],[\unasked],[\unfinished],[\unfinished],[\unfinished],[\unfinished]
nHvw,Employee,[\unasked],[\unasked],1-5,[\unfinished],[\unfinished],[\unfinished],[\unfinished],[\unfinished],0,[\unasked],[\unasked],[\unasked],[\unasked],[\unasked],[\unasked],[\unasked],[\unasked],[\unfinished],[\unfinished],[\unfinished],[\unfinished]
Yelx,FreelanceAND,[\unfinished],[\unasked],11-15,[\unfinished],[\unfinished],[\unfinished],[\unfinished],[\unfinished],0,[\unasked],[\unasked],[\unasked],[\unasked],[\unasked],[\unasked],[\unasked],[\unasked],[\unfinished],[\unfinished],[\unfinished],[\unfinished]
sueT,FreelanceAND,[\unasked],[\unasked],6-10,[\unfinished],[\unfinished],[\unfinished],[\unfinished],[\unfinished],0,[\unasked],[\unasked],[\unasked],[\unasked],[\unasked],[\unasked],[\unasked],[\unasked],[\unfinished],[\unfinished],[\unfinished],[\unfinished]
STnU,Employee,[\unasked],[\unasked],1-5,[\unfinished],[\unfinished],[\unfinished],[\unfinished],[\unfinished],0,[\unasked],[\unasked],[\unasked],[\unasked],[\unasked],[\unasked],[\unasked],[\unasked],[\unfinished],[\unfinished],[\unfinished],[\unfinished]
BhBY,Employee,[\unasked],[\unasked],1-5,[\unfinished],[\unfinished],[\unfinished],[\unfinished],[\unfinished],0,[\unasked],[\unasked],[\unasked],[\unasked],[\unasked],[\unasked],[\unasked],[\unasked],[\unfinished],[\unfinished],[\unfinished],[\unfinished]
gLuL,EmployeeAND,Developer,[\unasked],Less than 1 year,USD - United States Dollar,"$60,000 - $79,999",[^not answered],[^not answered],United States,0,[\unasked],[\unasked],[\unasked],[\unasked],[\unasked],[\unasked],[\unasked],[\unasked],No,[\unfinished],[\unfinished],[\unfinished]
NxPh,Freelance,Analyst,[\unasked],11-15,USD - United States Dollar,I am not compensated on a yearly basis,$125 - $149,Similar,United States,0,[\unasked],[\unasked],[\unasked],[\unasked],[\unasked],[\unasked],[\unasked],[\unasked],Yes,Yes,[\unfinished],[\unfinished]
Paqr,Employee,Developer,[\unasked],6-10,EUR - Euro Member Countries,I am not compensated on a yearly basis,[^not answered],[^not answered],[^not answered],0,[\unasked],[\unasked],[\unasked],[\unasked],[\unasked],[\unasked],[\unasked],[\unasked],[\unfinished],[\unfinished],[\unfinished],[\unfinished]
GKcd,Employee,[\unasked],[\unasked],1-5,[\unfinished],[\unfinished],[\unfinished],[\unfinished],[\unfinished],0,[\unasked],[\unasked],[\unasked],[\unasked],[\unasked],[\unasked],[\unasked],[\unasked],[\unfinished],[\unfinished],[\unfinished],[\unfinished]
XbXt,Employee,[\unfinished],[\unasked],1-5,USD - United States Dollar,"$140,000 - $159,999",[^not answered],Similar,United States,0,[\unasked],[\unasked],[\unasked],[\unasked],[\unasked],[\unasked],[\unasked],[\unasked],[\unfinished],[\unfinished],[\unfinished],[\unfinished]
uxhA,Employee,[\unasked],[\unasked],1-5,[\unfinished],[\unfinished],[\unfinished],[\unfinished],[\unfinished],0,[\unasked],[\unasked],[\unasked],[\unasked],[\unasked],[\unasked],[\unasked],[\unasked],[\unfinished],[\unfinished],[\unfinished],[\unfinished]
,,,,,,,,,,,,,,,,,,,,,,
,,,,,,,,,,,,,,,,,,,,,,
,,,,,,,,,,,,,,,,,,,,,,
,,,,,,,,,,,,,,,,,,,,,,
,,#REF!,,,,,,,,,,,,,,,,,,,,
,,#REF!,,,,,,,,,,,,,,,,,,,,
,,#REF!,,,,,,,,,,,,,,,,,,,,
,,,,,,,,,,,,,,,,,,,,,,
,,,,,,,,,,,,,,,,,,,,,,
,,,,,,,,,,,,,,,,,,,,,,
,,0,,,,,,,,,,,,,,,,,,,,
,,0,,,,,,,,,,,,,,,,,,,,
,,0,,,,,,,,,,,,,,,,,,,,
,,0,,,,,,,,,,,,,,,,,,,,
,,0,,,,,,,,,,,,,,,,,,,,
,,0,,,,,,,,,,,,,,,,,,,,
,,0,,,,,,,,,,,,,,,,,,,,
,,0,,,,,,,,,,,,,,,,,,,,
,,0,,,,,,,,,,,,,,,,,,,,
,,,,,,,,,,,,,,,,,,,,,,
,,,,,,,,,,,,,,,,,,,,,,
,,,,,,,,,,,,,,,,,,,,,,
,,,,,,,,,,,,,,,,,,,,,,
,,,,,,,,,,,,,,,,,,,,,,
,,,,,,,,,,,,,,,,,,,,,,
,,,,,,,,,,,,,,,,,,,,,,
,,,,,,,,,,,,,,,,,,,,,,
,,,,,,,,,,,,,,,,,,,,,,
,,,,,,,,,,,,,,,,,,,,,,
,,,,,,,,,,,,,,,,,,,,,,
,,,,,,,,,,,,,,,,,,,,,,
,,,,,,,,,,,,,,,,,,,,,,
,,,,,,,,,,,,,,,,,,,,,,
,,,,,,,,,,,,,,,,,,,,,,
,,,,,,,,,,,,,,,,,,,,,,
,,,,,,,,,,,,,,,,,,,,,,
,,,,,,,,,,,,,,,,,,,,,,
,,,,,,,,,,,,,,,,,,,,,,
,,,,,,,,,,,,,,,,,,,,#DIV/0!,,
,,,,,,,,,,,,,,,,,,,,#DIV/0!,,
,,,,,,,,,,,,,,,,,,,,#DIV/0!,,
,,,,,,,,,,,,,,,,,,,,#REF!,,